presion_sistolica,presion_diastolica,cadera_cm,cintura_cm,relacion_cintura_cadera,hirsutismo,perdida_cabello,acne,oscurecimiento_piel,ganancia_peso,embarazada,fsh,lh,tsh,amh,prolactina,progesterona,glucosa_basal,testosterona_total,androstenediona,insulina_basal,dhea_s,colesterol_total,ldl,hdl,trigliceridos,tiene_sop
-0.8130941863973514,0.6280320030710668,-0.5446229350012067,-1.1209928338622634,-1.3370181510382313,-0.6136695615629019,-0.9097816785925635,-0.9798698523458265,-0.6653319973266479,-0.77803678980547,-0.7841717752726938,1.3379957234501112,0.5056898214344049,-1.2194668214807127,-0.7351295931009082,1.8577151652932908,1.2220621778749143,-0.5254243718674659,-0.40557843647737857,-1.3931768385302161,-0.8949380340626295,-1.0615683647602474,0.1756207928685526,-0.19498832675159933,1.27842045548553,-0.38846852029341633,0
0.8820270268626367,-1.4692847479255242,-0.009903292284735086,-0.5317452075923682,-1.1200634960557228,-0.6136695615629019,-0.9097816785925635,-0.9798698523458265,-0.6653319973266479,-0.77803678980547,1.2752307995939438,0.7859277518194755,-0.7788918108815265,0.3212681929405913,-0.8665852155563205,-0.28937012680211255,2.355556304702098,-0.5254243718674659,-0.7805569449340535,-0.4176909490943462,-0.5847952341627695,0.3395060198185511,-0.9079562862631626,-0.877955673962992,0.5076341666699906,-1.0312241643462436,0
0.8820270268626367,0.6280320030710668,0.5248163504317366,0.6351961699225247,0.1816644338393275,-0.6136695615629019,1.0991648035240769,1.0205436952733893,-0.6653319973266479,-0.77803678980547,1.2752307995939438,0.24743522211418315,-0.8830470783666021,-0.06391556066473482,0.3749401076336862,-1.108979470454008,-0.10034763675679959,-1.1347263067697735,1.534688648398772,1.8953168299803966,0.7496349706695224,1.7306172087736784,0.6083119814638103,0.6841132329922957,-0.6699559967981953,0.7989121351324167,1
0.8820270268626367,-1.4692847479255242,1.0595359931482098,0.6351961699225247,-0.686154186090706,-0.6136695615629019,-0.9097816785925635,-0.9798698523458265,-0.6653319973266479,-0.77803678980547,-0.7841717752726938,1.3877723438430374,-0.14900043132892704,2.5236494937968508,-0.9420504802992427,1.1502989501872665,-0.10034763675679959,-1.744028241672081,0.128519241686241,-1.8356652832227756,-1.3438289286545322,-0.9743904030531221,-1.9471547819492097,-1.6694973173977343,0.07941956177246848,-1.4090271001635535,0
0.8820270268626367,0.6280320030710668,-0.27202076420457444,-1.1209928338622634,-1.7709274610032455,-0.6136695615629019,1.0991648035240769,-0.9798698523458265,-0.6653319973266479,-0.77803678980547,1.2752307995939438,-0.45848775800367897,-0.8731275290823092,0.5759864816150808,-0.6888766889036334,0.567065968967893,0.025596155112887577,-1.1347263067697735,-0.8033763607447393,-1.1819891717451307,-1.0071607577106052,0.038119352202489375,0.32724761964124965,-0.10042361713771408,1.7173404255054905,-1.0557568225161988,0
-0.8130941863973514,-1.4692847479255242,1.5942556358646813,1.22444379619242,-0.686154186090706,-0.6136695615629019,1.0991648035240769,-0.9798698523458265,-0.6653319973266479,1.2852862655119774,1.2752307995939438,-0.7933486588288186,-0.7888113601658194,-0.6479038322599064,0.40171810480052955,-0.6242366402481847,-0.47817901236586074,-1.744028241672081,-0.6152703655485454,-0.1260508378197046,-1.366273473384127,-0.45132263281037066,0.04618325781868904,0.29884960123202287,-0.3166789477577398,-1.0655698857841804,0
0.8820270268626367,0.6280320030710668,0.2626988785118972,-0.24289833196987018,-0.9031088410732144,-0.6136695615629019,-0.9097816785925635,-0.9798698523458265,-0.6653319973266479,-0.77803678980547,-0.7841717752726938,-0.9698294038582842,-1.1657542329689499,-0.7038176029445506,-0.49656198197812257,0.25189748572453097,0.5293713225916359,-0.44926163000467745,0.23644891106110633,-0.7897835048585439,-0.8561701840751469,-0.1673715575357344,0.3605315572255005,-0.13194518700900934,1.695929695260614,-0.5601971274831029,0
0.8820270268626367,0.6280320030710668,1.5942556358646813,1.22444379619242,-0.686154186090706,-0.6136695615629019,-0.9097816785925635,-0.9798698523458265,-0.6653319973266479,1.2852862655119774,1.2752307995939438,-0.06027479486026944,0.2031435682634711,2.5236494937968508,-0.8641508521775166,-1.6699451131833614,-0.7300665961052347,-0.6015871137302543,-0.27729631516325304,-0.5182565047062914,-0.9153421656349886,-0.4376232388278225,0.7488441623750911,0.5685341434642139,0.8073843900982559,-0.8742151520585301,0
0.8820270268626367,0.6280320030710668,0.2626988785118972,0.3463492943000267,0.1816644338393275,-0.6136695615629019,-0.9097816785925635,-0.9798698523458265,-0.6653319973266479,-0.77803678980547,-0.7841717752726938,-0.5580409987895314,0.17834469505273892,-0.7038176029445506,-0.9956064746329292,-0.3827216612410431,-0.47817901236586074,1.3024814328394567,-0.9865484281980821,-1.131706393939158,-0.07877277116826106,-1.2072801007564424,0.1090529177000509,0.42843827736956924,-0.8198311085123287,-0.3982815835613986,0
-0.8130941863973514,0.6280320030710668,0.5248163504317366,1.22444379619242,1.266437708751867,-0.6136695615629019,-0.9097816785925635,-0.9798698523458265,-0.6653319973266479,-0.77803678980547,-0.7841717752726938,-0.9924551404005234,-0.5705812759113755,2.489479967267346,-0.8471103085258891,-1.0044942667700671,-0.7930384920400783,1.9879461096045528,-0.39941102679881474,-0.6791613936854041,0.22116796294541904,-1.067795362025042,-0.0943489230925918,-0.30006022632258283,0.6896253737514371,-0.10388968552193588,0
-0.8130941863973514,0.6280320030710668,0.2626988785118972,0.3463492943000267,0.1816644338393275,-0.6136695615629019,-0.9097816785925635,-0.9798698523458265,-0.6653319973266479,-0.77803678980547,1.2752307995939438,-0.046699352934926226,-0.3176327691619064,-0.6727543970086373,-0.1508823821879638,-0.8563308222018561,-0.10034763675679959,0.6931794979371492,-0.8379138549446962,-0.6791613936854041,-0.2542483026905505,-0.007960427556990968,-1.0447902518873036,-0.4331512991124951,-1.419331555368859,-0.6632342917969153,0
0.8820270268626367,0.6280320030710668,0.2626988785118972,-0.24289833196987018,-0.9031088410732144,-0.6136695615629019,-0.9097816785925635,-0.9798698523458265,-0.6653319973266479,-0.77803678980547,-0.7841717752726938,-0.40871113761075284,-0.5904203744799613,0.8307047702895707,-0.8325041282530655,-0.20287008112934185,-0.7930384920400783,0.08387756303484165,-0.9563281207731199,-0.025485282207759166,-0.5929568867917133,-0.8921940391578327,-0.8894652098274678,-1.1371330262380848,0.9144380413226364,-0.025385179378079437,0
0.8820270268626367,0.6280320030710668,1.8563731077845207,1.8136914224623153,-0.03529022114318089,1.6295414709068945,1.0991648035240769,1.0205436952733893,1.5030090301053793,1.2852862655119774,1.2752307995939438,-1.3544669250763501,-0.5705812759113755,2.402502990646788,0.6938417102570018,-0.08896408039193127,-0.47817901236586074,1.9879461096045528,1.3644681412704132,1.2516972740639467,2.1432371570616566,0.9547333495802636,1.4958836503771602,1.174448764323552,0.06871419665003027,1.5397984118650643,1
-0.8130941863973514,-1.4692847479255242,0.2626988785118972,-0.24289833196987018,-0.9031088410732144,-0.6136695615629019,-0.9097816785925635,-0.9798698523458265,-0.6653319973266479,-0.77803678980547,-0.7841717752726938,-0.06932508947716531,-0.9673632472830918,-0.7224555265060987,-0.6596643283579862,-0.672197061611305,0.15153994698257475,-0.6015871137302543,-1.7303380354328683,-0.48808683802270797,-0.9030996866915731,-1.2097708996623604,1.0964763993661535,1.1989655408901154,-0.12398237555385516,-0.8153367724506374,0
0.8820270268626367,0.6280320030710668,-0.009903292284735086,-1.1209928338622634,-2.2048367709682624,-0.6136695615629019,1.0991648035240769,1.0205436952733893,-0.6653319973266479,-0.77803678980547,-0.7841717752726938,1.1117383580277194,0.5205691453608442,-0.7038176029445506,-1.0248188351785765,-0.33133549549484265,-0.7300665961052347,1.3024814328394567,-1.6883996496186349,-1.021084282766018,-0.06244946591037368,-0.4998932114757691,-0.45307580594507035,-0.6257831149926315,0.48622343642511423,0.2837263135633569,0
0.8820270268626367,0.6280320030710668,1.5942556358646813,2.1025382980848133,0.8325283987868527,-0.6136695615629019,-0.9097816785925635,-0.9798698523458265,-0.6653319973266479,1.2852862655119774,-0.7841717752726938,2.043918703567973,-0.0746038116967303,-0.908834762121579,-1.0710717393758513,2.5244506658502406,-0.47817901236586074,1.3024814328394567,-1.0513062298230014,-1.0814236161331854,-0.23180375796095512,0.4104937886372101,-0.18680430527106576,-0.8044053442633038,2.0492067443010695,-0.32959014068552367,0
-0.8130941863973514,-1.4692847479255242,-0.5446229350012067,-1.4098397094847614,-1.7709274610032455,-0.6136695615629019,-0.9097816785925635,-0.9798698523458265,-0.6653319973266479,-0.77803678980547,1.2752307995939438,-1.3454166304594544,-0.9971218951359705,-0.4118234671469648,-0.3188534553254353,-0.27566714926979247,0.5293713225916359,-0.6015871137302543,-1.1715707185549942,-0.8903490604704892,-0.7908769630435976,-1.213507098021237,-1.0669795436101372,-0.8639460873535273,-0.04904481969678847,-0.8987478102284853,0
-0.8130941863973514,0.6280320030710668,0.2626988785118972,-0.5317452075923682,-1.5539728060207396,-0.6136695615629019,-0.9097816785925635,-0.9798698523458265,-0.6653319973266479,-0.77803678980547,-0.7841717752726938,-0.06027479486026944,0.14858604719986018,1.464394171382204,-0.7716450437829672,-0.9376922513000067,-0.7930384920400783,0.08387756303484165,-0.5128913648843875,-0.4780302824615134,-0.5623506894331745,-0.6804761321548142,0.8523941904149823,1.086888848014399,-0.5307862502065009,-0.7417387979407717,0
0.8820270268626367,0.6280320030710668,-0.27202076420457444,-0.24289833196987018,-0.03529022114318089,-0.6136695615629019,-0.9097816785925635,-0.9798698523458265,-0.6653319973266479,-0.77803678980547,-0.7841717752726938,0.47821773484502256,-0.7987309094501123,0.33990611650213914,-0.9956064746329292,-0.9779447478011969,-0.7930384920400783,2.1402715933301297,-1.2301611105013497,-1.021084282766018,0.40684556025388785,0.05929114290279143,0.382720848948334,-0.15646196357557224,1.6531082347708628,-0.13823540695987332,0
0.8820270268626367,0.6280320030710668,1.5942556358646813,2.385608236194863,1.266437708751867,1.6295414709068945,1.0991648035240769,1.0205436952733893,1.5030090301053793,-0.77803678980547,-0.7841717752726938,-1.4042435454692763,-0.9177655008616272,0.1411015985122936,-0.7351295931009082,-0.37158799199603315,-0.47817901236586074,0.08387756303484165,0.20006119395758007,0.9701137183504995,1.027131160053608,0.8874817791204809,2.1911481243592847,1.5141812396030658,0.9893755971797031,1.667368234348831,1
-0.8130941863973514,0.6280320030710668,0.2626988785118972,0.05750241867752872,-0.4691995311081977,-0.6136695615629019,-0.9097816785925635,-0.9798698523458265,-0.6653319973266479,-0.77803678980547,-0.7841717752726938,-0.9834048457836277,-0.674736543396451,-0.48637516139315684,-0.5452492495542012,0.8693879107747047,0.15153994698257475,-0.6015871137302543,0.16490695878976677,0.577908051463913,-0.6154014315213083,-0.40026125523905454,-1.0447902518873036,-0.940998813705582,0.3791697852007337,-1.2176723664379032,0
0.8820270268626367,0.6280320030710668,-0.5446229350012067,-1.4098397094847614,-1.7709274610032455,-0.6136695615629019,-0.9097816785925635,-0.9798698523458265,-0.6653319973266479,-0.77803678980547,1.2752307995939438,-0.8204995426795056,-0.23827637488756306,1.905491695672174,-0.7205234128280845,1.4791704109629489,-0.47817901236586074,-1.1347263067697735,-0.8039931017125957,-0.18639017118687187,-1.13978761293094,-1.2807586684810195,-0.5825133409949339,-0.874453277310626,1.2463043601182162,-0.574916722385076,0
-0.8130941863973514,-1.4692847479255242,-0.5446229350012067,-0.5317452075923682,-0.03529022114318089,-0.6136695615629019,-0.9097816785925635,-0.9798698523458265,-0.6653319973266479,-0.77803678980547,1.2752307995939438,-0.4132362849192006,-0.1787590791818058,-0.8653462738113002,-0.23365073706729755,-0.8640387470637861,-0.7300665961052347,1.3024814328394567,-0.5572967145700465,-0.7998400604197384,0.05793491036654561,-0.3604084727443688,-0.016686402062672835,-0.4331512991124951,1.5246438533016058,-0.5847297856530581,0
-0.8130941863973514,0.6280320030710668,-0.27202076420457444,-0.24289833196987018,-0.03529022114318089,-0.6136695615629019,-0.9097816785925635,1.0205436952733893,-0.6653319973266479,-0.77803678980547,1.2752307995939438,0.6411230379491447,-0.48130533235273937,-1.3623575687859144,-0.6304519678123389,-0.4786425039672838,2.2296125128324107,-0.5254243718674659,-1.4540380818332133,0.034854051159408095,-0.9561504287797071,-0.7738810911267341,0.367927987799778,0.5580269535071156,-0.25244675702311137,-0.8938412785944938,0
0.8820270268626367,-1.4692847479255242,-0.009903292284735086,-0.5317452075923682,-1.1200634960557228,1.6295414709068945,-0.9097816785925635,1.0205436952733893,-0.6653319973266479,-0.77803678980547,1.2752307995939438,0.15693227594522638,-0.8780873037244555,-1.2381047450422609,-0.778948133919379,-1.0284744774516272,2.355556304702098,0.08387756303484165,0.674334998239131,0.5376818292191349,1.3046273494376925,1.4765557203700557,0.19781008459138613,0.37940472423644395,-1.1088759668181556,1.2061542607536726,1
-0.8130941863973514,-1.4692847479255242,0.2626988785118972,-0.5317452075923682,-1.5539728060207396,-0.6136695615629019,-0.9097816785925635,-0.9798698523458265,-0.6653319973266479,-0.77803678980547,1.2752307995939438,1.7316835392850727,0.8578338210268028,-1.1200645624857901,-1.1757493646644204,-0.5240336170430939,2.355556304702098,-0.5254243718674659,-0.695446691369874,-1.8356652832227756,-0.9581908419369429,-0.09887458762299314,-1.0373938213130263,-1.3542816186847837,1.4282955671996627,-0.6975800132348521,0
0.8820270268626367,0.6280320030710668,1.8563731077845207,1.22444379619242,-1.1200634960557228,1.6295414709068945,1.0991648035240769,1.0205436952733893,1.5030090301053793,1.2852862655119774,-0.7841717752726938,0.5370446498548443,0.05931010364122394,1.0170840059050512,-0.3042472750526117,-0.47007814300958367,-0.16331953269164318,0.08387756303484165,0.41962097851444913,0.2762113846280767,1.1781217336890661,2.4579304893016944,1.2111210732674609,0.7576635626919839,0.7538575644860656,1.014799527028023,1
-0.8130941863973514,0.6280320030710668,0.5248163504317366,-0.24289833196987018,-1.3370181510382313,-0.6136695615629019,-0.9097816785925635,-0.9798698523458265,-0.6653319973266479,-0.77803678980547,1.2752307995939438,-1.4449698712453067,-1.1161564865474853,2.5236494937968508,-0.6304519678123389,-1.0473160715585674,2.355556304702098,-0.5254243718674659,-0.4549177139058885,-1.8155521721003864,-0.6133610183640724,-0.3442182798559026,0.4344958629682797,0.23580646148943288,0.8609112157104462,-0.7270192030387987,0
0.8820270268626367,0.6280320030710668,1.0595359931482098,0.05750241867752872,-1.7709274610032455,-0.6136695615629019,-0.9097816785925635,-0.9798698523458265,-0.6653319973266479,-0.77803678980547,-0.7841717752726938,-0.17792862487991343,-0.7937711348079659,0.7126645877330999,-0.3724094496591218,-0.699603016675945,-0.7930384920400783,0.5408540142115723,-0.9520109339981253,-0.8501228382257111,-0.4195217684266598,-0.44135943718669945,-1.0780741894715544,-0.9094772438342873,-0.3702057733699301,0.07274545330174147,0
-0.8130941863973514,0.6280320030710668,0.5248163504317366,-0.24289833196987018,-1.3370181510382313,-0.6136695615629019,-0.9097816785925635,1.0205436952733893,1.5030090301053793,1.2852862655119774,-0.7841717752726938,-1.1689358854299887,-0.7292940644600621,0.4952221461817061,-0.8592821254199088,1.8842646842621613,1.5998935534839758,0.08387756303484165,0.8007668966496878,0.7790391626878035,1.2597382599785025,1.019494121134128,1.651208692436997,1.083386451362033,1.0107863274245787,1.0491452484659596,1
-0.8130941863973514,0.6280320030710668,-1.0688578788408853,-1.7102404601321604,-1.5539728060207396,-0.6136695615629019,-0.9097816785925635,-0.9798698523458265,-0.6653319973266479,-0.77803678980547,1.2752307995939438,0.6094470067900097,0.6991210324781166,-0.7721566560035601,-0.8276354014954577,2.5244506658502406,-0.41520711643101715,-1.4393772742209272,-1.0309537778837412,0.2762113846280767,-1.1601917445032992,-0.9009118353285452,0.8523941904149823,0.9818169484434155,-0.07045554994166489,-1.0459437592482166,0
-0.8130941863973514,0.6280320030710668,0.5248163504317366,0.9355969205699219,0.8325283987868527,1.6295414709068945,1.0991648035240769,1.0205436952733893,1.5030090301053793,1.2852862655119774,-0.7841717752726938,0.007602414766447829,1.8944267212354118,0.9735955175947723,-0.778948133919379,-0.9214199654803765,-0.6670947001703911,-1.0585635649069849,2.0046452659053284,0.9801702739116943,0.7965644732859487,1.114144479559007,0.5232530298596149,0.6946204229493944,-0.9804115853488995,0.8430709198383364,1
0.8820270268626367,0.6280320030710668,0.2626988785118972,-0.5317452075923682,-1.5539728060207396,-0.6136695615629019,-0.9097816785925635,-0.9798698523458265,-0.6653319973266479,-0.77803678980547,-0.7841717752726938,-0.9924551404005234,-1.111196711905339,-0.47394987901879165,-0.6694017818732019,0.02322904815393934,0.907202698200697,2.3306784479871006,-0.6775612033020392,-0.830009727103322,0.6700588575373218,-0.8411326615865166,-0.15721858297395366,-0.4016297292412004,0.6682146435065615,0.2346609972234465,0
0.8820270268626367,0.6280320030710668,1.0595359931482098,0.05750241867752872,-1.7709274610032455,-0.6136695615629019,-0.9097816785925635,-0.9798698523458265,-0.6653319973266479,-0.77803678980547,-0.7841717752726938,0.5053686186957098,-0.3424316423726387,-0.138467254910927,-0.8544133986623009,1.4509080198025384,1.5369216575491322,-0.5254243718674659,-1.2887515024477052,-0.23667294899284458,-0.8235235735593722,-0.6132245616950318,0.28286903619558257,-0.17397394683740283,1.7066350603830531,-0.8349628989866018,0
0.8820270268626367,-1.4692847479255242,-1.6035775215573584,-1.9990873357546584,-1.1200634960557228,-0.6136695615629019,-0.9097816785925635,-0.9798698523458265,-0.6653319973266479,-0.77803678980547,1.2752307995939438,-1.2775394208327369,-1.0368000922731422,-0.6106279851368105,-0.664533055115594,2.5244506658502406,1.410977865679445,-1.0585635649069849,-0.21253851353833356,-1.8356652832227756,-0.7582303525278228,0.06302734126166801,-1.0262991754516089,-1.1791617860664778,1.107134613526521,-1.1146352021240908,0
-0.8130941863973514,0.6280320030710668,1.0595359931482098,0.6351961699225247,-0.686154186090706,-0.6136695615629019,-0.9097816785925635,-0.9798698523458265,-0.6653319973266479,-0.77803678980547,1.2752307995939438,-1.060332350027241,-1.0615989654838744,-0.3807602612110515,-0.3529345426286903,-0.3159196457709826,0.4663994266567923,-1.4393772742209272,-1.2930686892227,-0.48808683802270797,-1.2642528155223312,-1.1848629106031816,-0.20159716641962075,-0.2930554330178505,0.7324468342411892,-0.9772523163723418,0
-0.8130941863973514,0.6280320030710668,1.8563731077845207,1.22444379619242,-1.1200634960557228,-0.6136695615629019,-0.9097816785925635,-0.9798698523458265,-0.6653319973266479,-0.77803678980547,-0.7841717752726938,-0.8023989534457142,-1.0814380640524601,0.5759864816150808,-0.5622897932058288,0.4634372013797222,-0.6670947001703911,-0.5254243718674659,-0.5357107806950733,-0.20650328230926096,-0.8418872919744956,-0.017923623180662564,-2.2208227131974922,-2.3139383014330996,0.775268294730942,-0.3099640141495599,0
0.8820270268626367,0.6280320030710668,1.0595359931482098,0.05750241867752872,-1.7709274610032455,-0.6136695615629019,-0.9097816785925635,-0.9798698523458265,-0.6653319973266479,-0.77803678980547,-0.7841717752726938,0.47369258753657484,-0.16883952989751289,2.5236494937968508,-1.0248188351785765,0.6098877737563932,2.355556304702098,-0.6777498555930428,-1.8191487348041864,-1.6647038386824684,-0.8072002683014848,0.0007573686137214137,0.5787262591666993,0.544017366897651,0.41128588056804755,-0.918373936764449,0
-0.8130941863973514,0.6280320030710668,0.2626988785118972,-0.5317452075923682,-1.5539728060207396,-0.6136695615629019,-0.9097816785925635,-0.9798698523458265,-0.6653319973266479,-0.77803678980547,-0.7841717752726938,-0.45396261069523103,-0.3325120930883458,-0.16580287613453082,-0.664533055115594,-0.32790975111176274,1.7258373453536628,0.08387756303484165,-1.4065490273082724,-0.005372171085370079,-0.46849168420032195,-0.741500705349802,-1.6734868507009266,-1.7955835968829146,0.8609112157104462,-0.4915056846072287,0
-0.8130941863973514,-1.4692847479255242,1.0595359931482098,0.6351961699225247,-0.686154186090706,-0.6136695615629019,-0.9097816785925635,-0.9798698523458265,-0.6653319973266479,-0.77803678980547,-0.7841717752726938,-0.6666445341922793,2.48463990365084,-0.3931855435854169,-1.1587088210127927,-0.9402615595873167,-0.35223522049617356,-1.4393772742209272,-0.6448739320056514,-0.5987089491958477,-1.1173430682013448,-1.950783574172925,1.1593460592475153,1.8714256981444093,-1.7833139695317535,-1.3256160623857063,0
-0.8130941863973514,0.6280320030710668,-1.0688578788408853,-1.1209928338622634,-0.2522448761256893,-0.6136695615629019,-0.9097816785925635,-0.9798698523458265,-0.6653319973266479,-0.77803678980547,-0.7841717752726938,1.3017945449825286,1.1058225531341255,1.464394171382204,-0.6669674184943979,0.6724076087476036,-0.7930384920400783,0.6170167560743608,-0.25941082709541824,-0.9506883938376566,-0.29709697899250465,-1.0154885850007669,-0.5381347575492668,-0.4471608857219598,0.12224102226222054,-0.7024865448688435,0
-0.8130941863973514,0.6280320030710668,1.0595359931482098,0.6351961699225247,-0.686154186090706,-0.6136695615629019,-0.9097816785925635,-0.9798698523458265,-0.6653319973266479,-0.77803678980547,1.2752307995939438,0.27458610596487,-0.26307524809829547,-1.064150791801146,-0.2945098215373959,-0.25768199125862223,2.355556304702098,-0.5254243718674659,-0.5104244010129619,-0.23667294899284458,-0.9643120814086508,0.11657951773890222,-0.4271882989350981,-0.4926920422027192,0.5825717225270566,-0.7270192030387987,0
-2.5082153996573395,-1.4692847479255242,-1.6035775215573584,-2.2821572738647085,-1.7709274610032455,-0.6136695615629019,-0.9097816785925635,-0.9798698523458265,-0.6653319973266479,-0.77803678980547,-0.7841717752726938,-0.7480971857443404,-1.1955128808218285,0.47037158143297536,-0.3748438130379258,-1.44555885609162,-0.7930384920400783,-1.1347263067697735,-0.6831118720127466,0.7287563848818309,-0.9214634051066964,-0.6368871513012516,-0.8118026887975489,-0.48568724889798687,-0.6057238060635676,-0.5945428489210404,0
-0.8130941863973514,-1.4692847479255242,0.2626988785118972,-0.24289833196987018,-0.9031088410732144,-0.6136695615629019,-0.9097816785925635,-0.9798698523458265,-0.6653319973266479,-0.77803678980547,1.2752307995939438,-0.9969802877089712,-0.3424316423726387,-0.7224555265060987,-0.1849634694912188,-1.9756927993732534,-0.7930384920400783,0.08387756303484165,-0.7534203423483732,-0.48808683802270797,-0.701098784125217,-1.1512371253732905,-0.49745438939073744,-0.6187783216878991,0.7110361039963136,-0.5847297856530581,0
0.8820270268626367,0.6280320030710668,0.2626988785118972,-0.24289833196987018,-0.9031088410732144,1.6295414709068945,1.0991648035240769,1.0205436952733893,1.5030090301053793,1.2852862655119774,1.2752307995939438,-0.7842983642119231,-0.9276850501459201,0.7002393053587345,-0.3748438130379258,0.6758333531306836,2.355556304702098,0.08387756303484165,0.2253475736396916,1.0203964961564724,1.2699403257646824,0.7118804562532718,1.7103801370312204,1.7278274353973988,-0.8626525690020808,1.2306869189236278,1
0.8820270268626367,0.6280320030710668,0.5248163504317366,-0.24289833196987018,-1.3370181510382313,-0.6136695615629019,-0.9097816785925635,-0.9798698523458265,-0.6653319973266479,-0.77803678980547,1.2752307995939438,-1.0060305823258668,-1.0368000922731422,0.749940434856196,-0.664533055115594,0.18252616196716062,-0.41520711643101715,-0.5254243718674659,-1.06857497692298,-0.9708015049600456,-0.9337058840501119,-0.20348814167154314,-2.3761477552573287,-2.4190102010040833,1.8779209023420613,-0.8398694306205926,0
-0.8130941863973514,-1.4692847479255242,1.8563731077845207,2.1025382980848133,0.3986190888218359,1.6295414709068945,1.0991648035240769,1.0205436952733893,-0.6653319973266479,1.2852862655119774,1.2752307995939438,0.36961419944227447,-1.1855933315375358,-1.1262772036729727,-0.34806581587108243,-0.7741129570079357,0.025596155112887577,0.08387756303484165,0.7952162279389803,0.36672038467882784,1.2311724757771996,1.3059359953146823,1.577244386694218,1.128917607842793,0.6575092783841232,1.0638648433679334,1
-0.8130941863973514,-1.4692847479255242,0.2626988785118972,-0.24289833196987018,-0.9031088410732144,-0.6136695615629019,-0.9097816785925635,-0.9798698523458265,-0.6653319973266479,-0.77803678980547,1.2752307995939438,1.0619617376347932,0.05931010364122394,1.1226989060871566,-0.1849634694912188,0.0951696801986198,-0.7930384920400783,-1.4393772742209272,0.00023712037211499342,-0.0958811711361212,-1.2234445523776125,-0.7253105124613357,0.08316541069007861,0.21829447822760228,-0.016928724329474613,-0.9429065949344043,0
-0.8130941863973514,0.6280320030710668,0.2626988785118972,0.05750241867752872,-0.4691995311081977,-0.6136695615629019,-0.9097816785925635,-0.9798698523458265,-0.6653319973266479,-0.77803678980547,-0.7841717752726938,-1.1463101488877496,-1.0665587401260206,-0.2999959257776765,-0.9956064746329292,-1.3273706748753593,-0.7930384920400783,-1.8201909835348695,-0.5357107806950733,-1.282554727357076,-1.3887180181137222,-0.9382738189173132,-1.3480439054326978,-1.2176881492425053,0.25070540373147676,-0.972345784738351,0
-0.8130941863973514,-1.4692847479255242,-0.009903292284735086,0.05750241867752872,-0.03529022114318089,1.6295414709068945,1.0991648035240769,1.0205436952733893,1.5030090301053793,1.2852862655119774,-0.7841717752726938,-1.2368130950567064,-0.12916133276034122,0.07897518664046675,-0.14357929205155193,-0.7064545054421051,0.907202698200697,0.08387756303484165,0.10755004877912408,0.9600571627893053,1.2821828047080976,0.8152486108488634,-0.59730620214349,-0.48918964555035327,-0.7555989177777002,1.2012477291196817,1
-0.8130941863973514,-1.4692847479255242,1.0595359931482098,0.05750241867752872,-1.7709274610032455,1.6295414709068945,1.0991648035240769,1.0205436952733893,1.5030090301053793,1.2852862655119774,-0.7841717752726938,-0.2593812764319743,1.3984492570207665,0.3833946048124178,-0.46004653129606343,0.3580955616000115,0.08856805104773116,-2.201004692848812,1.2115163812420322,0.5678514959027182,0.44969423655584234,0.4628005656614855,1.9470659154081138,2.1165934638100374,-1.0767598714508417,0.5633986167008459,1
-2.5082153996573395,-1.4692847479255242,-0.009903292284735086,-0.5317452075923682,-1.1200634960557228,-0.6136695615629019,-0.9097816785925635,-0.9798698523458265,-0.6653319973266479,-0.77803678980547,1.2752307995939438,0.1478819813283309,-0.42674781128912836,1.5700090715643094,-0.7278265029644964,0.08831819143245989,-0.7930384920400783,-2.201004692848812,-0.8934205420517699,-0.4176909490943462,-1.5397085917491802,0.21870227288153452,-1.1039616964815269,-1.0495731099289318,0.5504556271597427,-1.2422050246078584,0
0.8820270268626367,0.6280320030710668,0.2626988785118972,-0.5317452075923682,-1.5539728060207396,-0.6136695615629019,-0.9097816785925635,1.0205436952733893,1.5030090301053793,1.2852862655119774,1.2752307995939438,0.9443079076151496,0.7090405817624094,-0.25029479628021506,-0.14357929205155193,-0.1788898704477819,1.2220621778749143,0.6170167560743608,0.710105974374801,1.120962051768418,1.443375444129736,0.8538559938905897,-0.6675722925991303,-0.3876201426317357,-1.3443939995117933,1.3533502097734038,1
0.8820270268626367,0.6280320030710668,1.8563731077845207,1.5248445468398173,-0.4691995311081977,-0.6136695615629019,-0.9097816785925635,-0.9798698523458265,-0.6653319973266479,-0.77803678980547,1.2752307995939438,-1.132734706962406,-0.9624034726409453,-1.175978333170434,0.3554652006032547,-0.4246870299337733,-0.7930384920400783,-0.5254243718674659,-0.15394812159197835,0.14547616233254787,-0.752109113056115,0.18507648765164347,0.8191102528307316,1.090391244666765,-0.5843130758186912,-0.8496824938885749,0
0.8820270268626367,0.6280320030710668,0.5248163504317366,0.6351961699225247,0.1816644338393275,-0.6136695615629019,-0.9097816785925635,-0.9798698523458265,-0.6653319973266479,-0.77803678980547,-0.7841717752726938,2.0077175251003903,1.6960357355495537,0.11003839257638003,-0.9469192070568504,0.8830908883070251,0.4663994266567923,0.08387756303484165,-0.14531374804198907,-1.0613105050107963,-0.45828961841414256,0.12903351226849155,0.08316541069007861,-0.21950510331816223,0.9144380413226364,-0.02047864774408797,0
-0.8130941863973514,0.6280320030710668,1.5942556358646813,0.9355969205699219,-1.1200634960557228,-0.6136695615629019,-0.9097816785925635,-0.9798698523458265,-0.6653319973266479,-0.77803678980547,1.2752307995939438,-0.6711696815007272,-0.8334493319451375,1.5886469951258575,-0.6718361452520059,0.9379027984363054,-0.7930384920400783,-0.5254243718674659,-0.15333138062412166,-0.8601793937869057,-0.9704333208803586,-0.1163101799644179,-1.0965652659072493,-1.214185752590139,0.9144380413226364,-0.888934746960503,0
0.8820270268626367,0.6280320030710668,0.5248163504317366,0.05750241867752872,-0.9031088410732144,-0.6136695615629019,-0.9097816785925635,-0.9798698523458265,-0.6653319973266479,-0.77803678980547,1.2752307995939438,1.5823536781062941,-0.11924178347604832,1.1226989060871566,-0.4551778045384556,1.1117593258776166,0.2774837388522616,2.3306784479871006,-1.098795284347942,-1.2423285051122979,0.45581547602755,-0.8809854440812022,-0.03147926321122888,0.0887058020900559,-0.3059735826353016,-0.10879621715592665,0
-0.8130941863973514,0.6280320030710668,1.0595359931482098,0.3463492943000267,-1.3370181510382313,-0.6136695615629019,-0.9097816785925635,-0.9798698523458265,-0.6653319973266479,-0.77803678980547,1.2752307995939438,-0.5037392310881573,-1.0169609937045563,-0.4118234671469648,-0.6711058362383646,-0.8563308222018561,0.7182870103961663,-1.2870517904953502,-0.8416143007518345,-0.9708015049600456,-1.115302655044109,-0.4500772333574118,-1.1779260022243059,-1.322760048813489,1.149956074016274,-1.178420113365975,0
-0.8130941863973514,0.6280320030710668,1.8563731077845207,1.8136914224623153,-0.03529022114318089,-0.6136695615629019,-0.9097816785925635,-0.9798698523458265,-0.6653319973266479,-0.77803678980547,-0.7841717752726938,0.8492798141377451,0.33705748360142535,-0.19438102559557102,-0.6767048720096137,-1.2091824936590985,-0.6670947001703911,-0.5254243718674659,-0.4869882442344199,-0.46797372690031885,-0.8928976209053936,-0.6904393277784858,0.7858263152464807,0.8907546354818967,-0.1668038360436072,-0.653421228528933,0
0.8820270268626367,-1.4692847479255242,1.5942556358646813,1.5248445468398173,-0.03529022114318089,-0.6136695615629019,-0.9097816785925635,-0.9798698523458265,-0.6653319973266479,-0.77803678980547,-0.7841717752726938,0.4103405252183053,0.034511230430491764,-0.5857774203880798,-0.664533055115594,-0.7090238137294153,1.7888092412885064,-0.5254243718674659,-0.1274282599741543,-0.23667294899284458,-0.6949775446535091,-1.181126712244305,0.7488441623750911,0.6420844731639027,0.5932770876494948,-0.8742151520585301,0
-0.8130941863973514,0.6280320030710668,1.0595359931482098,0.6351961699225247,-0.686154186090706,-0.6136695615629019,-0.9097816785925635,-0.9798698523458265,-0.6653319973266479,-0.77803678980547,1.2752307995939438,0.48726802946191844,0.5999255396351875,2.5236494937968508,-0.21661019341566992,2.0769628058104126,1.3480059697446014,-0.5254243718674659,-0.8576495659161001,-1.1618760606227418,-0.8786147288047421,-0.41520604867456157,0.26067974447274905,0.03266745565219823,1.0857238832816454,-0.9674392531043595,0
0.8820270268626367,0.6280320030710668,1.8563731077845207,1.5248445468398173,-0.4691995311081977,1.6295414709068945,1.0991648035240769,1.0205436952733893,1.5030090301053793,1.2852862655119774,-0.7841717752726938,-1.598824879732533,-1.2451106272432932,-1.3685702099730972,-0.45761216791725956,-0.8828803411707263,-0.35223522049617356,0.6170167560743608,0.9290490179638133,1.3824324963594756,1.482143294117218,0.31957962857120825,0.7303530859393963,0.670103646382831,-0.7234828224103855,1.7998445884665901,1
0.8820270268626367,0.6280320030710668,0.7869338223515759,0.6351961699225247,-0.2522448761256893,-0.6136695615629019,-0.9097816785925635,-0.9798698523458265,-0.6653319973266479,-0.77803678980547,-0.7841717752726938,0.34246331559158766,2.38544441080791,0.5759864816150808,-0.7180890494492805,-0.7484198741348355,2.355556304702098,0.08387756303484165,-1.2924519482548433,0.10524994008776968,-0.6154014315213083,-0.019169022633621427,1.3960318376244087,1.1114056245809625,0.7645629296085038,-0.27561829271162247,0
0.8820270268626367,-1.4692847479255242,0.2626988785118972,0.05750241867752872,-0.4691995311081977,-0.6136695615629019,-0.9097816785925635,-0.9798698523458265,-0.6653319973266479,-0.77803678980547,1.2752307995939438,0.7995031937448187,2.48463990365084,-0.8964094797472136,-0.6791392353884177,-0.22941960009821222,1.1590902819400712,-0.5254243718674659,-1.3356238160047895,-0.4478606157779298,-0.8622914235468547,-0.9382738189173132,-0.23118288871673284,-0.06189725396168701,-0.05975018481922668,-0.9576261898363779,0
-0.8130941863973514,0.6280320030710668,0.5248163504317366,0.3463492943000267,-0.2522448761256893,-0.6136695615629019,-0.9097816785925635,-0.9798698523458265,-0.6653319973266479,-0.77803678980547,-0.7841717752726938,0.6139721540984575,2.3804846361657637,0.6691760994228212,-0.11923565826351266,1.2376554319558073,2.355556304702098,-0.5254243718674659,-0.12372781416701592,0.5477383847803292,-0.9602312550941788,-0.46751282569883695,-1.3221563984227256,-1.1581474061522814,0.20788394324172468,-1.1538874551960199,0
-2.5082153996573395,-1.4692847479255242,2.11849057970436,1.5248445468398173,-0.9031088410732144,-0.6136695615629019,-0.9097816785925635,-0.9798698523458265,-0.6653319973266479,-0.77803678980547,-0.7841717752726938,-0.10552626794474802,-0.575541050553522,-0.11982933134937883,-0.6791392353884177,-0.0872512082003913,0.4663994266567923,0.08387756303484165,0.08103018716130005,-1.1719326161839363,-0.7215029156975762,-0.518574203270153,0.18301722344283008,0.16575852844211056,0.20788394324172468,-0.4080946468293808,0
0.8820270268626367,0.6280320030710668,-0.009903292284735086,0.05750241867752872,-0.03529022114318089,-0.6136695615629019,-0.9097816785925635,-0.9798698523458265,-0.6653319973266479,-0.77803678980547,-0.7841717752726938,2.111795913194691,-0.1539602059710734,0.3896072459996006,0.17288794719295958,2.5244506658502406,-0.6041228042355475,1.2263186909766683,-0.5646976061843227,-1.2724981717958816,0.09466234719679212,-0.6742491348900196,1.699285491169803,1.76285140192106,-0.26315212214554956,-0.48659915297323725,0
-0.8130941863973514,0.6280320030710668,0.2626988785118972,-0.24289833196987018,-0.9031088410732144,-0.6136695615629019,-0.9097816785925635,-0.9798698523458265,-0.6653319973266479,-0.77803678980547,1.2752307995939438,0.18860830710436136,2.48463990365084,2.5236494937968508,0.026826144464723565,-1.47296481115626,1.5369216575491322,1.6071324002906104,0.007021271018535065,-1.6244776164376904,-0.01756037645118366,-0.22590533182480407,-1.1705295716500286,-1.1756593894141119,0.2292946734866011,-0.04991783754803466,0
0.8820270268626367,-1.4692847479255242,-0.009903292284735086,0.05750241867752872,-0.03529022114318089,1.6295414709068945,1.0991648035240769,1.0205436952733893,1.5030090301053793,1.2852862655119774,1.2752307995939438,-1.5490482593396069,-0.937604599430213,0.9549575940332241,-0.7180890494492805,-0.0016075986233907464,0.4034275307219487,0.08387756303484165,1.1874634834956337,1.7042422743177006,1.147515536330527,0.6682914753997092,0.06467433425438383,0.5825437300736785,-2.0188320022253903,0.9657342106881125,1
0.8820270268626367,-1.4692847479255242,0.7869338223515759,0.6351961699225247,-0.2522448761256893,-0.6136695615629019,-0.9097816785925635,1.0205436952733893,1.5030090301053793,1.2852862655119774,1.2752307995939438,-1.273014273524289,-0.9128057262194809,0.1286763161379282,-0.1119325681271008,0.4651500735712622,-0.7930384920400783,-1.4393772742209272,0.7335421311533429,1.3220931629923085,0.40684556025388785,1.5288624973943308,0.782128099959342,0.9467929819197544,-1.1088759668181556,1.0982105648058702,1
-2.5082153996573395,-1.4692847479255242,0.5248163504317366,-0.24289833196987018,-1.3370181510382313,-0.6136695615629019,-0.9097816785925635,-0.9798698523458265,-0.6653319973266479,-0.77803678980547,-0.7841717752726938,-0.06479994216871758,-0.9624034726409453,-0.3993981847725994,-0.9931721112541253,-0.670484189419765,0.907202698200697,-0.5254243718674659,-0.5252261842415149,-0.7998400604197384,-0.9235038182639324,-1.4862495782192433,-0.2792596874495397,-0.15996436022793817,0.13294638738465875,-1.0606633541501895,0
0.8820270268626367,-1.4692847479255242,1.0595359931482098,0.3463492943000267,-1.3370181510382313,-0.6136695615629019,-0.9097816785925635,-0.9798698523458265,-0.6653319973266479,-0.77803678980547,-0.7841717752726938,0.6773242164167275,-0.8284895573029911,-0.6106279851368105,-0.6109770607819074,1.5553932234864796,2.355556304702098,-0.5254243718674659,0.19389378427901627,-0.5182565047062914,-0.9785949735093022,-0.5945435699006478,-1.1409438493529165,-1.039065919971833,0.1650624827519726,-0.6583277601629238,0
-0.8130941863973514,0.6280320030710668,1.321653465068049,1.22444379619242,-0.2522448761256893,-0.6136695615629019,-0.9097816785925635,-0.9798698523458265,-0.6653319973266479,-0.77803678980547,1.2752307995939438,-0.019548469084238997,1.3339721866728622,0.3274808341277738,0.17288794719295958,0.7366403159303541,2.355556304702098,-0.5254243718674659,-0.5443451542450626,-1.2021022828675196,-0.6562096946660267,0.5574509240863642,0.8043173916821755,0.8277114957393062,0.17576784787441083,-0.8349628989866018,0
-0.8130941863973514,0.6280320030710668,1.8563731077845207,1.8136914224623153,-0.03529022114318089,-0.6136695615629019,-0.9097816785925635,-0.9798698523458265,-0.6653319973266479,1.2852862655119774,-0.7841717752726938,1.0483862957094496,1.9936222140783408,0.19080272800975506,-1.153840094255185,-0.050424456082281084,-0.6670947001703911,-0.5254243718674659,0.1149509403934004,0.678473607075858,-0.7459878735844072,-1.3206114509757052,1.913781977823863,1.8504113182302129,0.32564295958854345,-1.0214111010782614,0
0.8820270268626367,0.6280320030710668,1.0595359931482098,0.6351961699225247,-0.686154186090706,-0.6136695615629019,-0.9097816785925635,-0.9798698523458265,-0.6653319973266479,-0.77803678980547,1.2752307995939438,0.2293346328803918,0.793356750678899,0.8120668467280228,0.034129234601135434,0.7272195188768841,-0.7930384920400783,-0.44926163000467745,-1.8462853373898667,-0.46797372690031885,-0.8949380340626295,-0.9332922211054774,-0.04997033964692367,-0.17747634348976873,0.7859736598533794,-0.8987478102284853,0
-0.8130941863973514,0.6280320030710668,1.5942556358646813,0.9355969205699219,-1.1200634960557228,-0.6136695615629019,-0.9097816785925635,-0.9798698523458265,-0.6653319973266479,-0.77803678980547,1.2752307995939438,0.7814026045110274,0.08410897685195634,-0.25029479628021506,-0.3431970891134746,-0.3142067735794426,-0.16331953269164318,0.08387756303484165,-0.15764856739911629,-0.568539282512264,-0.29097573952079697,-0.33051888587335443,-1.0669795436101372,-1.3087504622040242,1.1285453437713975,-0.5013187478752102,0
0.8820270268626367,-1.4692847479255242,0.5248163504317366,0.05750241867752872,-0.9031088410732144,1.6295414709068945,1.0991648035240769,-0.9798698523458265,1.5030090301053793,-0.77803678980547,1.2752307995939438,-0.01502332177579126,-0.29779367059332057,1.0667851354025126,-0.7180890494492805,0.17224892881792045,-0.16331953269164318,-0.5254243718674659,1.0351284644351095,1.241640718502752,1.0863031416134499,1.0356843140225942,-1.0336956060258864,-0.7343574112159814,-1.2480457134098508,1.1472758811457806,1
-0.8130941863973514,-1.4692847479255242,0.7869338223515759,0.6351961699225247,-0.2522448761256893,-0.6136695615629019,-0.9097816785925635,-0.9798698523458265,-0.6653319973266479,-0.77803678980547,-0.7841717752726938,0.13883168671143503,-0.25315569881400257,1.2158885238948964,-0.6182801509183193,-0.6319445651101148,-1.4227574513885135,-1.4393772742209272,-0.8268125175232814,-0.39757783797195706,-1.290778186566398,-0.47000362460475464,0.005502889660160705,0.354887947669881,-0.6485452665533197,-0.9478131265683958,0
-0.8130941863973514,-1.4692847479255242,-0.009903292284735086,0.05750241867752872,-0.03529022114318089,-0.6136695615629019,-0.9097816785925635,-0.9798698523458265,-0.6653319973266479,-0.77803678980547,-0.7841717752726938,2.7521042573400596,0.8449384069572221,-0.8964094797472136,-0.043770393520590554,-0.5497266999161942,0.907202698200697,-0.06844792069073524,-0.5110411419808184,-0.4277475046555407,-0.8541297709179111,-0.29315690228458646,0.7895245305336195,0.9327833953102898,-0.5093755199616244,-0.11370274878991811,0
-0.8130941863973514,-1.4692847479255242,2.1289752785811515,2.1025382980848133,-0.9031088410732144,-0.6136695615629019,-0.9097816785925635,-0.9798698523458265,-0.6653319973266479,-0.77803678980547,-0.7841717752726938,0.007602414766447829,-0.029965839917412074,-0.48016252020597416,-0.9883033844965173,0.33068960653537127,1.0331464900703842,0.08387756303484165,-1.828399849322032,-1.2423285051122979,-0.2828140868918531,-0.3753532661798759,0.20890473045280342,0.34438075771278276,-0.038339454574350264,-0.9429065949344043,0
0.8820270268626367,-1.4692847479255242,0.2626988785118972,0.05750241867752872,-0.4691995311081977,-0.6136695615629019,-0.9097816785925635,-0.9798698523458265,-0.6653319973266479,-0.77803678980547,-0.7841717752726938,0.5641955337055315,0.287459737179961,-0.38697290239823406,0.3578995639820586,-1.6459649025018013,-0.47817901236586074,0.08387756303484165,-0.6146536245806892,-0.1964467267480664,-0.7194625025403403,0.1252973139096146,-0.23488110400387158,-0.21600270666579582,0.07941956177246848,-0.20692684983574755,0
0.8820270268626367,0.6280320030710668,0.5248163504317366,0.6351961699225247,0.1816644338393275,-0.6136695615629019,-0.9097816785925635,-0.9798698523458265,-0.6653319973266479,-0.77803678980547,1.2752307995939438,-0.7254714492021012,-1.1161564865474853,-0.716242885318916,-0.28720673140098407,-0.1994443367462619,-0.41520711643101715,2.3306784479871006,-0.40557843647737857,0.5175687180967458,0.35175440500851807,-0.3790894645387528,-0.7748205359261593,-0.6502998915591944,-0.28456285239042595,0.0531193267657777,0
-0.8130941863973514,0.6280320030710668,0.2626988785118972,0.3463492943000267,0.1816644338393275,-0.6136695615629019,-0.9097816785925635,-0.9798698523458265,-0.6653319973266479,-0.77803678980547,-0.7841717752726938,-0.06932508947716531,2.440001931871522,0.613262328738177,0.08038213879841008,-1.309385516864189,-0.10034763675679959,-0.6015871137302543,0.2796207788110522,0.2762113846280767,-0.7765940709429461,-0.6804761321548142,-1.2407956621056688,-0.7903957576538391,-0.7341881875328238,-1.0312241643462436,0
0.8820270268626367,0.6280320030710668,0.5248163504317366,0.05750241867752872,-0.9031088410732144,-0.6136695615629019,-0.9097816785925635,-0.9798698523458265,-0.6653319973266479,-0.77803678980547,-0.7841717752726938,0.6184973014069056,-0.35731096629907805,-1.2691679509781741,-0.8373728550106734,-0.2748107131740223,-0.7300665961052347,0.6931794979371492,-0.9865484281980821,0.22592860682210422,0.006924581435647593,-0.32802808696743635,0.5417441062953097,0.6210700932497056,-0.006223359207036408,-0.7417387979407717,0
0.8820270268626367,-1.4692847479255242,0.2626988785118972,-0.5317452075923682,-1.5539728060207396,-0.6136695615629019,-0.9097816785925635,-0.9798698523458265,-0.6653319973266479,-0.77803678980547,-0.7841717752726938,0.6999499529589666,-0.23331660024541673,0.9922334411563205,-0.7375639564797121,-0.11465716326503149,-0.7300665961052347,2.3306784479871006,-1.1302490737086173,-1.021084282766018,0.6578163785939062,0.3768680034073191,0.61201019675095,0.4074238974553728,0.5397502620373045,-0.010665584476105744,0
0.8820270268626367,0.6280320030710668,0.7869338223515759,0.6351961699225247,-0.2522448761256893,-0.6136695615629019,-0.9097816785925635,-0.9798698523458265,-0.6653319973266479,-0.77803678980547,1.2752307995939438,-0.6349685030331446,-0.7888113601658194,-0.7286681676932814,-0.7984230409498104,-0.2653899161205523,-0.47817901236586074,-0.6015871137302543,-0.9705131630338165,-1.3227809496018543,-0.8337256393455519,-0.7726356916737752,-1.6586939895523705,-1.7745692169687177,0.89302731107776,-0.6239820387249864,0
0.8820270268626367,0.6280320030710668,1.0595359931482098,0.6351961699225247,-0.686154186090706,-0.6136695615629019,-0.9097816785925635,-0.9798698523458265,-0.6653319973266479,-0.77803678980547,-0.7841717752726938,-1.2006119165891238,-1.1260760358317783,0.03548669833018811,-0.3115503651890234,-0.08125615553000123,-0.47817901236586074,-1.1347263067697735,-0.10029165738847358,-0.6992745048077932,-1.0622519129559749,-1.159954921544003,1.237008580277433,1.3530709935942236,-0.10257164530897875,-1.0361306959802343,0
0.8820270268626367,-1.4692847479255242,-0.009903292284735086,0.05750241867752872,-0.03529022114318089,-0.6136695615629019,-0.9097816785925635,-0.9798698523458265,-0.6653319973266479,-0.77803678980547,1.2752307995939438,-1.8069816559211334,-1.309587697591197,-0.697604961757368,-0.6888766889036334,0.3949223137181217,2.355556304702098,1.9879461096045528,-0.490688690041558,-0.6691048381242095,0.32318862080721505,-0.059021805128307105,0.3013601126312774,0.23580646148943288,0.02589273616027821,0.2837263135633569,0
-0.8130941863973514,0.6280320030710668,1.5942556358646813,1.5248445468398173,-0.03529022114318089,-0.6136695615629019,-0.9097816785925635,-0.9798698523458265,-0.6653319973266479,-0.77803678980547,-0.7841717752726938,0.3243627263577963,-0.6052996984064007,-0.8280704266882042,-0.3505001792498864,1.834591390707501,-0.7930384920400783,0.08387756303484165,0.756361546964029,1.5332808297773937,1.3229910678528167,0.9310707599740434,1.6918890605955255,1.9414736311917316,-1.4835637461034876,1.034425653563986,1
0.8820270268626367,-1.4692847479255242,0.7869338223515759,0.6351961699225247,-0.2522448761256893,-0.6136695615629019,-0.9097816785925635,-0.9798698523458265,-0.6653319973266479,-0.77803678980547,-0.7841717752726938,-0.34083392798403517,-0.7243342898179156,0.09761311020201467,0.9470155016526111,-0.3570285783679429,1.1590902819400712,2.3306784479871006,-0.10645906706703741,-1.3831202829690215,0.5517148944176384,-1.612034922968095,-1.4737832251954226,-1.5153918646936253,0.34705368983341983,0.04821279513178624,0
-0.8130941863973514,0.6280320030710668,2.1289752785811515,2.385608236194863,-0.2522448761256893,-0.6136695615629019,-0.9097816785925635,-0.9798698523458265,-0.6653319973266479,-0.77803678980547,-0.7841717752726938,-0.3544093699093788,0.4908104975079654,0.8369174114767536,-0.8252010381166537,-1.3487815772696095,-0.47817901236586074,0.7693422397999377,-0.6430237091020822,0.19575894013852035,-0.29097573952079697,-0.2283961307307218,-1.4922743016311175,-1.200176165980675,-0.34879504312505366,-0.7073930765028342,0
0.8820270268626367,0.6280320030710668,1.0595359931482098,0.6351961699225247,-0.686154186090706,-0.6136695615629019,-0.9097816785925635,-0.9798698523458265,-0.6653319973266479,-0.77803678980547,-0.7841717752726938,-0.7888235115203709,-0.5457824027006433,-0.5547142144521664,-0.4649152580536713,-0.657637647983215,-0.41520711643101715,1.3024814328394567,-0.09720795254919189,-0.7495572826137659,-0.07673235801102518,-0.9407646178232311,-0.3680168543408739,-0.5977639417737027,0.8716165808328843,-0.24617910290767644,0
-0.8130941863973514,0.6280320030710668,-0.009903292284735086,-0.24289833196987018,-0.4691995311081977,-0.6136695615629019,-0.9097816785925635,-0.9798698523458265,-0.6653319973266479,-0.77803678980547,-0.7841717752726938,-0.28653216028266115,0.014672131861905932,-0.00800178998009081,-0.5695928833422406,-0.829781303232986,-0.16331953269164318,1.3024814328394567,-1.0426718562730122,-0.9305752827152675,-0.1420255790425747,-0.7091203195728698,0.2347922374627757,0.6140652999449734,-1.1516974273079077,-0.10388968552193588,0
0.8820270268626367,0.6280320030710668,-0.009903292284735086,-0.5317452075923682,-1.1200634960557228,-0.6136695615629019,-0.9097816785925635,-0.9798698523458265,-0.6653319973266479,-0.77803678980547,-0.7841717752726938,0.04832874054247827,2.48463990365084,1.0295092882794163,-1.0296875619361843,-0.2962216155682724,-0.03737574082195601,-0.14461066255352367,-0.9137729939910301,-1.3831202829690215,-0.7255837420120481,-0.552199988500044,1.4293157752086596,1.4476357032081093,0.06871419665003027,-0.8202433040846282,0
0.8820270268626367,0.6280320030710668,0.7869338223515759,0.05750241867752872,-1.3370181510382313,-0.6136695615629019,-0.9097816785925635,-0.9798698523458265,-0.6653319973266479,-0.77803678980547,-0.7841717752726938,0.1478819813283309,0.06426987828337051,2.5236494937968508,-0.6815735987672216,0.37265497522810176,-0.10034763675679959,1.3024814328394567,-0.8897200962446316,-1.6948735053660522,-0.21139962638859597,-0.570880980294428,0.42340121710686235,0.29534720457965696,0.6360985481392468,-0.7270192030387987,0
0.8820270268626367,-1.4692847479255242,-0.009903292284735086,-0.5317452075923682,-1.1200634960557228,1.6295414709068945,1.0991648035240769,1.0205436952733893,1.5030090301053793,1.2852862655119774,1.2752307995939438,-1.3544669250763501,-0.8235297826608446,0.0851878278276493,-0.705917232555261,0.37608071961118167,-0.47817901236586074,0.6170167560743608,0.17662503717903774,1.3019800518699194,1.4576583362303868,1.3345801827327377,0.17192257758141383,0.12723216526608347,-0.5307862502065009,1.485826563891163,1
-0.8130941863973514,-1.4692847479255242,0.7869338223515759,0.6351961699225247,-0.2522448761256893,-0.6136695615629019,-0.9097816785925635,-0.9798698523458265,-0.6653319973266479,-0.77803678980547,-0.7841717752726938,-0.1507777410292262,-0.11428200883390174,1.2407390886436274,0.8204286059548065,0.4677193818585723,0.15153994698257475,0.3885285304859954,1.4162743825703483,1.1712448295743905,1.280142391550862,0.9584695479391405,-0.5529276186978218,-1.2632193057232648,1.61028677428111,1.4809200322571723,1
-0.8130941863973514,-1.4692847479255242,0.2626988785118972,-0.5317452075923682,-1.5539728060207396,1.6295414709068945,1.0991648035240769,1.0205436952733893,1.5030090301053793,1.2852862655119774,1.2752307995939438,-0.5942421772571139,-0.2878741213090276,1.464394171382204,-0.12167002164231655,1.4192198842590484,0.21451184291741798,0.6931794979371492,1.2349525380205746,0.14547616233254787,1.4025671809850169,1.3258623865620254,1.5365640185356897,1.3600757868989566,-0.3916165036148065,1.5594245384010286,1
0.8820270268626367,-1.4692847479255242,0.5248163504317366,1.5248445468398173,1.9173016736993922,-0.6136695615629019,-0.9097816785925635,-0.9798698523458265,-0.6653319973266479,-0.77803678980547,1.2752307995939438,0.12978139209453957,0.6396037367723592,1.0667851354025126,-0.9858690211177135,0.6432887814914234,-0.10034763675679959,1.9879461096045528,-0.7213498120198418,-1.5440251719481342,0.2436125076750144,-0.8760038462693664,-1.1224527729172216,-0.9339940204008497,-0.47725942459431064,0.19050221251752683,0
-0.8130941863973514,0.6280320030710668,0.7869338223515759,0.05750241867752872,-1.3370181510382313,-0.6136695615629019,-0.9097816785925635,-0.9798698523458265,-0.6653319973266479,-0.77803678980547,-0.7841717752726938,0.2926866951986613,-0.9276850501459201,0.9301070292844934,-0.19956964976404254,-0.840058536382226,0.15153994698257475,-2.239086063780206,-0.7188828481484161,-0.7998400604197384,-1.747830733787244,-0.17982555206532372,1.2739907331488227,1.3530709935942236,0.2935268642212296,-1.71813859310499,0
0.8820270268626367,0.6280320030710668,1.0595359931482098,0.9355969205699219,-0.2522448761256893,-0.6136695615629019,-0.9097816785925635,-0.9798698523458265,-0.6653319973266479,-0.77803678980547,1.2752307995939438,-1.5897745851156375,-1.1707140076110965,-0.7473060912548294,-0.2993785482950038,-0.2902265628978827,2.355556304702098,1.3024814328394567,-1.3917472440797196,0.38683349580121645,0.03344995247971436,-0.26700351377244896,-0.4937561741035987,-0.07240444391878526,-1.1409920621854703,-0.16276806512982855,0
-0.8130941863973514,0.6280320030710668,0.7869338223515759,0.05750241867752872,-1.3370181510382313,-0.6136695615629019,-0.9097816785925635,-0.9798698523458265,-0.6653319973266479,-0.77803678980547,-0.7841717752726938,-1.5942997324240853,-1.1707140076110965,-0.6727543970086373,-0.8933632127231639,-0.8811674689791863,-0.47817901236586074,2.3306784479871006,-0.9421430785124233,-0.9004056160316838,0.29054201029144033,-1.2396604865333747,1.240706795564573,1.0273481049241755,0.3149375944661052,0.3033524400993207,0
-0.8130941863973514,-1.4692847479255242,1.0595359931482098,0.6351961699225247,-0.686154186090706,1.6295414709068945,1.0991648035240769,1.0205436952733893,1.5030090301053793,1.2852862655119774,1.2752307995939438,2.5009585817212043,-0.06468426241243738,-0.8218577855010215,1.21236110994224,-0.7664050321460056,-1.737616931062731,-1.195656500260004,1.1294898325171348,0.2963244957504658,0.5945635707195925,1.878819743675791,1.026210308910513,1.33906140698476,-1.4086261902464217,0.6369965912107116,1
0.8820270268626367,0.6280320030710668,-0.009903292284735086,-0.5317452075923682,-1.1200634960557228,-0.6136695615629019,-0.9097816785925635,-0.9798698523458265,-0.6653319973266479,-0.77803678980547,1.2752307995939438,1.9941420831750472,0.5255289200029907,0.8741932585998494,-1.000475201390537,-0.5069048951276939,0.025596155112887577,-0.5254243718674659,-1.1721874595228505,-0.9205187271540729,-0.7541495262133509,-1.0341695767951509,-0.35692220847945766,-0.6117735283831673,1.1606614391387113,-0.7613649244767362,0
0.8820270268626367,0.6280320030710668,0.2626988785118972,-0.5317452075923682,-1.5539728060207396,-0.6136695615629019,-0.9097816785925635,-0.9798698523458265,-0.6653319973266479,-0.77803678980547,1.2752307995939438,0.9578833495404931,2.3755248615236173,1.464394171382204,-0.24825691734012106,-1.143236914284808,-0.10034763675679959,-0.6015871137302543,-0.6868123178198847,-0.7696703937361548,-0.9847162129810099,-0.14993596519430927,-0.7119508760447975,-0.5067016288121838,-0.09186628018654054,-0.9625327214703687,0
-0.8130941863973514,-1.4692847479255242,1.5942556358646813,1.22444379619242,-0.686154186090706,-0.6136695615629019,-0.9097816785925635,1.0205436952733893,1.5030090301053793,1.2852862655119774,1.2752307995939438,-0.01502332177579126,1.0363857081440753,-0.3993981847725994,-0.46004653129606343,0.6227343151929432,0.3404556347871051,1.2263186909766683,1.255921730927691,-0.7696703937361548,1.7106695677276413,1.185132248377666,0.08316541069007861,0.10972018200425289,-0.787715013145014,1.5937702598389654,1
0.8820270268626367,0.6280320030710668,-0.009903292284735086,-0.5317452075923682,-1.1200634960557228,1.6295414709068945,1.0991648035240769,1.0205436952733893,1.5030090301053793,1.2852862655119774,-0.7841717752726938,-0.9472036673160451,-1.2103922047482678,-0.5360762908906184,-0.28964109477978806,-1.44984103657047,-0.7930384920400783,-0.5254243718674659,0.44244039432513477,-0.6489917270018204,-0.803119441987013,0.4204569842608817,0.16452614700713528,0.3198639811462199,-0.1668038360436072,-0.7564583928427447,0
-0.8130941863973514,0.6280320030710668,1.5942556358646813,0.9355969205699219,-1.1200634960557228,1.6295414709068945,1.0991648035240769,1.0205436952733893,-0.6653319973266479,1.2852862655119774,-0.7841717752726938,-1.0739077919525843,-1.155834683684657,-0.6603291146342718,1.1953205662906123,0.2416202525752908,-0.7930384920400783,0.08387756303484165,1.413807418698923,1.0606227184012507,1.1495559494877632,1.142788666977062,0.4677798005525305,0.011653075738001733,0.7966790249758177,1.196341197485691,1
-0.8130941863973514,-1.4692847479255242,1.8563731077845207,1.5248445468398173,-0.4691995311081977,1.6295414709068945,-0.9097816785925635,-0.9798698523458265,1.5030090301053793,1.2852862655119774,1.2752307995939438,-0.16887833026301755,1.6712368623388214,-0.734880808880464,2.226273457214079,-1.1689299971579081,2.355556304702098,1.6071324002906104,1.7493145052127899,1.975769274469953,1.9085896439795254,1.364469769603752,-0.14982215239967617,-0.05139006400458876,-0.9697062202264612,1.5839571965709838,1
0.8820270268626367,-1.4692847479255242,1.0595359931482098,0.9355969205699219,-0.2522448761256893,1.6295414709068945,-0.9097816785925635,-0.9798698523458265,1.5030090301053793,-0.77803678980547,1.2752307995939438,-0.06027479486026944,-0.3424316423726387,-0.9958117387421365,2.226273457214079,-0.34418203693139293,-0.2262914286264864,0.6931794979371492,-0.09597447061347895,1.1712448295743905,-0.4501279657851987,-0.06524880239310177,-0.38280971548942994,-0.9304916237484837,1.952858458199128,-0.4915056846072287,0
-2.5082153996573395,-1.4692847479255242,0.7869338223515759,0.05750241867752872,-1.3370181510382313,-0.6136695615629019,1.0991648035240769,-0.9798698523458265,1.5030090301053793,-0.77803678980547,1.2752307995939438,-0.3906105483769615,1.2149375952613477,-0.8591336326241176,2.226273457214079,-0.8135090174133558,2.355556304702098,1.9879461096045528,-0.9378258917374287,0.9600571627893053,0.16811722085728514,-0.04034081333392313,-0.15721858297395366,-0.45416567902669214,1.0750185181592071,-0.34430973558749733,0
0.8820270268626367,0.6280320030710668,0.5248163504317366,0.05750241867752872,-0.9031088410732144,1.6295414709068945,1.0991648035240769,-0.9798698523458265,1.5030090301053793,-0.77803678980547,1.2752307995939438,0.550620091780188,-0.23827637488756306,-0.12604197253656166,-0.8495446719046931,-0.17032550949008174,-0.6041228042355475,0.08387756303484165,-0.7157991433091344,-0.9004056160316838,-0.5643911025904104,-0.25828571760173624,-2.198633421474659,-2.2158711951668484,0.7966790249758177,-0.8742151520585301,0
0.8820270268626367,0.6280320030710668,0.7869338223515759,0.6351961699225247,-0.2522448761256893,-0.6136695615629019,1.0991648035240769,-0.9798698523458265,-0.6653319973266479,1.2852862655119774,-0.7841717752726938,-0.1734034775714653,0.3519368075278648,1.0481472118409645,-0.43570289750802416,-0.8177911978922059,1.7888092412885064,0.08387756303484165,-0.596151395544998,-1.3127243940406599,-0.7337453946409918,-1.5410471541494362,0.19411186930424737,0.0256626623474659,0.6896253737514371,-0.5013187478752102,0
-0.8130941863973514,0.6280320030710668,2.11849057970436,1.8136914224623153,-0.4691995311081977,-0.6136695615629019,1.0991648035240769,1.0205436952733893,1.5030090301053793,1.2852862655119774,-0.7841717752726938,0.012127562074895567,2.4102432840186427,-0.734880808880464,2.226273457214079,1.9339379778168215,1.9147530331581937,-0.5254243718674659,3.0379947575486823,2.926113775002837,1.0210099205818999,1.144034066430021,-0.5085490352521547,-0.49619443885508513,-0.34879504312505366,0.9117623627142099,1
-0.8130941863973514,0.6280320030710668,1.8563731077845207,1.22444379619242,-1.1200634960557228,1.6295414709068945,1.0991648035240769,-0.9798698523458265,1.5030090301053793,1.2852862655119774,-0.7841717752726938,-0.21412980334749612,-0.36723051558337094,-0.5982027027624451,1.8525986785676747,-1.0653012295697375,2.0406968250278803,0.08387756303484165,1.323146496424036,1.3723759407982814,1.2352533020916714,0.7841136245248901,-0.6675722925991303,-0.07590684057115117,-2.339992955898532,1.4563873740872169,1
-0.8130941863973514,-1.4692847479255242,-0.009903292284735086,-0.5317452075923682,-1.1200634960557228,-0.6136695615629019,-0.9097816785925635,-0.9798698523458265,1.5030090301053793,1.2852862655119774,-0.7841717752726938,0.16598257056212226,-1.111196711905339,-1.2132541802935302,-0.8008574043286144,-1.2314498321491185,1.5998935534839758,0.6931794979371492,-0.5252261842415149,-0.7193876159301823,-0.27465243426290964,-0.16612615808277517,-1.7918297398893728,-1.687009300659565,0.1436517525070962,-0.38846852029341633,0
-0.8130941863973514,-1.4692847479255242,-0.5446229350012067,-1.1209928338622634,-1.3370181510382313,1.6295414709068945,-0.9097816785925635,1.0205436952733893,-0.6653319973266479,-0.77803678980547,-0.7841717752726938,2.1796731228214083,-1.1508749090425106,-0.22544423153148457,-0.36267199614390605,0.5567887358186527,2.355556304702098,0.08387756303484165,-0.636239558455662,-0.6489917270018204,-0.5745931683765901,0.33576982145967416,-1.8879833373549866,-2.0127321893296135,1.107134613526521,-0.9674392531043595,0
-0.8130941863973514,0.6280320030710668,1.8563731077845207,0.9355969205699219,-1.5539728060207396,-0.6136695615629019,1.0991648035240769,1.0205436952733893,1.5030090301053793,1.2852862655119774,-0.7841717752726938,0.3243627263577963,0.8181556238896311,-0.14467989609810955,2.226273457214079,-0.1377809378508216,-0.16331953269164318,0.08387756303484165,0.8778595176317345,1.5835636075833666,1.4025671809850169,1.421758144439863,-0.856181272243217,-0.7343574112159814,-0.7341881875328238,1.1570889444137622,1
-0.8130941863973514,0.6280320030710668,-0.009903292284735086,-0.8321459582397654,-1.5539728060207396,-0.6136695615629019,1.0991648035240769,-0.9798698523458265,1.5030090301053793,-0.77803678980547,-0.7841717752726938,-0.11457656256164349,-0.5805008251956684,-1.2878058745397225,-0.021861123111355178,-0.7492763102306054,-0.7300665961052347,0.08387756303484165,0.07609625941844916,-0.6489917270018204,-0.5868356473200054,-0.6580589420015533,-0.885766994540328,-0.520711215421648,-0.8198311085123287,-0.34921626722148813,0
-0.8130941863973514,0.6280320030710668,0.2626988785118972,-0.5317452075923682,-1.5539728060207396,-0.6136695615629019,-0.9097816785925635,-0.9798698523458265,-0.6653319973266479,1.2852862655119774,-0.7841717752726938,-0.6213930611078009,0.7883969760367526,-0.6044153439496278,-0.43570289750802416,-0.9342665069169266,0.6553151144613227,0.08387756303484165,-0.21192177257047728,-0.9909146160824347,-0.6398863894081395,-0.5957889693536067,1.5735461714070793,1.503674049645967,0.33634832471098164,-0.8545890255225657,0
-0.8130941863973514,-1.4692847479255242,0.5248163504317366,-0.24289833196987018,-1.3370181510382313,-0.6136695615629019,-0.9097816785925635,-0.9798698523458265,-0.6653319973266479,-0.77803678980547,-0.7841717752726938,1.261068219206498,2.48463990365084,0.15973952207384148,-0.43570289750802416,0.05834292808050957,0.4034275307219487,0.08387756303484165,-0.19033583869550413,-0.9808580605212401,-0.5868356473200054,0.01570216204922881,-0.7156490913319362,-1.172156992761746,1.8350994418523086,-0.7662714561107269,0
-0.8130941863973514,0.6280320030710668,-0.009903292284735086,-1.1209928338622634,-2.2048367709682624,1.6295414709068945,-0.9097816785925635,-0.9798698523458265,-0.6653319973266479,-0.77803678980547,-0.7841717752726938,1.1796155676544366,-1.0814380640524601,-0.6044153439496278,-0.28964109477978806,0.34096683968461144,2.355556304702098,0.08387756303484165,-1.1092798808015005,-0.638935171440626,-0.5399061447035794,-1.1300653346729885,-0.06846141608261846,-0.45766807567905804,1.4497062974445392,-0.5601971274831029,0
-0.8130941863973514,0.6280320030710668,1.8563731077845207,0.9355969205699219,-1.5539728060207396,-0.6136695615629019,-0.9097816785925635,1.0205436952733893,1.5030090301053793,1.2852862655119774,-0.7841717752726938,-0.38608540106851374,0.6941612578359698,0.15973952207384148,2.226273457214079,-0.13264232127620137,0.2774837388522616,-0.5254243718674659,2.4271128288869446,1.2818669407475303,0.9781612442799458,1.7355988065855137,0.7673352388107859,0.7821803392585474,-0.744893552655262,1.3190044883354672,1
-2.5082153996573395,-1.4692847479255242,2.11849057970436,1.22444379619242,-1.3370181510382313,1.6295414709068945,1.0991648035240769,-0.9798698523458265,1.5030090301053793,1.2852862655119774,-0.7841717752726938,0.0030772674580000913,1.2347766938299336,-0.5919900615752625,2.226273457214079,-0.7055980693463352,2.355556304702098,-0.5254243718674659,0.9500182108709303,1.2718103851863358,0.9781612442799458,2.23002238941021,0.5195548145724761,0.29884960123202287,0.12224102226222054,1.073677906635915,1
0.8820270268626367,0.6280320030710668,1.8563731077845207,1.5248445468398173,-0.4691995311081977,-0.6136695615629019,1.0991648035240769,1.0205436952733893,1.5030090301053793,1.2852862655119774,-0.7841717752726938,-0.051224500243373966,1.5770011441380387,-0.2068063079699364,1.0005714959862972,0.6903927667587738,0.15153994698257475,0.08387756303484165,1.6093143055093933,1.221527607380363,1.172000494217358,1.515163103411783,0.32724761964124965,0.4704670371979628,-1.001822315593775,1.1718085393157358,1
0.8820270268626367,0.6280320030710668,0.7869338223515759,-0.24289833196987018,-1.987882115985754,-0.6136695615629019,-0.9097816785925635,-0.9798698523458265,-0.6653319973266479,1.2852862655119774,-0.7841717752726938,1.523526763096472,-0.9326448247880665,-0.1322546137237442,-0.6547956016003783,0.8599671137212347,0.7812589063310098,-0.5254243718674659,0.5485198407964309,-0.8501228382257111,-0.9255442314211682,-0.5671447819355515,-1.3369492595712815,-0.8499365007440631,-1.0767598714508417,-0.447346899901309,0
-0.8130941863973514,0.6280320030710668,1.0595359931482098,-0.24289833196987018,-2.2048367709682624,-0.6136695615629019,1.0991648035240769,-0.9798698523458265,-0.6653319973266479,-0.77803678980547,-0.7841717752726938,0.007602414766447829,-0.35731096629907805,-0.34969705527513795,-0.14357929205155193,0.2459024330541409,2.355556304702098,-0.06844792069073524,-1.1290155917729046,0.3164376068728549,-0.7847557235718898,-0.02290522099249801,1.1112692605147094,1.2164775241519459,-0.41302723385968215,-0.20692684983574755,0
-0.8130941863973514,-1.4692847479255242,0.5248163504317366,-0.5317452075923682,-1.987882115985754,-0.6136695615629019,-0.9097816785925635,-0.9798698523458265,-0.6653319973266479,-0.77803678980547,-0.7841717752726938,0.8221289302870578,0.5800864410666017,-0.4056108259597821,0.012219964191899834,-0.4666523986265037,-0.35223522049617356,0.08387756303484165,-0.8669006804339459,-1.8356652832227756,-0.37463267896746977,-2.0504155304096394,1.4404104210700759,0.8627354622629674,1.7173404255054905,-0.41790771009736305,0
-0.8130941863973514,0.6280320030710668,-0.009903292284735086,-1.1209928338622634,-2.2048367709682624,-0.6136695615629019,-0.9097816785925635,-0.9798698523458265,-0.6653319973266479,-0.77803678980547,-0.7841717752726938,1.0755371795601367,-0.5705812759113755,2.5236494937968508,-0.6547956016003783,-0.28337507413172247,-0.6041228042355475,-0.5254243718674659,-0.6121866607092635,-0.035541837768953935,-0.9724737340375945,-0.29315690228458646,-1.788131524602234,-1.6239661609169747,0.1436517525070962,-0.8202433040846282,0
-0.8130941863973514,0.6280320030710668,-0.009903292284735086,-0.8321459582397654,-1.5539728060207396,1.6295414709068945,-0.9097816785925635,-0.9798698523458265,-0.6653319973266479,-0.77803678980547,-0.7841717752726938,-0.01502332177579126,-0.9772827965673847,-0.48637516139315684,-1.1660119111492047,1.8919726091240916,-0.16331953269164318,-0.5254243718674659,-1.0352709646587357,-0.05565494889134302,-0.9275846445784043,-1.1288199352200297,-1.1779260022243059,-1.028558730014735,0.17576784787441083,-0.9968784429083062,0
0.8820270268626367,0.6280320030710668,1.5942556358646813,1.22444379619242,-0.686154186090706,-0.6136695615629019,-0.9097816785925635,1.0205436952733893,1.5030090301053793,1.2852862655119774,-0.7841717752726938,0.4103405252183053,2.48463990365084,-0.5671394968265318,1.5556063463535947,1.6239081111480798,1.410977865679445,-0.6015871137302543,0.518299533371469,0.02479749559821333,0.8741001732609138,0.3046348351357009,0.138638639997163,0.3058543945367552,-0.9482954899815849,0.9412015525181573,1
-0.8130941863973514,-1.4692847479255242,-0.5446229350012067,-1.1209928338622634,-1.3370181510382313,-0.6136695615629019,-0.9097816785925635,1.0205436952733893,-0.6653319973266479,-0.77803678980547,-0.7841717752726938,0.6999499529589666,2.48463990365084,-0.8404957090625695,2.226273457214079,-0.49577122588268385,0.4663994266567923,0.08387756303484165,0.0797967052255871,-0.035541837768953935,-0.49705746840162496,0.3295428241948795,-1.1224527729172216,-1.6449805408311715,2.0063852838113183,-0.54547753258113,0
-0.8130941863973514,0.6280320030710668,1.8563731077845207,0.05750241867752872,-2.8557007359157875,1.6295414709068945,-0.9097816785925635,-0.9798698523458265,1.5030090301053793,1.2852862655119774,-0.7841717752726938,0.6546984798744884,1.54724249628516,0.1970153691969376,0.9031969608341403,0.278447004693401,-0.47817901236586074,-1.0585635649069849,0.6768019621105564,0.9198309405445271,0.712907533839276,1.9871694960832178,0.8634888362763986,0.4354430706743016,0.7003307388738753,1.073677906635915,1
-0.8130941863973514,0.6280320030710668,1.0595359931482098,0.6351961699225247,-0.686154186090706,1.6295414709068945,-0.9097816785925635,-0.9798698523458265,1.5030090301053793,1.2852862655119774,-0.7841717752726938,-0.7164211545852054,0.4560920750129403,-0.9398979680574925,2.226273457214079,-0.1514839153831417,1.1590902819400712,1.6071324002906104,1.9577729523482446,0.8192653849325816,2.047337738671568,1.5724514782478933,-0.2755614721623999,-0.9550084003150466,1.2141882647509017,2.104049549774034,1
0.8820270268626367,0.6280320030710668,-0.009903292284735086,-1.1209928338622634,-2.2048367709682624,-0.6136695615629019,-0.9097816785925635,1.0205436952733893,-0.6653319973266479,-0.77803678980547,-0.7841717752726938,-0.07385023678561305,-0.7491331630286479,-0.23786951390584996,-0.19226655962763067,-0.7432812575602155,0.21451184291741798,-1.0585635649069849,-1.098178543380086,-1.071367060571991,-1.1561109181888274,-0.059021805128307105,1.7695515816254435,1.713817848787934,0.2400000386090393,-0.8251498357186197,0
0.8820270268626367,0.6280320030710668,0.2626988785118972,-0.8321459582397654,-2.2048367709682624,-0.6136695615629019,-0.9097816785925635,-0.9798698523458265,1.5030090301053793,-0.77803678980547,-0.7841717752726938,0.46464229291967896,0.3668161314543041,-0.8156451443138388,-0.8982319394807718,-0.822073378371056,2.1666406168975674,0.08387756303484165,0.15072191652907038,-1.413289949652605,-0.570512342062118,0.18756728655756122,0.8708852668506771,0.7506587693872521,0.6360985481392468,-0.9330935316664227,0
-0.8130941863973514,0.6280320030710668,-0.27202076420457444,-1.1209928338622634,-1.7709274610032455,-0.6136695615629019,1.0991648035240769,-0.9798698523458265,-0.6653319973266479,1.2852862655119774,-0.7841717752726938,-0.6349685030331446,-0.05972448777029082,-1.486610392529568,1.8282550447796353,-1.3145241334388091,1.2850340738097579,1.8356206258789758,-0.6738607574949008,0.8896612738609432,0.0824198682533765,0.4964263508913765,-0.03517747849836763,0.2568208414036299,-0.916179394614271,0.09237157983770593,0
-2.5082153996573395,-1.4692847479255242,0.2626988785118972,-0.24289833196987018,-0.9031088410732144,1.6295414709068945,-0.9097816785925635,-0.9798698523458265,-0.6653319973266479,-0.77803678980547,-0.7841717752726938,-0.8657510157639839,-0.6846560926807439,-0.7038176029445506,-0.07054839068743392,2.5244506658502406,0.9701745941355406,0.08387756303484165,-0.7454027097662401,-0.005372171085370079,-0.30933945793592027,0.3469784165363046,0.719258440077979,0.26382563470836173,1.6424028696484239,-0.8594955571565571,0
-0.8130941863973514,-1.4692847479255242,0.5248163504317366,0.05750241867752872,-0.9031088410732144,-0.6136695615629019,1.0991648035240769,1.0205436952733893,-0.6653319973266479,-0.77803678980547,1.2752307995939438,-0.838600131913297,-1.2748692750961719,-1.6170758574604043,-0.11923565826351266,-0.29793448775981274,0.9701745941355406,-1.1347263067697735,-0.12372781416701592,0.18570238457732605,-1.2316062050065564,-0.16363535917685745,0.7895245305336195,1.1079032279285956,-0.616429171186005,-1.085196012320145,0
0.8820270268626367,-1.4692847479255242,-0.009903292284735086,-1.1209928338622634,-2.2048367709682624,-0.6136695615629019,-0.9097816785925635,-0.9798698523458265,-0.6653319973266479,-0.77803678980547,-0.7841717752726938,-1.191561621972228,-0.7441733883865014,0.749940434856196,2.226273457214079,-1.44470241999585,0.4034275307219487,1.6071324002906104,-0.7336846313769692,0.4974556069743567,0.09262193403955625,-0.007960427556990968,-0.7526312442033257,-0.8709508806582597,0.561160992282181,-0.18730072329978378,0
-0.8130941863973514,0.6280320030710668,-0.27202076420457444,-1.1209928338622634,-1.7709274610032455,-0.6136695615629019,-0.9097816785925635,-0.9798698523458265,1.5030090301053793,1.2852862655119774,-0.7841717752726938,1.3244202815247677,-0.8086504587344052,0.8679806174126669,-0.7278265029644964,0.37522428351541187,0.7812589063310098,-0.5254243718674659,-0.5535962687629081,-1.3931768385302161,-0.7929173762008335,-1.5833907355500398,-0.9856188072930806,-0.7168454279541508,-0.5629023455738148,-0.23636603963969421,0
-0.8130941863973514,-1.4692847479255242,1.0595359931482098,-0.24289833196987018,-2.2048367709682624,-0.6136695615629019,-0.9097816785925635,1.0205436952733893,1.5030090301053793,1.2852862655119774,-0.7841717752726938,-0.9879299930920755,0.30233906110640024,1.464394171382204,1.5848187068992419,-0.5557217525865842,-0.7930384920400783,-0.5254243718674659,2.109491230440912,0.9701137183504995,1.0169290942674283,1.1975862429072552,0.47147801583966925,0.5124957970263563,-1.1945188877976605,2.261058562061747,1
-0.8130941863973514,-1.4692847479255242,1.0595359931482098,-0.5317452075923682,-2.8557007359157875,1.6295414709068945,1.0991648035240769,1.0205436952733893,-0.6653319973266479,1.2852862655119774,-0.7841717752726938,0.636597890640697,0.30233906110640024,0.9549575940332241,2.226273457214079,-0.025587809304950693,0.5293713225916359,0.08387756303484165,0.7773307398711455,1.9254864966639806,1.2189299968337843,1.151506463147775,1.1926299968317662,1.384592563465519,-1.4086261902464217,1.4416677791852432,1
-0.8130941863973514,0.6280320030710668,-0.009903292284735086,-0.8321459582397654,-1.5539728060207396,-0.6136695615629019,-0.9097816785925635,-0.9798698523458265,-0.6653319973266479,-0.77803678980547,-0.7841717752726938,2.7521042573400596,0.7735176521103132,-1.082788715362694,-0.8008574043286144,-1.6836480907156814,-0.7930384920400783,0.845504981662726,-0.5899839858664341,-1.463572727458578,-0.2828140868918531,0.5175981415916782,-0.10174535366686929,0.018657869042733567,-0.1453931057987308,-0.49641221624121945,0
0.8820270268626367,0.6280320030710668,-0.27202076420457444,-1.1209928338622634,-1.7709274610032455,-0.6136695615629019,1.0991648035240769,-0.9798698523458265,-0.6653319973266479,-0.77803678980547,-0.7841717752726938,-0.36345966452627426,-0.5805008251956684,-0.7721566560035601,1.170976932502573,-1.152657711338278,1.2850340738097579,2.3306784479871006,-0.2082213267633389,0.11530649564896445,0.3946030813104722,-0.45381343171628874,-1.6882797118494826,-1.5854397977409476,-0.08116091506410233,0.09237157983770593,0
0.8820270268626367,-1.4692847479255242,0.2626988785118972,-0.5317452075923682,-1.5539728060207396,-0.6136695615629019,-0.9097816785925635,-0.9798698523458265,-0.6653319973266479,-0.77803678980547,-0.7841717752726938,1.0981629161023758,-0.2779545720247347,-0.6354785498855411,-0.33832836235586666,-0.4169791050718432,2.0406968250278803,0.6931794979371492,-0.1786177603062332,-0.7696703937361548,-0.3501477210806385,-0.5497091895941264,-0.9745241614316632,-0.8534388973964291,-0.09186628018654054,-0.27561829271162247,0
0.8820270268626367,-1.4692847479255242,0.5248163504317366,-0.24289833196987018,-1.3370181510382313,-0.6136695615629019,1.0991648035240769,-0.9798698523458265,-0.6653319973266479,-0.77803678980547,-0.7841717752726938,0.582296122939323,-0.6846560926807439,0.3833946048124178,-0.5330774326601816,-0.9582467175984869,-0.35223522049617356,2.3306784479871006,-1.333156852133364,-0.9004056160316838,1.3474760257396472,-0.3429728804029437,-0.2977507638852345,-0.7028358413446861,1.0964292484040836,0.44073532585106984,0
-0.8130941863973514,0.6280320030710668,-0.009903292284735086,-0.5317452075923682,-1.1200634960557228,1.6295414709068945,1.0991648035240769,-0.9798698523458265,1.5030090301053793,-0.77803678980547,-0.7841717752726938,1.7950356016033426,-0.947524148714506,-0.9958117387421365,-0.7521701367525356,0.08917462752823004,1.410977865679445,-0.5254243718674659,-1.4170336237618308,-0.2869557267988171,-0.5623506894331745,-0.6655313387193071,-0.30144897917237323,-0.054892460656954675,-0.5629023455738148,-0.3099640141495599,0
-0.8130941863973514,0.6280320030710668,1.8563731077845207,1.8136914224623153,-0.03529022114318089,1.6295414709068945,1.0991648035240769,-0.9798698523458265,-0.6653319973266479,1.2852862655119774,-0.7841717752726938,0.5596703863970839,0.29241951182210735,-1.6108632162732217,-0.26529746099174867,0.40263023858005204,0.025596155112887577,-0.5254243718674659,1.3546002857847108,1.1611882740131958,0.9210296758773397,1.9635069064769985,2.220733846656397,2.099081480548207,-0.49867015483918703,1.1767150709497265,1
-0.8130941863973514,-1.4692847479255242,0.2626988785118972,-0.5317452075923682,-1.5539728060207396,-0.6136695615629019,1.0991648035240769,-0.9798698523458265,-0.6653319973266479,-0.77803678980547,-0.7841717752726938,0.2067088963381527,0.17338492041059236,0.5076474285560715,-0.8495446719046931,2.5244506658502406,0.025596155112887577,-0.5254243718674659,-0.5363275216629297,-0.9506883938376566,-0.9806353866665382,-1.0565867669484117,-1.5107653780668122,-1.7955835968829146,1.4175902020772253,-0.7172061397708165,0
-0.8130941863973514,0.6280320030710668,1.5942556358646813,1.22444379619242,-0.686154186090706,1.6295414709068945,1.0991648035240769,-0.9798698523458265,-0.6653319973266479,1.2852862655119774,-0.7841717752726938,-0.3544093699093788,2.48463990365084,-1.2381047450422609,2.226273457214079,-0.530028669713484,2.355556304702098,0.845504981662726,1.7036756735914185,2.207070052377428,1.5576385809349471,1.6272490541780869,0.8634888362763986,0.9502953785721203,-1.130286697063032,1.667368234348831,1
-0.8130941863973514,0.6280320030710668,1.5942556358646813,0.3463492943000267,-1.987882115985754,1.6295414709068945,1.0991648035240769,-0.9798698523458265,-0.6653319973266479,1.2852862655119774,-0.7841717752726938,-0.9426785200075971,-1.121116261189632,-0.6230532675111758,0.5891640849684324,-1.1021279816878478,0.08856805104773116,0.6931794979371492,1.4045563041810774,0.42705971804599463,1.8698217939920434,0.7467516409361221,1.7732497969125822,1.885435284753874,-1.3015725390220412,1.5643310700350195,1
-0.8130941863973514,0.6280320030710668,2.11849057970436,0.6351961699225247,-2.421791425950771,1.6295414709068945,1.0991648035240769,1.0205436952733893,1.5030090301053793,1.2852862655119774,-0.7841717752726938,-1.0467569081018973,-0.9971218951359705,-1.0206623034908673,1.2050580198058278,-0.8957268826072764,-0.8560103879749219,0.08387756303484165,0.9407670963530843,1.5735070520221717,1.1638388415884147,0.5300521361212674,2.498099993191819,2.442316352480087,-0.8840632992469564,1.5054526904271275,1
-0.8130941863973514,0.6280320030710668,0.5248163504317366,0.3463492943000267,-0.2522448761256893,-0.6136695615629019,1.0991648035240769,-0.9798698523458265,-0.6653319973266479,1.2852862655119774,-0.7841717752726938,0.7497265733518929,2.48463990365084,-0.4677372378316089,0.4309304653461768,0.3521005089296214,0.4034275307219487,1.3024814328394567,1.3138953819061905,1.4025456074818647,1.9718424518538393,0.7915860212426432,0.023993966095855496,-0.2965578296702169,0.3149375944661052,1.5103592220611182,1
0.8820270268626367,0.6280320030710668,-0.009903292284735086,-0.5317452075923682,-1.1200634960557228,-0.6136695615629019,1.0991648035240769,-0.9798698523458265,-0.6653319973266479,-0.77803678980547,1.2752307995939438,0.709000247575862,1.2694951163249584,-0.6106279851368105,0.4698802794070396,0.018946867675089556,-0.7930384920400783,0.08387756303484165,-0.3106003274274971,-0.6489917270018204,-0.3868751579108854,-0.4986478120228102,0.22369759160135946,0.14474414852791406,0.5504556271597427,-0.7809910510126999,0
0.8820270268626367,0.6280320030710668,1.8563731077845207,0.3463492943000267,-2.421791425950771,1.6295414709068945,-0.9097816785925635,-0.9798698523458265,-0.6653319973266479,-0.77803678980547,-0.7841717752726938,0.04380359323403053,0.23290221611634984,-0.05149027829036945,0.8910251439401204,1.781492352769761,-0.7930384920400783,-1.9725164672604463,-0.7972089510661755,-0.17633361562567731,-1.5417490049064164,-0.6443595480190051,0.2939636820569988,0.5124957970263563,-0.07045554994166489,-1.4482793532354825,0
0.8820270268626367,-1.4692847479255242,-0.27202076420457444,-0.5317452075923682,-0.686154186090706,-0.6136695615629019,1.0991648035240769,-0.9798698523458265,1.5030090301053793,-0.77803678980547,-0.7841717752726938,-0.8612258684555363,-1.0268805429888492,-0.3807602612110515,0.043866688116350964,-1.3967419986327296,-0.10034763675679959,-0.6015871137302543,0.4886959669143628,-1.3026678384794652,-0.8337256393455519,-0.9395192183702721,-0.04997033964692367,-0.19849072340396523,0.7966790249758177,-0.7564583928427447,0
0.8820270268626367,0.6280320030710668,1.0595359931482098,0.05750241867752872,-1.7709274610032455,-0.6136695615629019,1.0991648035240769,1.0205436952733893,1.5030090301053793,1.2852862655119774,1.2752307995939438,0.8990564345306714,-0.411868487362689,0.1970153691969376,-0.8982319394807718,0.12171919916749015,0.15153994698257475,0.845504981662726,-0.4462833403558992,-0.18639017118687187,-0.06448987906760992,-1.5036851705606682,-0.3236382708952068,-0.0829116338758835,-0.5629023455738148,-0.26089869780964947,0
-0.8130941863973514,-1.4692847479255242,0.5248163504317366,0.05750241867752872,-0.9031088410732144,1.6295414709068945,1.0991648035240769,1.0205436952733893,-0.6653319973266479,1.2852862655119774,-0.7841717752726938,0.8900061399137755,1.2149375952613477,0.25914178106876445,0.9518842284102188,0.1345657406040401,-0.7930384920400783,0.08387756303484165,0.6138943833892067,1.0405096072788615,1.200566278418661,1.1789052511128713,0.8006191763950368,0.5930509200307769,-0.10257164530897875,1.4024155261133144,1
-0.8130941863973514,0.6280320030710668,-0.009903292284735086,-0.5317452075923682,-1.1200634960557228,-0.6136695615629019,1.0991648035240769,-0.9798698523458265,1.5030090301053793,-0.77803678980547,1.2752307995939438,-0.30010760220800475,-0.08948313562316956,-0.7038176029445506,-0.3724094496591218,-1.3068162085768789,-1.0449260757794525,-0.6015871137302543,-0.2544768993525669,-0.9506883938376566,-0.9153421656349886,-1.4675685864248593,-2.3761477552573287,-2.4190102010040833,0.7324468342411892,-0.37865545702543413,0
0.8820270268626367,0.6280320030710668,-0.5446229350012067,-0.5317452075923682,-0.03529022114318089,-0.6136695615629019,1.0991648035240769,1.0205436952733893,-0.6653319973266479,-0.77803678980547,1.2752307995939438,-1.52189737548892,-1.1955128808218285,-1.138702486047338,-0.4089249003411808,-0.46322665424342374,0.4663994266567923,1.3024814328394567,-1.1660200498442868,-0.015428726646564847,-0.12570227378468732,-0.20473354112450237,0.40121192538402883,0.38640951754117575,0.11153565713978233,-0.32959014068552367,0
-3.3557760062873334,0.6280320030710668,0.5248163504317366,0.05750241867752872,-0.9031088410732144,1.6295414709068945,-0.9097816785925635,-0.9798698523458265,1.5030090301053793,1.2852862655119774,-0.7841717752726938,-1.1282095596539583,-0.06468426241243738,-0.697604961757368,-1.1294964604671456,-0.848622897339926,-0.35223522049617356,-0.5254243718674659,-0.31245055033106633,-1.2222153939899087,-0.9541100156224712,-0.7103657190258287,-0.11283999952828659,0.09921299204715464,-0.33808967800261625,-0.6730473550648968,0
0.8820270268626367,-1.4692847479255242,1.0595359931482098,0.3463492943000267,-1.3370181510382313,-0.6136695615629019,-0.9097816785925635,-0.9798698523458265,1.5030090301053793,1.2852862655119774,-0.7841717752726938,-0.2593812764319743,1.4083688063050592,-0.5298636497034357,-0.6231488776759272,0.2715955159272411,-0.7930384920400783,0.08387756303484165,1.6463187635807752,-0.025485282207759166,1.17608132053183,0.13401511008032735,0.19041365401710864,0.501988607069258,-1.4514476507361738,1.0883975015378886,1
0.8820270268626367,0.6280320030710668,-0.009903292284735086,-0.5317452075923682,-1.1200634960557228,-0.6136695615629019,1.0991648035240769,-0.9798698523458265,-0.6653319973266479,1.2852862655119774,-0.7841717752726938,0.007602414766447829,-0.02004629063311916,-0.4428866730828782,-1.1684462745280086,-0.49405835369114387,-0.7930384920400783,-0.5254243718674659,-1.2116588814656586,-1.7451562831720246,-0.9704333208803586,-0.9357830200113952,1.6623033382984134,1.4301237199462788,0.8395004854655698,-0.918373936764449,0
0.8820270268626367,0.6280320030710668,0.5248163504317366,-0.24289833196987018,-1.3370181510382313,-0.6136695615629019,-0.9097816785925635,1.0205436952733893,1.5030090301053793,1.2852862655119774,1.2752307995939438,1.2339173353558108,0.34201725824357193,1.7812388719285204,-0.6061083340242995,1.3241554776285778,2.355556304702098,0.6931794979371492,-0.12434455513487218,-0.3171253934824007,-0.3317840026655153,-1.086476353819426,-0.856181272243217,-1.2316977358519696,1.4282955671996627,-0.32959014068552367,0
-0.8130941863973514,-3.566601498922115,-0.5446229350012067,-1.1209928338622634,-1.3370181510382313,-0.6136695615629019,1.0991648035240769,1.0205436952733893,-0.6653319973266479,-0.77803678980547,-0.7841717752726938,-0.45396261069523103,-1.0665587401260206,-0.3745476200238687,-0.550117976311809,0.4488777877516323,-1.4227574513885135,-1.1347263067697735,-0.4203802197059314,-1.4434596163361888,-1.1989595944907818,-0.4762306218695493,-0.6047026327177675,-0.4051321258935663,-0.1668038360436072,-0.7908041142806822,0
0.8820270268626367,0.6280320030710668,-0.009903292284735086,-0.5317452075923682,-1.1200634960557228,-0.6136695615629019,-0.9097816785925635,1.0205436952733893,-0.6653319973266479,1.2852862655119774,1.2752307995939438,0.5053686186957098,0.7586383281838741,0.3896072459996006,-0.778948133919379,0.21678360579796072,0.025596155112887577,-0.6015871137302543,-0.2322742245097375,0.336550717995244,-0.8704530761757985,0.05680034399687335,1.610528324278469,1.4056069433797154,0.775268294730942,-0.918373936764449,0
0.8820270268626367,0.6280320030710668,-0.009903292284735086,-1.1209928338622634,-2.2048367709682624,1.6295414709068945,1.0991648035240769,1.0205436952733893,-0.6653319973266479,1.2852862655119774,-0.7841717752726938,2.358868956235942,-0.32259254380405294,2.5236494937968508,-0.7497357733737318,-1.286261742278399,0.21451184291741798,0.5408540142115723,2.0342488323624344,-0.46797372690031885,1.3046273494376925,-0.1212917777762537,-0.37171506962801365,0.2568208414036299,-2.4791627024902265,1.4073220577473065,1
0.8820270268626367,0.6280320030710668,0.5248163504317366,0.05750241867752872,-0.9031088410732144,1.6295414709068945,1.0991648035240769,1.0205436952733893,1.5030090301053793,1.2852862655119774,-0.7841717752726938,-1.8069816559211334,-0.8334493319451375,2.5236494937968508,-0.550117976311809,-0.6593505201747549,-0.7930384920400783,-0.2969361462791006,0.8797097405353037,1.855090607735619,1.1067072731858085,1.0282119173048403,-0.11283999952828659,0.1552513384850123,-1.1945188877976605,0.9215754259821928,1
0.8820270268626367,0.6280320030710668,0.5248163504317366,-0.5317452075923682,-1.987882115985754,1.6295414709068945,1.0991648035240769,1.0205436952733893,-0.6653319973266479,1.2852862655119774,-0.7841717752726938,-0.5218398203219488,-0.7144147405336226,-0.10119140778783092,0.14124122326850844,-1.4909499691674304,-0.7930384920400783,0.08387756303484165,0.7168901250212211,1.1109054962072231,1.3311527204817601,0.9945861320749493,0.26067974447274905,0.3093567911891216,-0.7127774572879482,1.2208738556556462,1
0.8820270268626367,0.6280320030710668,-0.5446229350012067,0.05750241867752872,1.0494830537693587,-0.6136695615629019,1.0991648035240769,1.0205436952733893,-0.6653319973266479,-0.77803678980547,1.2752307995939438,-0.11910170987009124,0.2824999625378144,-0.8839841973728483,-0.8300697648742617,0.00610032623853929,-0.7930384920400783,1.2263186909766683,-1.1913064295263982,-0.7897835048585439,-0.26445036847672987,-0.32802808696743635,0.5454423215824484,0.6666012497304651,-0.40232186873724396,-0.12351581205790034,0
0.8820270268626367,0.6280320030710668,1.0595359931482098,0.6351961699225247,-0.686154186090706,1.6295414709068945,1.0991648035240769,1.0205436952733893,-0.6653319973266479,1.2852862655119774,-0.7841717752726938,0.19765860172125682,2.0630590590683915,0.5635611992407155,-0.3505001792498864,-0.6045386100454745,-1.6116731391930441,-0.6015871137302543,0.5972423772570844,0.5477383847803292,0.9802016574371817,1.1178806779178831,0.5898209050281155,0.8697402555677002,-1.4942691112259259,1.2404999821916107,1
0.8820270268626367,0.6280320030710668,-0.5446229350012067,-1.1209928338622634,-1.3370181510382313,-0.6136695615629019,-0.9097816785925635,1.0205436952733893,1.5030090301053793,-0.77803678980547,1.2752307995939438,-1.3906681035439328,-1.1508749090425106,0.05412462189173602,-0.3553689060074943,-0.7270089717405853,2.355556304702098,-0.6015871137302543,-0.6584422332984915,-0.3875212824107625,-0.7500686998988791,-1.0428873729658634,-1.425706426462617,-1.1826641827188442,-0.18821456628848288,-0.7368322663067809,0
0.8820270268626367,0.6280320030710668,1.0595359931482098,0.05750241867752872,-1.7709274610032455,1.6295414709068945,1.0991648035240769,-0.9798698523458265,1.5030090301053793,1.2852862655119774,-0.7841717752726938,-0.8431252792217448,-1.101277162621046,-1.1697656919832515,-0.3894499933107493,-0.5839841437469945,0.21451184291741798,0.6931794979371492,1.2331023151170055,0.8494350516161655,1.3944055283560735,0.8127578119429449,-0.0943489230925918,-0.15646196357557224,-0.4451433292269968,1.47601350062318,1
0.8820270268626367,0.6280320030710668,-0.009903292284735086,-0.5317452075923682,-1.1200634960557228,-0.6136695615629019,-0.9097816785925635,-0.9798698523458265,1.5030090301053793,1.2852862655119774,1.2752307995939438,1.858387663921612,1.209977820619201,0.1286763161379282,-0.7497357733737318,-1.0867121319639876,2.355556304702098,-0.6015871137302543,-0.530160111984366,-0.04559839333014826,-0.6847754788673296,-1.1362923319377833,-0.7933116123618541,-0.6993334446923203,0.21858930836416288,-0.8545890255225657,0
0.8820270268626367,0.6280320030710668,-0.5446229350012067,-1.1209928338622634,-1.3370181510382313,-0.6136695615629019,1.0991648035240769,1.0205436952733893,1.5030090301053793,1.2852862655119774,-0.7841717752726938,0.5687206810139793,2.325927115102153,-0.020427072354456177,0.7084478905298254,0.5593580441059629,-0.7867413024465939,-1.1347263067697735,1.6919575952021475,1.1712448295743905,0.7537157969839946,1.7866601841568301,0.32724761964124965,1.0133385183147108,-2.511278797857541,0.8234447933023719,1
-0.8130941863973514,-1.4692847479255242,1.0595359931482098,1.22444379619242,0.1816644338393275,1.6295414709068945,1.0991648035240769,-0.9798698523458265,1.5030090301053793,1.2852862655119774,-0.7841717752726938,-0.22318009796439162,0.054350328999077595,0.8679806174126669,0.9518842284102188,-0.23198890838552202,-0.7300665961052347,0.6931794979371492,1.281824851577659,1.241640718502752,1.4352137915007916,1.237439025401941,0.7895245305336195,1.335559010332393,-2.511278797857541,1.6330225129108944,1
0.8820270268626367,0.6280320030710668,0.5248163504317366,0.3463492943000267,-0.2522448761256893,1.6295414709068945,1.0991648035240769,1.0205436952733893,-0.6653319973266479,1.2852862655119774,-0.7841717752726938,0.4103405252183053,2.48463990365084,-0.5671394968265318,1.5556063463535947,1.6239081111480798,-0.16331953269164318,-0.6015871137302543,2.185967110455102,1.0606227184012507,0.9353125679779912,2.3956605166537477,0.7858263152464807,0.9678073618339509,-1.2159296180425363,1.2012477291196817,1
-0.8130941863973514,0.6280320030710668,0.7869338223515759,1.22444379619242,0.8325283987868527,1.6295414709068945,1.0991648035240769,-0.9798698523458265,1.5030090301053793,1.2852862655119774,-0.7841717752726938,1.9126894316229863,0.2775401878956681,-0.5982027027624451,1.2561796507607108,-1.6982075043437714,1.2850340738097579,2.3306784479871006,1.1806793328492136,1.1813013851355847,3.134877951478314,1.2449114221196949,-1.2444938773928076,-1.4488463282986688,-0.2952682175128634,2.589796181539148,1
3.4247088467526186,-1.4692847479255242,-0.5446229350012067,-0.5317452075923682,-0.03529022114318089,-0.6136695615629019,1.0991648035240769,1.0205436952733893,-0.6653319973266479,-0.77803678980547,1.2752307995939438,0.5777709756308748,1.2992537641778374,2.5236494937968508,-0.664533055115594,0.04378351445241964,-0.7930384920400783,0.08387756303484165,0.840855059560352,-0.5081999491450968,-0.5909164736344774,-1.0715315603839188,0.7525423776622299,1.468650083122306,-1.9760105417356382,-0.7760845193787091,0
0.8820270268626367,0.6280320030710668,-0.009903292284735086,-0.5317452075923682,-1.1200634960557228,1.6295414709068945,1.0991648035240769,-0.9798698523458265,-0.6653319973266479,1.2852862655119774,-0.7841717752726938,-1.3635172196932457,-1.3036359680206213,-0.4118234671469648,2.226273457214079,-0.7998060398810357,-2.071367979517402,0.08387756303484165,2.139711537865874,0.74886949600422,1.2964656968087491,0.8999357736500702,0.6305012731866448,0.8277114957393062,-1.1195813319405938,0.946108084152148,1
2.5771482401226247,0.6280320030710668,-0.009903292284735086,0.05750241867752872,-0.03529022114318089,1.6295414709068945,-0.9097816785925635,-0.9798698523458265,1.5030090301053793,-0.77803678980547,-0.7841717752726938,-1.331841188534111,-0.8136102333765517,-0.49880044376752225,-0.4162279904775927,1.045813746503326,0.025596155112887577,1.3024814328394567,-1.101878989187224,-1.463572727458578,-0.15426805798599033,-1.64192450983911,1.0483996006333465,1.0238457082718095,-0.07045554994166489,-0.0450113059140432,0
-0.8130941863973514,0.6280320030710668,-0.5446229350012067,0.05750241867752872,1.0494830537693587,1.6295414709068945,-0.9097816785925635,1.0205436952733893,-0.6653319973266479,-0.77803678980547,-0.7841717752726938,1.365146607300798,0.8578338210268028,-0.4677372378316089,-0.9104037563747914,-1.6442520303102612,-0.35223522049617356,-0.6015871137302543,-1.3060202495476836,-0.29701228236001165,-0.8786147288047421,-1.6058079257033004,0.17931900815569132,-0.20549551670869756,1.567465313791357,-0.9576261898363779,0
0.8820270268626367,0.6280320030710668,-0.009903292284735086,0.3463492943000267,0.6155737438043443,1.6295414709068945,1.0991648035240769,1.0205436952733893,-0.6653319973266479,1.2852862655119774,1.2752307995939438,-0.3046327495164525,-0.5259433041320574,-0.23786951390584996,-0.6596643283579862,-0.7955238594021858,-0.5411509083007043,0.08387756303484165,-0.40064450873452745,-0.5886523936346532,-0.7215029156975762,-0.5248012005349477,0.7858263152464807,0.8487258756535038,0.047303466405153864,-0.8349628989866018,0
0.8820270268626367,0.6280320030710668,-0.009903292284735086,-0.5317452075923682,-1.1200634960557228,-0.6136695615629019,1.0991648035240769,1.0205436952733893,-0.6653319973266479,-0.77803678980547,1.2752307995939438,0.17503286517901773,0.837994722458217,-0.05149027829036945,0.1680192204353518,-0.9342665069169266,-1.2968136595188264,0.6931794979371492,-0.6498078597485024,-0.6288786158794314,-0.34606689476616675,-0.24458632361918803,0.20150829987852487,0.004648282433269401,0.7110361039963136,-0.32959014068552367,0
-0.8130941863973514,0.6280320030710668,-0.5446229350012067,-1.1209928338622634,-1.3370181510382313,-0.6136695615629019,1.0991648035240769,-0.9798698523458265,1.5030090301053793,-0.77803678980547,-0.7841717752726938,-1.0693826446441366,-0.7640124869550872,-1.0206623034908673,-0.10462947799068893,0.041214206165109527,-0.7930384920400783,0.08387756303484165,-0.17615079643480774,-0.568539282512264,-0.6806946525528579,-1.4638323880659825,1.0151156630490956,0.9047642220913614,0.4969288015475524,-0.751551861208754,0
0.8820270268626367,0.6280320030710668,0.2626988785118972,0.3463492943000267,0.1816644338393275,1.6295414709068945,1.0991648035240769,-0.9798698523458265,-0.6653319973266479,1.2852862655119774,-0.7841717752726938,-1.3544669250763501,-0.7044951912493297,-0.5982027027624451,-0.7546045001313395,2.5244506658502406,-0.7930384920400783,-0.44926163000467745,1.2435869115705638,1.0002833850340835,0.9373529811352271,1.4304759406105754,0.8819799127120934,1.4511380998604753,-2.511278797857541,1.4220416526492787,1
-0.8130941863973514,0.6280320030710668,-0.009903292284735086,0.05750241867752872,-0.03529022114318089,-0.6136695615629019,1.0991648035240769,-0.9798698523458265,-0.6653319973266479,1.2852862655119774,1.2752307995939438,-0.5580409987895314,0.25770108932708224,-0.5733521380137144,-0.927444300026419,-1.794984783165782,1.5998935534839758,-0.6015871137302543,-0.7546538242840859,-1.0814236161331854,-0.7480282867416432,-0.9918259953945472,-0.31994005560806804,-0.5417255953358451,1.0321970576694552,-0.7073930765028342,0
0.8820270268626367,0.6280320030710668,0.5248163504317366,0.05750241867752872,-0.9031088410732144,1.6295414709068945,1.0991648035240769,-0.9798698523458265,-0.6653319973266479,-0.77803678980547,1.2752307995939438,0.6954248056505188,0.47593117358152615,0.17216480444820687,-0.26773182437055254,-1.43442518684661,1.2220621778749143,1.3024814328394567,-1.070425199826549,-1.0814236161331854,0.05589449720930973,-0.5235558010819888,1.869403394378196,1.6087459492169505,0.561160992282181,-0.16276806512982855,0
-0.8130941863973514,0.6280320030710668,-0.27202076420457444,0.05750241867752872,0.6155737438043443,1.6295414709068945,1.0991648035240769,1.0205436952733893,-0.6653319973266479,1.2852862655119774,-0.7841717752726938,-0.7842983642119231,-0.23331660024541673,-1.3002311569140874,0.14610995002611643,0.16111525957291048,-1.1708698676491394,2.3306784479871006,0.2950393030074615,1.100848940646029,2.3921675622444387,1.9884148955361771,1.2185175038417384,0.9888217417481484,-0.25244675702311137,1.7458727404926875,1
0.8820270268626367,0.6280320030710668,-0.5446229350012067,-1.1209928338622634,-1.3370181510382313,1.6295414709068945,-0.9097816785925635,1.0205436952733893,-0.6653319973266479,-0.77803678980547,-0.7841717752726938,0.8583301087546406,1.0363857081440753,-0.6416911910727238,0.6621949863325505,-0.7458505658475255,-1.6746450351278876,-0.06844792069073524,-0.6880457997555974,-1.0110277272048236,-0.7623111788422946,0.058045743449832564,0.2976618973441386,-0.8359269141345985,2.836051080800266,-0.38846852029341633,0
0.8820270268626367,-1.4692847479255242,0.2626988785118972,0.3463492943000267,0.1816644338393275,1.6295414709068945,1.0991648035240769,1.0205436952733893,1.5030090301053793,1.2852862655119774,-0.7841717752726938,-0.6168679137993532,-0.8136102333765517,0.010636133581457378,0.3213841132999997,0.48056592329512227,-0.7930384920400783,1.8356206258789758,1.6413848358379244,1.2617538296251412,1.9657212123821313,0.9646965452039352,-0.7822169665004378,-0.19498832675159933,-2.4791627024902265,1.8390968415385176,1
-0.8130941863973514,0.6280320030710668,-0.27202076420457444,-0.5317452075923682,-0.686154186090706,1.6295414709068945,-0.9097816785925635,1.0205436952733893,-0.6653319973266479,-0.77803678980547,1.2752307995939438,0.31983757904934856,-0.14404065668678048,-0.1757431020340231,0.16315049367774384,-1.0858556958682177,-0.7930384920400783,0.6931794979371492,-0.40742865938094774,-1.5540817275093286,-0.19099549481623684,-1.030433378436274,-1.422008211175477,-1.872636323234969,1.8565101720971848,-0.574916722385076,0
0.8820270268626367,0.6280320030710668,-1.0688578788408853,-0.5317452075923682,1.0494830537693587,-0.6136695615629019,1.0991648035240769,1.0205436952733893,-0.6653319973266479,-0.77803678980547,-0.7841717752726938,0.2926866951986613,0.8875924688796818,2.5236494937968508,-0.8300697648742617,-0.24312257763053233,2.355556304702098,-0.6015871137302543,-1.389280280208294,-0.11599428225851029,-0.880655141961978,-1.9096853922252803,0.03878682724441154,0.1132225786566188,0.13294638738465875,-0.8251498357186197,0
0.8820270268626367,0.6280320030710668,-0.5446229350012067,0.05750241867752872,1.0494830537693587,1.6295414709068945,-0.9097816785925635,1.0205436952733893,-0.6653319973266479,-0.77803678980547,1.2752307995939438,0.22480948557194405,2.1820936504799056,0.09761311020201467,0.8910251439401204,0.1936598312121706,0.15153994698257475,0.23620304676041853,-0.3044329177489333,-0.08582461557492643,-0.21344003954583185,-0.8075068763566251,-0.09804713837973054,-0.16346675688030407,0.6253931830168087,-0.9281870000324313,0
0.8820270268626367,0.6280320030710668,-0.009903292284735086,0.3463492943000267,0.6155737438043443,-0.6136695615629019,1.0991648035240769,1.0205436952733893,1.5030090301053793,1.2852862655119774,-0.7841717752726938,2.7521042573400596,0.3618563568121577,-0.138467254910927,0.3798088343912942,-0.6105336627158646,-0.41520711643101715,0.08387756303484165,1.3903712619203805,1.1813013851355847,1.280142391550862,1.0070401266045386,-0.1720114441225097,-0.12143799705191108,-0.7341881875328238,1.3926024628453328,1
0.8820270268626367,0.6280320030710668,-0.009903292284735086,0.05750241867752872,-0.03529022114318089,1.6295414709068945,1.0991648035240769,1.0205436952733893,-0.6653319973266479,1.2852862655119774,-0.7841717752726938,-1.1024162199958059,-0.7392136137443549,0.24050385750721623,-0.22878201030968956,0.23219945552182078,0.5923432185264791,2.3306784479871006,0.5805903711249626,1.4930546075326154,2.5105115253641217,0.46653676402036204,0.5269512451467536,0.5720365401165803,-1.0553491412059655,1.9028817527804018,1
-0.8130941863973514,0.6280320030710668,0.2626988785118972,0.3463492943000267,0.1816644338393275,1.6295414709068945,1.0991648035240769,-0.9798698523458265,-0.6653319973266479,1.2852862655119774,-0.7841717752726938,0.13883168671143503,0.029551455788345414,-0.09497876660064809,-0.7862512240557907,-1.0790042071020576,2.355556304702098,-0.6777498555930428,-0.6047857690949872,0.2862679401892715,-0.9602312550941788,-0.7701448927678571,1.237008580277433,1.3670805802036883,-0.11327701043141696,-1.124448265392073,0
-0.8130941863973514,-1.4692847479255242,-0.8067404069210461,-0.5317452075923682,0.3986190888218359,-0.6136695615629019,1.0991648035240769,1.0205436952733893,-0.6653319973266479,-0.77803678980547,1.2752307995939438,0.9488330549235973,0.5701668917823087,-0.7963859566335726,-0.7424326832373199,-0.019592756634560934,-0.7930384920400783,-0.5254243718674659,-0.6504246007163587,-0.10593772669731552,-0.8500489446034393,-0.645604947471964,0.4123065712454461,0.3303711711033181,0.6575092783841232,-1.1048221388561092,0
-0.8130941863973514,0.6280320030710668,-0.009903292284735086,0.6351961699225247,1.266437708751867,1.6295414709068945,1.0991648035240769,-0.9798698523458265,1.5030090301053793,1.2852862655119774,-0.7841717752726938,-0.5399404095557401,0.45113230037079377,0.7810036407921093,0.5258706371195302,0.6261600595760234,-0.7930384920400783,-0.6777498555930428,0.5670220698321224,-0.04559839333014826,0.8924638916760371,1.0257211183989225,-0.656477646737713,-0.1669691535326705,-1.9867159068580764,1.3729763363093683,1
0.8820270268626367,-4.615259874420411,-0.5446229350012067,-0.5317452075923682,-0.03529022114318089,-0.6136695615629019,1.0991648035240769,1.0205436952733893,-0.6653319973266479,-0.77803678980547,-0.7841717752726938,1.808611043528686,0.21802289218991058,-0.5795647792008971,-0.9858690211177135,0.4454520433685523,-0.8560103879749219,-0.6015871137302543,-0.5258429252093714,-1.5339686163869395,-0.8174023340876645,-1.0951941499901385,-0.3347329167566241,-0.5102040254645498,1.021491692547017,-0.9870653796403239,0
0.8820270268626367,0.6280320030710668,-0.27202076420457444,0.3463492943000267,1.266437708751867,-0.6136695615629019,1.0991648035240769,-0.9798698523458265,-0.6653319973266479,1.2852862655119774,1.2752307995939438,0.09358021362695684,1.145500750271297,0.060337263078918846,-0.774079407161771,-0.8109397091260458,-1.485729347323357,0.08387756303484165,-0.3765916109881291,-1.1015367272555745,-0.48889581577268143,-0.5995251677124837,-0.9745241614316632,-0.8954676572248226,0.02589273616027821,-0.23636603963969421,0
0.8820270268626367,0.6280320030710668,0.5248163504317366,0.6351961699225247,0.1816644338393275,1.6295414709068945,1.0991648035240769,1.0205436952733893,1.5030090301053793,1.2852862655119774,1.2752307995939438,-0.8657510157639839,0.704080807120263,-0.5795647792008971,-0.6791392353884177,-1.1278210645609479,2.355556304702098,1.3024814328394567,-0.07068809093136785,-0.6892179492465986,-0.1440659921998106,-0.430150842110069,-0.5899097715692114,-0.30356262297494874,-0.5843130758186912,-0.4375338366333268,0
-0.8130941863973514,0.6280320030710668,-0.5446229350012067,0.05750241867752872,1.0494830537693587,1.6295414709068945,1.0991648035240769,-0.9798698523458265,-0.6653319973266479,1.2852862655119774,-0.7841717752726938,-0.41776143222764833,-0.03492561455955864,-0.3745476200238687,0.12663504299568493,-1.1346725533271078,2.355556304702098,0.6931794979371492,1.7172439748842585,1.291923496308725,1.3862438757271298,0.470272962379239,0.01659753552157695,0.20078249496577172,-1.0767598714508417,1.1669020076817451,1
0.8820270268626367,-1.4692847479255242,-0.27202076420457444,0.3463492943000267,1.266437708751867,-0.6136695615629019,1.0991648035240769,1.0205436952733893,-0.6653319973266479,-0.77803678980547,-0.7841717752726938,0.48274288215347033,0.5602473424980158,-0.23786951390584996,-0.5038650721145344,0.6201650069056334,0.21451184291741798,-0.6015871137302543,-1.405932286340416,-1.1015367272555745,-1.0459286076980876,0.14397830570399858,-0.6712705078862691,-0.962013193619779,1.4604116625669765,-1.0655698857841804,0
-0.8130941863973514,0.6280320030710668,0.2626988785118972,0.3463492943000267,0.1816644338393275,1.6295414709068945,-0.9097816785925635,1.0205436952733893,1.5030090301053793,1.2852862655119774,-0.7841717752726938,-0.7028457126598621,-0.937604599430213,-1.175978333170434,0.0389979613587432,-0.02986998978380078,-0.35223522049617356,2.3306784479871006,0.5966256362892282,1.070679273962445,2.612532183225918,1.0107763249634154,-0.763725890064743,-0.6993334446923203,-1.1516974273079077,2.4720394223233626,1
0.8820270268626367,0.6280320030710668,1.0595359931482098,1.22444379619242,0.1816644338393275,1.6295414709068945,1.0991648035240769,1.0205436952733893,1.5030090301053793,1.2852862655119774,-0.7841717752726938,-0.7661977749781318,-0.9276850501459201,-0.032852354728821545,-0.6596643283579862,0.587620435266373,-0.35223522049617356,0.845504981662726,1.2830583335133718,0.35666382911763306,1.4678604020165664,0.9559787490332221,0.2791708209084438,0.17976811505157522,-0.3809111384923683,1.4711069689891894,1
0.8820270268626367,0.6280320030710668,-0.27202076420457444,0.05750241867752872,0.6155737438043443,-0.6136695615629019,1.0991648035240769,1.0205436952733893,-0.6653319973266479,1.2852862655119774,1.2752307995939438,-1.1417850015793019,-0.6102594730485471,0.6194749699253598,0.46501155264943184,-1.002781394578527,-0.7930384920400783,0.6931794979371492,-0.18910235675979165,-0.830009727103322,-0.5052191210305684,-0.08143899528156802,-0.748933028916187,-0.5417255953358451,-0.24174139190067315,-0.6092624438230133,0
-0.8130941863973514,0.6280320030710668,-0.5446229350012067,-0.24289833196987018,0.6155737438043443,-0.6136695615629019,1.0991648035240769,1.0205436952733893,-0.6653319973266479,-0.77803678980547,1.2752307995939438,0.360563904825379,0.45113230037079377,-0.8839841973728483,-0.4673496214324753,0.1345657406040401,1.7888092412885064,-1.1347263067697735,-0.34945500840244836,-1.503798949703356,-1.08469645768557,-0.5098564070994407,-2.3761477552573287,-2.4190102010040833,1.0321970576694552,-0.972345784738351,0
0.8820270268626367,0.6280320030710668,-0.009903292284735086,0.3463492943000267,0.6155737438043443,1.6295414709068945,1.0991648035240769,1.0205436952733893,-0.6653319973266479,1.2852862655119774,-0.7841717752726938,-1.5399979647227113,-1.0219207683467026,-0.6603291146342718,0.11689758948046919,-0.9505387927365568,2.355556304702098,-0.06844792069073524,3.0379947575486823,0.41700316248480035,1.5249919704191726,1.6147950596484975,2.2946981523991763,2.011521564239054,-0.10257164530897875,1.3729763363093683,1
0.8820270268626367,0.6280320030710668,-0.27202076420457444,0.05750241867752872,0.6155737438043443,-0.6136695615629019,1.0991648035240769,-0.9798698523458265,1.5030090301053793,1.2852862655119774,-0.7841717752726938,-0.8431252792217448,-1.111196711905339,-0.7410934500676467,-0.12653874839992432,0.7272195188768841,-0.10034763675679959,0.23620304676041853,1.4057897861167898,0.10524994008776968,1.3025869362804572,1.198831642360214,1.4034282681986863,0.8066971158251097,0.89302731107776,1.6281159812769035,1
0.8820270268626367,0.6280320030710668,-1.0688578788408853,-0.5317452075923682,1.0494830537693587,1.6295414709068945,-0.9097816785925635,-0.9798698523458265,1.5030090301053793,-0.77803678980547,-0.7841717752726938,0.1840831597959136,-0.3523511916569316,-1.0206623034908673,-1.148971367497577,-0.13606806565928162,0.5293713225916359,-0.373098888141889,1.5427062809809051,0.11530649564896445,1.1352730573871115,0.5163527421387193,0.04988147310582779,0.09921299204715464,-0.8412418387572044,1.5692376016690102,1
0.8820270268626367,0.6280320030710668,1.0595359931482098,1.22444379619242,0.1816644338393275,-0.6136695615629019,1.0991648035240769,1.0205436952733893,-0.6653319973266479,-0.77803678980547,-0.7841717752726938,-0.010498174467343522,-0.21347750167683088,-0.43667403189569554,2.226273457214079,-1.2288805238618086,-0.7930384920400783,-0.44926163000467745,0.470810478846528,0.6885301626370528,-0.8214831604021363,0.14397830570399858,-0.21269181228103803,-0.3876201426317357,0.9465541366899503,-0.8938412785944938,0
-0.8130941863973514,0.6280320030710668,-0.5446229350012067,0.05750241867752872,1.0494830537693587,1.6295414709068945,-0.9097816785925635,1.0205436952733893,-0.6653319973266479,1.2852862655119774,1.2752307995939438,-0.6168679137993532,2.48463990365084,-0.21923159034430176,2.226273457214079,0.5353778334244027,0.025596155112887577,-0.44926163000467745,2.153896580126571,1.2114710518191687,0.9965249626950691,1.106672082841253,-0.6860633690348251,-0.5802519585118722,-0.6057238060635676,0.906855831080219,1
-0.8130941863973514,0.6280320030710668,-0.009903292284735086,0.05750241867752872,-0.03529022114318089,-0.6136695615629019,1.0991648035240769,1.0205436952733893,-0.6653319973266479,1.2852862655119774,1.2752307995939438,-1.358992072384798,-0.5209835294899109,-0.542288932077801,0.2118377612538226,-0.13007301298889157,0.5293713225916359,-0.2969361462791006,-0.6929797274984485,1.070679273962445,-0.6582501078232627,-0.46128582843404226,1.3368603930301857,0.9012618254389955,1.492527757934292,-0.8594955571565571,0
0.8820270268626367,0.6280320030710668,0.5248163504317366,0.6351961699225247,0.1816644338393275,-0.6136695615629019,1.0991648035240769,1.0205436952733893,-0.6653319973266479,1.2852862655119774,-0.7841717752726938,-0.11457656256164349,0.46601162429723325,-0.9647485328062231,0.9762278621982581,-0.07269179457230106,-0.7930384920400783,-1.0585635649069849,0.03539135553992829,-0.05565494889134302,-1.1214238945158166,-0.40773365195680805,1.5217711573871335,1.6507747090453435,-0.24174139190067315,-0.9232804683984405,0
0.8820270268626367,0.6280320030710668,-0.5446229350012067,0.05750241867752872,1.0494830537693587,1.6295414709068945,1.0991648035240769,1.0205436952733893,1.5030090301053793,1.2852862655119774,1.2752307995939438,-1.52189737548892,-1.2351910779590003,-0.48637516139315684,0.36763701749727434,0.13113999622096018,-0.7930384920400783,-0.44926163000467745,0.7452602095426143,1.1410751628908067,1.0352928126825518,1.0070401266045386,0.5417441062953097,0.3934143108459081,-0.04904481969678847,0.9608276790541204,1
-0.8130941863973514,0.6280320030710668,-0.009903292284735086,0.3463492943000267,0.6155737438043443,1.6295414709068945,1.0991648035240769,1.0205436952733893,-0.6653319973266479,1.2852862655119774,-0.7841717752726938,-0.10552626794474802,0.0196319065040525,-0.21301894915711922,2.226273457214079,-0.9428308678746267,-0.7930384920400783,-0.44926163000467745,1.6611205468093289,1.2617538296251412,1.041414052154259,1.675819632843485,1.3442568236044632,1.4161141333368141,-0.8626525690020808,0.9608276790541204,1
0.8820270268626367,0.6280320030710668,-1.0688578788408853,-0.5317452075923682,1.0494830537693587,-0.6136695615629019,1.0991648035240769,1.0205436952733893,-0.6653319973266479,-0.77803678980547,1.2752307995939438,0.582296122939323,0.6842417085516771,-0.3310591317135901,-0.776513770540575,-0.9967863419081371,-0.7930384920400783,1.6071324002906104,-0.9575616027088326,-0.29701228236001165,-0.0012370711932962782,-1.7490288627935777,-0.06846141608261846,-0.1494571702708399,0.32564295958854345,-0.16276806512982855,0
0.8820270268626367,0.6280320030710668,-0.27202076420457444,0.3463492943000267,1.266437708751867,-0.6136695615629019,1.0991648035240769,1.0205436952733893,-0.6653319973266479,1.2852862655119774,-0.7841717752726938,1.0257605591672105,1.3240526373885697,2.1291467784107505,-0.19226655962763067,0.00610032623853929,-0.7930384920400783,-0.44926163000467745,-0.5418781903736372,-0.940631838276462,-0.7153816762258685,-0.9009118353285452,-1.466386794621145,-1.42082715507974,0.4541073410578004,-0.8251498357186197,0
0.8820270268626367,0.6280320030710668,-0.5446229350012067,0.05750241867752872,1.0494830537693587,-0.6136695615629019,1.0991648035240769,-0.9798698523458265,-0.6653319973266479,-0.77803678980547,-0.7841717752726938,1.772409865061103,-0.5805008251956684,-0.2068063079699364,-1.148971367497577,-0.7920981150191057,-0.7930384920400783,-0.44926163000467745,0.5324845756321653,-0.7294441714913767,-0.8480085314462033,-0.7078749201199106,-0.612099063292046,-0.6573046848639268,0.5932770876494948,-0.8104302408166466,0
0.8820270268626367,-1.4692847479255242,-1.6035775215573584,-1.7102404601321604,-0.2522448761256893,1.6295414709068945,1.0991648035240769,-0.9798698523458265,1.5030090301053793,-0.77803678980547,-0.7841717752726938,-0.45396261069523103,1.9688233408676084,-0.8342830678753869,2.226273457214079,-0.8186476339879759,-0.7930384920400783,2.3306784479871006,0.5997093411285098,2.926113775002837,2.2554598807096315,1.6795558312023617,0.5195548145724761,0.48797902045979336,-0.787715013145014,1.8440033731725083,1
0.8820270268626367,-1.4692847479255242,-0.8067404069210461,-0.5317452075923682,0.3986190888218359,1.6295414709068945,-0.9097816785925635,1.0205436952733893,1.5030090301053793,1.2852862655119774,1.2752307995939438,-0.01502332177579126,-0.45154668449986063,-0.27514536102894577,-0.9712628408448898,-0.972806131226577,-0.16331953269164318,-0.44926163000467745,1.3243799783597485,0.6885301626370528,1.0658990100410903,0.3145980307593725,-0.024082832636951382,-0.01286370082856118,-0.5093755199616244,1.0982105648058702,1
0.8820270268626367,-1.4692847479255242,-0.009903292284735086,0.05750241867752872,-0.03529022114318089,-0.6136695615629019,1.0991648035240769,-0.9798698523458265,-0.6653319973266479,-0.77803678980547,-0.7841717752726938,0.9262073183813582,0.7090405817624094,-0.6851796793830026,0.6597606229537466,-0.33133549549484265,-0.7930384920400783,-0.2969361462791006,-1.3356238160047895,0.2762113846280767,-0.8459681182889673,0.2647820526410152,-0.43458472950937554,-0.8394293107869649,1.7280457906279278,-0.9527196582023865,0
-0.8130941863973514,0.6280320030710668,-0.009903292284735086,0.6351961699225247,1.266437708751867,-0.6136695615629019,1.0991648035240769,-0.9798698523458265,1.5030090301053793,1.2852862655119774,-0.7841717752726938,-0.18245377218836117,-1.0318403176309956,0.016848774768639923,-0.5330774326601816,1.8834082481663914,-0.16331953269164318,0.5408540142115723,-0.9082223252803228,-1.0914801716943798,-0.3991176368543007,-1.1375377313907422,-0.3162418403209293,-0.6538022882115604,1.2248936298733397,-0.31487054578355067,0
-0.8130941863973514,0.6280320030710668,-0.8067404069210461,-0.24289833196987018,1.0494830537693587,-0.6136695615629019,1.0991648035240769,-0.9798698523458265,-0.6653319973266479,-0.77803678980547,-0.7841717752726938,-0.30010760220800475,-0.27299479738258836,-0.3372717729007726,0.6354169891657073,1.4560466363771585,-0.7930384920400783,-0.44926163000467745,0.15935629007905966,-0.4478606157779298,-0.8316852261883159,0.0941623275856413,-0.305147194459512,-0.5802519585118722,1.1285453437713975,-0.5503840642151206,0
0.8820270268626367,0.6280320030710668,-0.5446229350012067,0.05750241867752872,1.0494830537693587,1.6295414709068945,-0.9097816785925635,1.0205436952733893,-0.6653319973266479,-0.77803678980547,1.2752307995939438,-0.5806667353317705,0.004752582577613017,0.20322801038412042,1.1222896649264942,-0.2671027883120923,-0.7930384920400783,-0.44926163000467745,-0.3254021106560502,0.74886949600422,-0.7031391972824529,-0.12502797613513064,-0.18310608998392597,-0.009361304176195262,-0.006223359207036408,-1.1293547970260644,0
-0.8130941863973514,0.6280320030710668,-0.27202076420457444,0.3463492943000267,1.266437708751867,1.6295414709068945,1.0991648035240769,1.0205436952733893,1.5030090301053793,1.2852862655119774,-0.7841717752726938,-0.7797732169034751,-0.5457824027006433,-0.16331781965965775,-1.1903555449372438,0.9644523174051752,0.3404556347871051,-1.0585635649069849,0.30737412236458916,0.32649416243404966,0.7945240601287128,0.4901993536265818,-0.5825133409949339,-0.1914859300992334,-1.4514476507361738,0.7989121351324167,1
0.8820270268626367,0.6280320030710668,0.5248163504317366,1.22444379619242,1.266437708751867,-0.6136695615629019,1.0991648035240769,1.0205436952733893,-0.6653319973266479,1.2852862655119774,-0.7841717752726938,1.2701185138233935,-0.5557019519849361,-0.36212233764950336,-0.6304519678123389,-1.0952764929216876,-0.7930384920400783,-1.2108890486325619,-1.0599406033729906,0.40694660692360557,-1.162232157660535,0.32580662583600295,-0.8931634251146066,-1.0530755065812978,1.1927775345060259,-1.2961768725817597,0
-0.8130941863973514,0.6280320030710668,-0.009903292284735086,0.6351961699225247,1.266437708751867,-0.6136695615629019,1.0991648035240769,-0.9798698523458265,1.5030090301053793,1.2852862655119774,-0.7841717752726938,-0.5851918826402183,0.9619890885118784,-0.5857774203880798,1.6821932420513994,1.951066699732222,2.355556304702098,-1.0585635649069849,0.11310071748983165,0.22592860682210422,-1.0010395182388974,-0.9357830200113952,-1.4183099958883383,-1.5539182278696524,1.1285453437713975,-1.1146352021240908,0
0.8820270268626367,0.6280320030710668,-0.009903292284735086,0.3463492943000267,0.6155737438043443,1.6295414709068945,1.0991648035240769,-0.9798698523458265,-0.6653319973266479,1.2852862655119774,-0.7841717752726938,-1.001505435017419,-0.8334493319451375,0.706451946545917,-0.8982319394807718,0.47628374281627245,-0.10034763675679959,2.3306784479871006,0.5503700637000001,0.42705971804599463,3.243019848811817,1.4180219460809862,1.299878240158796,0.6946204229493944,0.5718663574046183,2.452413295787398,1
0.8820270268626367,0.6280320030710668,0.5248163504317366,0.6351961699225247,0.1816644338393275,-0.6136695615629019,-0.9097816785925635,1.0205436952733893,-0.6653319973266479,1.2852862655119774,-0.7841717752726938,0.09810536093540459,-0.23331660024541673,-0.8715589149984829,2.226273457214079,-1.151801275242508,-0.6670947001703911,-1.6678654998092926,0.053276843607763066,0.41700316248480035,-1.2968994260381057,0.49393555198545874,-2.176444129751825,-1.816597976797111,-0.1346877406762926,-1.413933631797545,0
0.8820270268626367,0.6280320030710668,-0.8067404069210461,-0.5317452075923682,0.3986190888218359,1.6295414709068945,-0.9097816785925635,1.0205436952733893,1.5030090301053793,-0.77803678980547,-0.7841717752726938,-1.0693826446441366,-0.7987309094501123,-0.34969705527513795,2.071691382660029,0.4608678930924124,-0.2262914286264864,-0.9824008230441965,1.493367003552395,1.975769274469953,0.7761603417135896,1.0444021101933065,1.4625997127929105,1.5597123960838246,-0.8840632992469564,0.8185382616683812,1
0.8820270268626367,0.6280320030710668,-1.0688578788408853,-1.1209928338622634,-0.2522448761256893,-0.6136695615629019,-0.9097816785925635,1.0205436952733893,-0.6653319973266479,-0.77803678980547,-0.7841717752726938,0.17050771787056998,2.48463990365084,2.5236494937968508,2.226273457214079,-0.7758258291994756,-0.7930384920400783,-0.5254243718674659,-0.4246974064809261,0.41700316248480035,-0.9765545603520662,0.7168620540651073,1.0520978159204852,1.4756548764270376,-1.0232330458386516,-1.026317632712252,0
0.8820270268626367,0.6280320030710668,-1.6035775215573584,-1.1209928338622634,1.0494830537693587,1.6295414709068945,-0.9097816785925635,1.0205436952733893,1.5030090301053793,-0.77803678980547,-0.7841717752726938,-1.4223441347030676,-1.2699095004540253,0.7126645877330999,-0.38701562993194544,0.5011203895936025,-0.7930384920400783,-1.9725164672604463,0.5688722927356912,-1.5842513941929122,-1.5845976812083706,-0.7664086944089806,-0.5122472505392934,-0.32807939954151166,0.047303466405153864,-1.193139708267948,0
-0.8130941863973514,-1.4692847479255242,-0.5446229350012067,0.05750241867752872,1.0494830537693587,1.6295414709068945,-0.9097816785925635,-0.9798698523458265,-0.6653319973266479,-0.77803678980547,-0.7841717752726938,1.1343640945699585,-0.5854605998378148,-1.1884036155447995,-0.9225755732688111,0.3649470503661717,-0.7930384920400783,-0.9824008230441965,-0.361789827759576,-1.1920457273063254,-1.0908176971572778,-0.5584269857648387,-2.3761477552573287,-2.4190102010040833,1.235598994995778,-0.9478131265683958,0
0.8820270268626367,0.6280320030710668,-0.009903292284735086,0.3463492943000267,0.6155737438043443,-0.6136695615629019,-0.9097816785925635,1.0205436952733893,-0.6653319973266479,-0.77803678980547,-0.7841717752726938,-0.8069241007541622,-1.0368000922731422,2.5236494937968508,-0.47465271156888705,1.8405864433778911,-0.7930384920400783,-1.4393772742209272,-1.7605583428578306,-0.8098966159809329,-1.317303557610465,-0.49615701311689214,-0.5640222645592391,-0.35259617610807453,-0.016928724329474613,-1.2323919613398762,0
0.8820270268626367,0.6280320030710668,-1.3414600496375193,-1.1209928338622634,0.3986190888218359,-0.6136695615629019,1.0991648035240769,1.0205436952733893,-0.6653319973266479,1.2852862655119774,-0.7841717752726938,0.7180505421927579,0.21306311754776402,-1.1138519212986073,-0.9347473901628308,-0.9128556045226764,1.8517811372233501,0.08387756303484165,1.0530139525029443,0.7086432737594419,1.2189299968337843,0.8214756081136579,0.33834226550266694,0.1762657183992088,-0.1453931057987308,1.3337240832374408,1
0.8820270268626367,0.6280320030710668,-1.0688578788408853,-0.8321459582397654,0.3986190888218359,-0.6136695615629019,-0.9097816785925635,1.0205436952733893,1.5030090301053793,-0.77803678980547,-0.7841717752726938,-0.5218398203219488,-0.5606617266270826,-1.0517255094267806,0.6354169891657073,0.9824374754163454,-0.7930384920400783,-0.06844792069073524,-0.8120107342947286,-0.04559839333014826,-0.6582501078232627,0.005738966425557213,-1.1668313563628898,-1.0565779032336637,0.21858930836416288,-0.8202433040846282,0
0.8820270268626367,0.6280320030710668,-0.8067404069210461,-0.24289833196987018,1.0494830537693587,-0.6136695615629019,-0.9097816785925635,1.0205436952733893,-0.6653319973266479,-0.77803678980547,1.2752307995939438,0.4103405252183053,0.23290221611634984,-1.2629553097909918,0.5380424540135498,-1.1021279816878478,-0.7930384920400783,-0.9824008230441965,0.011338457793529697,-0.3372385046047898,-1.0030799313961334,-0.02041442208658029,-0.7082526607576587,-0.7378598078683474,0.6575092783841232,-1.0214111010782614,0
-0.8130941863973514,0.6280320030710668,-1.0688578788408853,-0.5317452075923682,1.0494830537693587,1.6295414709068945,1.0991648035240769,1.0205436952733893,-0.6653319973266479,-0.77803678980547,1.2752307995939438,-0.49468893647126166,-0.8284895573029911,1.464394171382204,0.5136988202255106,1.4397743505575287,-0.7300665961052347,-0.9824008230441965,0.7594452518033107,0.25609827350568765,0.7679986890846457,0.16888629476317724,1.8139301650711115,2.053550324067447,-1.676260318307373,1.47601350062318,1
-0.8130941863973514,0.6280320030710668,-0.009903292284735086,0.3463492943000267,0.6155737438043443,-0.6136695615629019,1.0991648035240769,1.0205436952733893,-0.6653319973266479,-0.77803678980547,-0.7841717752726938,0.49631832407881393,-0.25315569881400257,-0.790794579565108,-0.43813726088682803,0.4831352315824324,-0.7930384920400783,-0.44926163000467745,-0.6935964684663048,-0.4176909490943462,-0.7765940709429461,0.09540772703860052,0.382720848948334,0.2813376179701923,0.4541073410578004,-0.4522534315352998,0
0.8820270268626367,0.6280320030710668,-0.5446229350012067,-0.24289833196987018,0.6155737438043443,1.6295414709068945,1.0991648035240769,-0.9798698523458265,-0.6653319973266479,1.2852862655119774,-0.7841717752726938,-1.6621769420508026,-0.8284895573029911,-0.3993981847725994,-0.5841990636150641,-0.7081673776336452,-0.08775325756983088,1.0739932072510914,-0.37474138808455987,-0.3171253934824007,-0.1644701237721697,-1.5921085317207524,-1.085470620045832,-0.22300749997052816,-2.179412479061961,-0.6288885703589778,0
0.8820270268626367,0.6280320030710668,0.5248163504317366,0.9355969205699219,0.8325283987868527,1.6295414709068945,1.0991648035240769,-0.9798698523458265,1.5030090301053793,1.2852862655119774,-0.7841717752726938,-0.8204995426795056,-0.8235297826608446,-0.10740404897501346,-0.7278265029644964,0.5268134724667027,-0.7930384920400783,-0.5254243718674659,1.4656136599988583,1.1310186073296122,0.814928191701072,1.5114269050529061,-1.0780741894715544,-0.9339940204008497,-0.8519472038796425,1.3337240832374408,1
0.8820270268626367,0.6280320030710668,2.11849057970436,2.385608236194863,1.4833923637343753,1.6295414709068945,1.0991648035240769,1.0205436952733893,1.5030090301053793,1.2852862655119774,-0.7841717752726938,0.636597890640697,-0.19859817775039162,1.464394171382204,-0.24095382720370942,-0.8631823109680161,-0.7930384920400783,0.5408540142115723,0.4029689723823269,1.5533939408997828,1.3495164388968834,1.6496662443313477,0.09426005655149591,0.540514970245285,-2.083064192960019,1.6232094496429115,1
0.8820270268626367,0.6280320030710668,-0.009903292284735086,0.3463492943000267,0.6155737438043443,-0.6136695615629019,1.0991648035240769,1.0205436952733893,1.5030090301053793,-0.77803678980547,1.2752307995939438,-0.8204995426795056,-0.6796963180385974,-1.082788715362694,0.27026248234511707,-0.03243929807111089,-0.7930384920400783,0.5408540142115723,0.9716041447459031,1.5131677186550045,1.4209308994001402,0.4951809514384176,0.20150829987852487,-0.09341882383298175,0.33634832471098164,1.2061542607536726,1
0.8820270268626367,-1.4692847479255242,-0.5446229350012067,0.05750241867752872,1.0494830537693587,-0.6136695615629019,1.0991648035240769,-0.9798698523458265,-0.6653319973266479,-0.77803678980547,-0.7841717752726938,-0.4041859903023051,-0.30771321987761346,-1.4555471865936547,2.226273457214079,-0.8734595441172563,-0.7930384920400783,-0.44926163000467745,-0.4191467377702187,0.20581549569971513,-0.9357462972073479,-0.3865618612565064,0.2273958068884982,-0.037380477395124095,1.0429024227918933,-0.6092624438230133,0
-0.8130941863973514,0.6280320030710668,1.0595359931482098,1.22444379619242,0.1816644338393275,1.6295414709068945,-0.9097816785925635,1.0205436952733893,1.5030090301053793,1.2852862655119774,-0.7841717752726938,-0.8702761630724319,-0.39202938879410315,0.886618540974215,-0.09245766109666931,0.6792590975137636,-0.7930384920400783,-0.9824008230441965,0.7323086492176304,0.8896612738609432,0.8414535627451392,0.4241931826197583,-0.09804713837973054,-0.20199312005633166,-0.2952682175128634,1.4318547159172617,1
-0.8130941863973514,-1.4692847479255242,-0.009903292284735086,0.6351961699225247,1.266437708751867,1.6295414709068945,-0.9097816785925635,1.0205436952733893,1.5030090301053793,1.2852862655119774,-0.7841717752726938,0.19313345441280907,2.48463990365084,-0.8280704266882042,-0.9347473901628308,2.5244506658502406,-0.7930384920400783,2.3306784479871006,1.9294028678268509,-0.24672950455403914,2.9451195278553732,0.7766412278071362,0.8708852668506771,0.3303711711033181,0.6146878178943712,2.0549842334341237,1
0.8820270268626367,-1.4692847479255242,-0.8067404069210461,-0.24289833196987018,1.0494830537693587,-0.6136695615629019,1.0991648035240769,-0.9798698523458265,-0.6653319973266479,-0.77803678980547,-0.7841717752726938,-0.13267715179543485,-0.5259433041320574,-1.4617598277808372,-0.9956064746329292,0.027511228632789427,-0.7930384920400783,-0.373098888141889,-0.5011732864951165,-0.5081999491450968,-0.6521288683515548,-0.904648033687422,1.5587533102585232,1.7558466086163271,-0.4344379641045586,-0.972345784738351,0
0.8820270268626367,0.6280320030710668,1.5942556358646813,1.8136914224623153,0.3986190888218359,1.6295414709068945,1.0991648035240769,1.0205436952733893,1.5030090301053793,1.2852862655119774,-0.7841717752726938,2.7521042573400596,-1.2203117540325608,0.1970153691969376,1.4631005379590452,-0.1514839153831417,-0.7930384920400783,-0.9824008230441965,0.6632336608177163,1.3824324963594756,0.7537157969839946,1.75178899947398,1.1519496286732378,0.6455868698162686,0.8073843900982559,1.2601261087275752,1
0.8820270268626367,-1.4692847479255242,0.5248163504317366,0.9355969205699219,0.8325283987868527,-0.6136695615629019,-0.9097816785925635,-0.9798698523458265,-0.6653319973266479,-0.77803678980547,-0.7841717752726938,1.0800623268685845,0.3965747793071828,0.17837744563538968,-0.776513770540575,-0.7013158888674852,-0.7930384920400783,-1.4393772742209272,-0.1786177603062332,-0.5584827269510696,-1.0744943918993906,0.03936475165544859,-0.2755614721623999,-0.49969683550745153,1.1820721693835878,-1.026317632712252,0
-0.8130941863973514,0.6280320030710668,-0.009903292284735086,0.6351961699225247,1.266437708751867,1.6295414709068945,1.0991648035240769,-0.9798698523458265,1.5030090301053793,1.2852862655119774,1.2752307995939438,-1.408768692777724,-1.1955128808218285,-0.10740404897501346,0.27026248234511707,0.6852541501841536,-0.7930384920400783,-0.5254243718674659,2.3352184246763446,0.23598516238329853,0.9883633100661252,1.8887829392994626,0.2273958068884982,0.3303711711033181,-0.8947686643693946,1.2601261087275752,1
-0.8130941863973514,0.6280320030710668,-1.0688578788408853,-0.5317452075923682,1.0494830537693587,-0.6136695615629019,-0.9097816785925635,1.0205436952733893,-0.6653319973266479,-0.77803678980547,-0.7841717752726938,-1.544523112031159,-1.1905531061796821,1.3774171947616465,-0.776513770540575,0.22363509456412062,-0.7930384920400783,0.4646912723487839,-0.11509344061702666,-1.373063727407827,-0.46645127104308604,-1.0092615877359723,-0.5603240492721003,-0.9059748471819208,1.353358011342596,-0.48169262133924645,0
0.8820270268626367,-1.4692847479255242,-1.0688578788408853,-0.5317452075923682,1.0494830537693587,-0.6136695615629019,-0.9097816785925635,1.0205436952733893,-0.6653319973266479,-0.77803678980547,-0.7841717752726938,1.7859853069864464,0.4362529764443545,-0.5485015732649837,-0.8738883056927325,-0.36302363103833296,-0.7930384920400783,0.08387756303484165,-1.5483994499152385,-0.10593772669731552,-0.6562096946660267,-0.8286786670569272,0.8597906209892598,1.083386451362033,-0.5736077106962529,-0.574916722385076,0
0.8820270268626367,0.6280320030710668,-1.6035775215573584,-1.1209928338622634,1.0494830537693587,-0.6136695615629019,1.0991648035240769,1.0205436952733893,-0.6653319973266479,-0.77803678980547,-0.7841717752726938,-1.6621769420508026,-0.8483286558715769,-1.0703634329883287,-0.5330774326601816,-1.5586084207332607,0.15153994698257475,-1.4393772742209272,-0.9150064759267428,-0.6892179492465986,-1.288737773409162,-1.5958447300796292,-0.8118026887975489,-0.4716776622885227,-0.32738431288017805,-1.3305225940196972,0
0.8820270268626367,-1.4692847479255242,-2.13829716427383,-1.7102404601321604,0.8325283987868527,-0.6136695615629019,1.0991648035240769,1.0205436952733893,-0.6653319973266479,-0.77803678980547,-0.7841717752726938,-0.5037392310881573,-1.0863978386946065,-0.7597313736291947,-0.6913110522824373,0.5499372470524929,-0.7930384920400783,0.6170167560743608,0.02984068682922116,-0.29701228236001165,-0.40523887632600863,-1.1313107341259476,-0.19050252055820452,-0.09692122048534817,-0.1453931057987308,-0.24617910290767644,0
-0.8130941863973514,0.6280320030710668,-1.3414600496375193,-1.1209928338622634,0.3986190888218359,-0.6136695615629019,1.0991648035240769,-0.9798698523458265,-0.6653319973266479,-0.77803678980547,-0.7841717752726938,-1.4630704604790983,-1.2699095004540253,-0.9150474033087617,0.41632428507335306,-0.08211259162577107,0.15153994698257475,-2.0486792091232346,-0.8755350539839352,-0.4478606157779298,-1.5050215680761696,0.054309545090955626,-0.18310608998392597,-0.01286370082856118,-0.07045554994166489,-0.9527196582023865,0
0.8820270268626367,0.6280320030710668,-2.13829716427383,-1.7102404601321604,0.8325283987868527,-0.6136695615629019,1.0991648035240769,1.0205436952733893,-0.6653319973266479,-0.77803678980547,-0.7841717752726938,2.7521042573400596,-0.06964403705458373,-0.8653462738113002,-1.044293742209008,-1.0687269739528176,-0.7930384920400783,0.08387756303484165,-0.4882217261701326,-0.7596138381749602,-0.5827548210055336,0.16390469695134177,-0.6934597996091026,-0.3841177459793698,-0.5307862502065009,-0.7172061397708165,0
0.8820270268626367,0.6280320030710668,-1.0688578788408853,-0.5317452075923682,1.0494830537693587,1.6295414709068945,1.0991648035240769,-0.9798698523458265,1.5030090301053793,-0.77803678980547,-0.7841717752726938,-1.300165157374976,-1.135995585116071,1.4706068125693863,0.5161331836043145,0.3032836514707314,-0.7930384920400783,0.08387756303484165,1.6296667574486534,1.6237898298281448,1.2372937152489076,0.45781896784964965,-0.8709741333917731,-1.126625836280986,0.3577590549558573,1.2846587668975304,1
2.5771482401226247,0.6280320030710668,-1.6035775215573584,-1.1209928338622634,1.0494830537693587,-0.6136695615629019,1.0991648035240769,-0.9798698523458265,-0.6653319973266479,-0.77803678980547,-0.7841717752726938,-0.9245779307738058,-1.0764782894103138,-0.020427072354456177,-0.21661019341566992,0.5799125104044429,0.08856805104773116,0.08387756303484165,-1.1061961759622188,-0.9104621715928783,-0.5521486236469947,-0.9295560227466007,0.06837254954152258,0.14824654518027996,0.1543571176295344,-0.9380000633004135,0
-0.8130941863973514,0.6280320030710668,-1.6035775215573584,-1.1209928338622634,1.0494830537693587,-0.6136695615629019,-0.9097816785925635,-0.9798698523458265,-0.6653319973266479,-0.77803678980547,-0.7841717752726938,-1.490221344329785,-1.091357613336753,0.1224636749507454,0.27026248234511707,-0.359597886655253,-0.7930384920400783,-2.0486792091232346,-0.5406447084379242,-0.43780406021673524,-1.3805563654847786,-0.5272919994408655,-0.28665611802381724,-0.33158179619387806,0.6789200086289989,-1.139167860294046,0
-0.8130941863973514,-1.4692847479255242,-0.8067404069210461,-0.24289833196987018,1.0494830537693587,-0.6136695615629019,-0.9097816785925635,-0.9798698523458265,-0.6653319973266479,-0.77803678980547,-0.7841717752726938,-1.4449698712453067,-1.0764782894103138,-0.6727543970086373,-1.0199501084209683,1.9108142032310316,-0.7930384920400783,-0.9062380811814081,-1.8462853373898667,-1.0512539494496018,-0.9194229919494605,-0.5795987764651408,0.23109402217563696,0.3688975342793452,-0.11327701043141696,-0.8055237091826551,0
0.8820270268626367,0.6280320030710668,-0.8067404069210461,-0.5317452075923682,0.3986190888218359,-0.6136695615629019,1.0991648035240769,1.0205436952733893,-0.6653319973266479,-0.77803678980547,-0.7841717752726938,2.442131666711383,0.7189601310467024,-0.5795647792008971,2.226273457214079,0.8659621663916247,-0.7930384920400783,0.08387756303484165,-0.6313056307128112,-0.2165598378704555,-0.7255837420120481,-0.5173288038171943,-0.7230455219062147,-0.20199312005633166,-1.1838135226752224,-0.682860418332879,0
-0.8130941863973514,-1.4692847479255242,-1.6035775215573584,-1.4098397094847614,0.3986190888218359,-0.6136695615629019,1.0991648035240769,1.0205436952733893,-0.6653319973266479,-0.77803678980547,-0.7841717752726938,-0.024073616392686736,-0.1787590791818058,0.44552101668424465,2.226273457214079,0.012951815004699493,-0.7300665961052347,-0.8300753393186197,-0.1989702122454934,-0.13610739338089914,-1.1867171155473661,0.17884949038684883,0.8967727738606495,0.7401515794301533,0.6146878178943712,-0.6288885703589778,0
0.8820270268626367,0.6280320030710668,-2.13829716427383,-1.7102404601321604,0.8325283987868527,-0.6136695615629019,-0.9097816785925635,-0.9798698523458265,-0.6653319973266479,-0.77803678980547,-0.7841717752726938,0.007602414766447829,-0.5259433041320574,1.464394171382204,0.8301660594700221,-0.014454140059940708,-0.6670947001703911,-0.8300753393186197,-1.103729212090793,-0.24672950455403914,-0.8867763814336858,-0.6804761321548142,-1.041092036600165,-0.4331512991124951,-1.2587510785322884,-0.9919719112743147,0
-0.8130941863973514,0.6280320030710668,-1.0688578788408853,-0.5317452075923682,1.0494830537693587,-0.6136695615629019,1.0991648035240769,1.0205436952733893,-0.6653319973266479,-0.77803678980547,-0.7841717752726938,0.8764306979884319,0.0989883007783956,0.843130052663936,-0.28964109477978806,-0.13264232127620137,0.15153994698257475,-1.1347263067697735,0.3018234536538816,-0.9104621715928783,-1.2458890971072079,-0.6182061595068676,1.3516532541787418,1.300535043808732,0.32564295958854345,-0.8693086204245386,0
0.8820270268626367,0.6280320030710668,-0.5446229350012067,0.05750241867752872,1.0494830537693587,1.6295414709068945,1.0991648035240769,-0.9798698523458265,1.5030090301053793,-0.77803678980547,-0.7841717752726938,1.066486884943241,0.47097139893937956,-0.5795647792008971,2.226273457214079,-0.6936079640055551,0.4034275307219487,-2.201004692848812,0.9987407473315837,2.5389363858968474,0.2252487892598908,2.0544210665430005,-1.2186063703828343,-0.6117735283831673,-1.8582515253888194,0.46526798402102504,1
-0.8130941863973514,0.6280320030710668,-1.6035775215573584,-1.1209928338622634,1.0494830537693587,-0.6136695615629019,1.0991648035240769,-0.9798698523458265,-0.6653319973266479,-0.77803678980547,-0.7841717752726938,0.21123404364660042,-0.8681677544401626,0.37718196362523526,2.226273457214079,0.8222839255073546,-0.7930384920400783,-2.201004692848812,-0.11694366352059585,-0.266842615676428,-1.6927395785418744,0.13276971062736848,0.17192257758141383,-0.33158179619387806,2.0813228396683847,-1.3059899358497418,0
-0.8130941863973514,0.6280320030710668,-0.8067404069210461,-0.24289833196987018,1.0494830537693587,1.6295414709068945,1.0991648035240769,1.0205436952733893,1.5030090301053793,1.2852862655119774,-0.7841717752726938,-1.8069816559211334,-1.2699095004540253,-1.2753805921653572,-0.9590910239508702,0.9927147085655859,-0.7930384920400783,0.08387756303484165,1.017859717335131,0.6382473848310799,1.0883435547706852,0.648365084152366,0.8376013292664264,0.5825437300736785,0.09012492689490592,1.255219577093583,1
-0.8130941863973514,0.6280320030710668,-1.0688578788408853,-0.5317452075923682,1.0494830537693587,1.6295414709068945,1.0991648035240769,1.0205436952733893,1.5030090301053793,1.2852862655119774,-0.7841717752726938,1.2972693976740808,-0.21347750167683088,-0.6851796793830026,-0.24095382720370942,0.04635282273972976,-0.7930384920400783,-1.2108890486325619,0.20376163976471845,-0.8702359493481002,-1.1010197629434575,-0.6630405398133891,-0.9671277308573858,-0.9304916237484837,0.46481270618023784,-0.9772523163723418,0
-0.8130941863973514,-1.4692847479255242,-0.5446229350012067,-0.24289833196987018,0.6155737438043443,-0.6136695615629019,-0.9097816785925635,1.0205436952733893,-0.6653319973266479,-0.77803678980547,-0.7841717752726938,0.5098937660041576,0.29241951182210735,1.309078141702637,-0.46004653129606343,-0.6713406255155349,-0.7930384920400783,-1.1347263067697735,-1.4306019250546709,0.21587205126090944,-1.0418477813836158,-0.6891939283255266,0.16082793171999654,-0.1704715501850364,1.4604116625669765,-1.085196012320145,0
0.8820270268626367,-1.4692847479255242,-2.13829716427383,-1.7102404601321604,0.8325283987868527,-0.6136695615629019,-0.9097816785925635,1.0205436952733893,-0.6653319973266479,-0.77803678980547,-0.7841717752726938,2.7521042573400596,2.1969729744063455,2.1415720607851156,-1.2000929984524598,0.11229840211402015,-0.47817901236586074,0.08387756303484165,-0.11571018158488292,-0.6892179492465986,-0.6541692815087907,-0.9756358025060812,0.9522460031677338,1.1149080212333284,-0.34879504312505366,-0.6975800132348521,0
0.8820270268626367,0.6280320030710668,-1.6035775215573584,-1.1209928338622634,1.0494830537693587,-0.6136695615629019,1.0991648035240769,1.0205436952733893,-0.6653319973266479,-0.77803678980547,1.2752307995939438,0.5913464175562184,1.7853116791081896,-0.03906499591600409,0.7327915243178645,1.2650613870204477,-0.7930384920400783,0.997830465388303,-0.4222304426095006,0.21587205126090944,-0.3970772236970648,-0.5771079775592227,-2.279994157791716,-2.4050006143946185,0.8395004854655698,-0.20692684983574755,0
0.8820270268626367,0.6280320030710668,-0.8067404069210461,-0.24289833196987018,1.0494830537693587,-0.6136695615629019,-0.9097816785925635,-0.9798698523458265,-0.6653319973266479,-0.77803678980547,-0.7841717752726938,0.2700609586564222,0.5900059903508945,0.22186593394566834,-1.1027184633003022,2.5244506658502406,-0.16331953269164318,-0.8300753393186197,-1.2893682434155616,-1.6848169498048575,-1.0479690208553236,0.14522370515695782,0.2347922374627757,0.18677290835630755,0.5504556271597427,-1.0115980378102791,0
0.8820270268626367,-1.4692847479255242,-1.3414600496375193,-1.7102404601321604,-0.9031088410732144,-0.6136695615629019,-0.9097816785925635,-0.9798698523458265,-0.6653319973266479,-0.77803678980547,-0.7841717752726938,0.8176037829786101,0.9669488631540251,0.5262853521176196,0.05116977825276283,-0.7552713629009955,-0.7930384920400783,-0.6777498555930428,1.3761862196596841,1.120962051768418,0.9495954600786428,1.383150761398136,-1.9064744137906815,-1.7675644236639856,-0.46655405947187245,0.8038186667664075,1
0.8820270268626367,0.6280320030710668,-0.27202076420457444,0.3463492943000267,1.266437708751867,-0.6136695615629019,1.0991648035240769,1.0205436952733893,-0.6653319973266479,1.2852862655119774,-0.7841717752726938,1.120788652644615,1.9737831155097547,1.464394171382204,-0.8008574043286144,-1.3248013665880491,-0.7930384920400783,-0.5254243718674659,1.0832342599279068,1.3220931629923085,0.8475748022168468,0.7542240376538752,-0.4937561741035987,-0.8324245174822326,0.40058051544561013,1.6330225129108944,1
-0.8130941863973514,-1.4692847479255242,-0.5446229350012067,0.05750241867752872,1.0494830537693587,1.6295414709068945,1.0991648035240769,-0.9798698523458265,1.5030090301053793,-0.77803678980547,-0.7841717752726938,-1.1010586758032714,-0.12420155811819465,0.13488895732511078,0.5380424540135498,-0.9042912435649765,0.08856805104773116,-0.5254243718674659,0.8704586260174577,1.1109054962072231,0.9924441363805973,1.5438072908298386,1.9026873319624458,1.6087459492169505,-0.05975018481922668,1.5054526904271275,1
0.8820270268626367,0.6280320030710668,-2.13829716427383,-1.9990873357546584,0.1816644338393275,1.6295414709068945,1.0991648035240769,1.0205436952733893,1.5030090301053793,1.2852862655119774,-0.7841717752726938,-1.245863389673602,-0.3325120930883458,2.5236494937968508,0.34329338370923507,-0.5677118579273643,0.7812589063310098,2.3306784479871006,1.2084326764027506,1.6640160520729224,2.488066980634527,0.9323161594270026,-0.13872750653825888,-0.2545290698418234,-0.4451433292269968,1.8636294997084728,1
0.8820270268626367,-1.4692847479255242,-0.5446229350012067,0.05750241867752872,1.0494830537693587,1.6295414709068945,1.0991648035240769,-0.9798698523458265,1.5030090301053793,1.2852862655119774,-0.7841717752726938,0.36961419944227447,0.6197646382037733,-0.18195574322120567,2.226273457214079,0.5328085251370929,0.6553151144613227,1.9879461096045528,-0.10029165738847358,-0.05565494889134302,0.2885015971342044,0.7729050294482592,-1.314759967848448,-0.9129796404866531,-1.0339384109610898,0.028586668595822477,0
0.8820270268626367,-1.4692847479255242,-0.009903292284735086,0.6351961699225247,1.266437708751867,1.6295414709068945,1.0991648035240769,1.0205436952733893,-0.6653319973266479,-0.77803678980547,-0.7841717752726938,-0.9245779307738058,-1.1905531061796821,0.3647566812508699,-1.0199501084209683,-0.537736594575414,1.7888092412885064,-0.5254243718674659,-0.6670766068484808,0.07508027340418627,-0.8500489446034393,-0.5297827983467835,-0.41239543778654203,-0.11443320374717875,-0.4451433292269968,-0.9380000633004135,0
-0.8130941863973514,0.6280320030710668,-1.3414600496375193,-1.1209928338622634,0.3986190888218359,-0.6136695615629019,-0.9097816785925635,1.0205436952733893,-0.6653319973266479,-0.77803678980547,-0.7841717752726938,2.7521042573400596,2.48463990365084,-1.0206623034908673,2.226273457214079,-0.25682555516285244,-0.28926332456132997,-0.5254243718674659,0.2413828388039572,1.3522628296758923,-0.9520696024652353,-0.18729794878307723,1.6807944147341083,1.6122483458693164,0.27211613397635315,-0.7760845193787091,0
0.8820270268626367,0.6280320030710668,-0.8067404069210461,-0.24289833196987018,1.0494830537693587,-0.6136695615629019,1.0991648035240769,1.0205436952733893,-0.6653319973266479,1.2852862655119774,1.2752307995939438,1.428498669619068,0.29737928646425366,2.5236494937968508,1.3413823690188484,-0.04871158389074111,0.6553151144613227,-0.5254243718674659,2.222354827558628,1.0103399405952778,1.1148689258147522,1.5438072908298386,-1.2962688914127534,-1.1966737693283085,-0.616429171186005,1.1914346658517003,1
-0.8130941863973514,0.6280320030710668,-0.27202076420457444,0.3463492943000267,1.266437708751867,-0.6136695615629019,-0.9097816785925635,1.0205436952733893,-0.6653319973266479,1.2852862655119774,-0.7841717752726938,-1.1960867692806758,-1.1756737822532428,1.464394171382204,-0.21661019341566992,1.2881851616062374,2.0406968250278803,0.08387756303484165,-1.2788836469620033,-0.8702359493481002,-0.6154014315213083,-1.4775317820485308,-1.2038135092342792,-0.8429317074393309,-0.5843130758186912,-0.7172061397708165,0
0.8820270268626367,0.6280320030710668,-1.6035775215573584,-1.1209928338622634,1.0494830537693587,-0.6136695615629019,1.0991648035240769,1.0205436952733893,-0.6653319973266479,-0.77803678980547,-0.7841717752726938,-0.09195082601940441,0.912391342090414,-0.3993981847725994,-0.09489202447547318,2.5244506658502406,0.7812589063310098,0.997830465388303,0.6132776424213504,0.2963244957504658,-0.20527838691688835,-1.2072801007564424,1.1519496286732378,0.3723999309317116,2.445305253831278,-0.5700101907510852,0
0.8820270268626367,0.6280320030710668,-1.3414600496375193,-1.1209928338622634,0.3986190888218359,-0.6136695615629019,1.0991648035240769,-0.9798698523458265,-0.6653319973266479,-0.77803678980547,-0.7841717752726938,-0.5625661460979792,-1.1508749090425106,-0.8591336326241176,-0.07054839068743392,-0.5480138277246541,-0.47817901236586074,0.845504981662726,-1.65016170961154,0.3767769402400222,-0.3542285473951106,-1.2409058859863336,1.4847890045157441,0.9432905852673885,1.6745189650157377,-0.5945428489210404,0
0.8820270268626367,-1.4692847479255242,-0.5446229350012067,0.05750241867752872,1.0494830537693587,-0.6136695615629019,1.0991648035240769,-0.9798698523458265,-0.6653319973266479,1.2852862655119774,-0.7841717752726938,1.2520179245896021,0.02459168114619885,0.6629634582356384,-0.8252010381166537,0.04378351445241964,-0.7930384920400783,1.7594578840161874,-0.7811736859019099,-1.0512539494496018,0.08446028141061238,-0.6231877573187035,-0.32733648618234557,-0.5487303886405769,0.89302731107776,-0.37865545702543413,0
-0.8130941863973514,0.6280320030710668,-1.0688578788408853,-0.5317452075923682,1.0494830537693587,1.6295414709068945,-0.9097816785925635,1.0205436952733893,1.5030090301053793,-0.77803678980547,-0.7841717752726938,0.48274288215347033,-0.2581154734561489,-0.18195574322120567,0.07551341204080231,-0.9599595897900268,-0.7930384920400783,0.08387756303484165,1.450195135802449,0.7086432737594419,1.155677188959471,2.04321247146637,-0.748933028916187,-0.6643094781686592,-0.6271345363084433,1.1325562862438068,1
-0.8130941863973514,0.6280320030710668,-0.27202076420457444,0.3463492943000267,1.266437708751867,-0.6136695615629019,-0.9097816785925635,-0.9798698523458265,-0.6653319973266479,1.2852862655119774,-0.7841717752726938,0.6863745110336229,0.2824999625378144,1.2221011650820797,-0.9469192070568504,-0.45637516547726353,-0.41520711643101715,0.08387756303484165,-0.5616139013450411,-0.9305752827152675,-0.6154014315213083,0.5263159377623909,1.7066819217440816,1.6507747090453435,0.19717857811928646,-0.682860418332879,0
-0.8130941863973514,0.6280320030710668,-0.009903292284735086,0.6351961699225247,1.266437708751867,1.6295414709068945,1.0991648035240769,1.0205436952733893,1.5030090301053793,1.2852862655119774,-0.7841717752726938,0.21575919095504817,1.1355812009870045,1.0232966470922338,0.07551341204080231,1.504007057740279,-0.7930384920400783,-0.5254243718674659,-0.887253132373206,-1.352950616285438,-0.6460076288798472,-0.1885433482360361,1.2444050108517117,1.4581428931652072,-0.4344379641045586,-0.9772523163723418,0
-0.8130941863973514,0.6280320030710668,0.2626988785118972,0.6351961699225247,0.6155737438043443,-0.6136695615629019,1.0991648035240769,1.0205436952733893,-0.6653319973266479,-0.77803678980547,-0.7841717752726938,-0.17792862487991343,-0.08452336098102299,2.3838650670852406,2.226273457214079,-0.9068605518522864,0.7812589063310098,-0.5254243718674659,1.516186419363081,1.0304530517176669,0.8557364548457906,1.8663657491462016,1.026210308910513,0.9923241384005143,-0.6271345363084433,1.2944718301655118,1
0.8820270268626367,0.6280320030710668,-0.8067404069210461,-0.24289833196987018,1.0494830537693587,-0.6136695615629019,-0.9097816785925635,1.0205436952733893,-0.6653319973266479,1.2852862655119774,-0.7841717752726938,1.808611043528686,1.100862778491979,-0.8218577855010215,0.22157521476903833,-0.5540088803950443,0.15153994698257475,0.845504981662726,-0.7898080594518991,-1.1216498383779636,-0.40523887632600863,-1.5298385590728059,-0.9819205920059418,-1.1196210429762543,0.603982452771933,-0.0450113059140432,0
0.8820270268626367,-1.4692847479255242,-0.27202076420457444,0.3463492943000267,1.266437708751867,1.6295414709068945,1.0991648035240769,-0.9798698523458265,1.5030090301053793,-0.77803678980547,-0.7841717752726938,-1.4630704604790983,-1.2203117540325608,-1.0579381506139633,-0.7521701367525356,1.7266804426404805,0.21451184291741798,-0.5254243718674659,-1.0112180669123372,-1.1819891717451307,-0.6806946525528579,-0.9943167943004652,-0.2755614721623999,0.09921299204715464,-0.6806613619206335,-0.9527196582023865,0
-0.8130941863973514,0.6280320030710668,-2.13829716427383,-1.7102404601321604,0.8325283987868527,1.6295414709068945,-0.9097816785925635,1.0205436952733893,1.5030090301053793,1.2852862655119774,1.2752307995939438,-0.33630878067558745,1.2149375952613477,-0.34969705527513795,2.226273457214079,-0.3561721422721731,0.21451184291741798,-1.5155400160837156,2.264293213372862,1.764581607684868,0.5231491102163354,1.3059359953146823,0.24958509861133174,0.23930885814179928,-0.40232186873724396,0.906855831080219,1
0.8820270268626367,0.6280320030710668,-0.009903292284735086,0.3463492943000267,0.6155737438043443,1.6295414709068945,-0.9097816785925635,1.0205436952733893,1.5030090301053793,1.2852862655119774,1.2752307995939438,-0.4494374633867833,0.14362627255771382,-1.1076392801114248,2.226273457214079,-1.3684796074723193,1.5369216575491322,-0.2969361462791006,1.8720459578162085,1.784694718807257,1.0087674416384846,1.2797826068025444,0.7044655789294241,0.7506587693872521,-0.8198311085123287,1.3091914250674856,1
-0.8130941863973514,-1.4692847479255242,-0.8067404069210461,-0.24289833196987018,1.0494830537693587,-0.6136695615629019,-0.9097816785925635,-0.9798698523458265,-0.6653319973266479,-0.77803678980547,-0.7841717752726938,0.21575919095504817,0.168425145768446,2.4211409142083364,1.7795677772035567,1.3815366960451683,2.355556304702098,0.5408540142115723,1.0332782415315402,2.2573528301834003,1.5555981677777109,1.274801008990709,1.7399658593283325,2.1901437935097254,-2.329287590776094,1.5348918802310734,1
-0.8130941863973514,-1.4692847479255242,-1.3414600496375193,-1.1209928338622634,0.3986190888218359,-0.6136695615629019,-0.9097816785925635,1.0205436952733893,1.5030090301053793,-0.77803678980547,-0.7841717752726938,0.7714472804324425,1.2248571445456404,0.756774340162097,1.3900696365949272,-0.8092268369345059,0.21451184291741798,0.08387756303484165,0.18464266976117075,-0.8702359493481002,-0.6562096946660267,-0.5820895753710585,0.582424474453838,0.7611659593443508,-0.3595004082474919,-0.653421228528933,0
-0.8130941863973514,-1.4692847479255242,-1.0688578788408853,-0.5317452075923682,1.0494830537693587,-0.6136695615629019,1.0991648035240769,1.0205436952733893,-0.6653319973266479,-0.77803678980547,-0.7841717752726938,-0.0557496475518217,0.47097139893937956,0.17837744563538968,-0.14357929205155193,-0.2816622019401825,-0.2262914286264864,-0.8300753393186197,-0.40866214131666045,0.004684384475824242,-0.7582303525278228,-1.6929858874104258,-1.226002800957113,-1.063582696538396,0.02589273616027821,-0.7368322663067809,0
0.8820270268626367,-1.4692847479255242,-0.27202076420457444,0.3463492943000267,1.266437708751867,1.6295414709068945,1.0991648035240769,1.0205436952733893,1.5030090301053793,1.2852862655119774,-0.7841717752726938,0.2700609586564222,0.19322401897917818,0.6381128934869077,-0.21661019341566992,-0.7355733326982853,2.0406968250278803,-0.2969361462791006,-0.1403798202991382,-0.7294441714913767,-0.6888563051818015,-0.17733475315940564,1.041003170059069,0.42843827736956924,1.9956799186888792,-0.6583277601629238,0
0.8820270268626367,0.6280320030710668,-1.6035775215573584,-1.7102404601321604,-0.2522448761256893,-0.6136695615629019,-0.9097816785925635,-0.9798698523458265,1.5030090301053793,-0.77803678980547,-0.7841717752726938,0.31983757904934856,0.912391342090414,-0.8715589149984829,-0.9469192070568504,1.3044574474258679,-0.7300665961052347,-0.5254243718674659,-0.3679572374381398,-0.7897835048585439,-0.9092209261632809,-1.325593048787541,0.05727790368010633,-0.07240444391878526,0.8609112157104462,-1.0655698857841804,0
-0.8130941863973514,0.6280320030710668,-0.009903292284735086,0.6351961699225247,1.266437708751867,-0.6136695615629019,-0.9097816785925635,1.0205436952733893,-0.6653319973266479,1.2852862655119774,-0.7841717752726938,-0.27748186566576566,-0.5061042055634717,0.6816013817971867,1.3900696365949272,0.5388035778074829,-0.28926332456132997,0.08387756303484165,0.8901943369888617,1.6539594965117281,1.5290727967336442,1.4354575384224109,1.0336067394847905,1.3635781835513223,-1.8368407951439438,1.5152657536951089,1
-0.8130941863973514,0.6280320030710668,-1.3414600496375193,-1.1209928338622634,0.3986190888218359,1.6295414709068945,1.0991648035240769,-0.9798698523458265,1.5030090301053793,1.2852862655119774,-0.7841717752726938,0.3243627263577963,0.08410897685195634,1.271802294579541,1.1953205662906123,-0.11722647155234131,0.15153994698257475,0.08387756303484165,-0.659058974266348,-0.9808580605212401,-0.6562096946660267,0.8115124124899864,1.1260621216632645,0.8697402555677002,0.7966790249758177,-0.44244036826731825,0
0.8820270268626367,0.6280320030710668,-1.0688578788408853,-0.8321459582397654,0.3986190888218359,-0.6136695615629019,1.0991648035240769,-0.9798698523458265,-0.6653319973266479,-0.77803678980547,-0.7841717752726938,0.06642932977626963,2.48463990365084,-0.9585358916190404,2.226273457214079,0.7160858496318737,0.5293713225916359,2.3306784479871006,0.4313390569037201,0.3767769402400222,0.6394526601787829,-0.49740241256985135,-1.2592867385413637,-0.8709508806582597,-0.9482954899815849,-0.07935702735198065,0
-0.8130941863973514,0.6280320030710668,-2.13829716427383,-1.7102404601321604,0.8325283987868527,1.6295414709068945,1.0991648035240769,1.0205436952733893,1.5030090301053793,1.2852862655119774,-0.7841717752726938,-1.1191592650370628,-0.6201790223328401,0.24671649869439907,2.226273457214079,0.9901454002782758,1.1590902819400712,-1.4393772742209272,1.991693705580345,1.7142988298788955,0.608846462820244,0.18881268601052043,0.36422977251263927,0.14124175187554763,0.2400000386090393,0.8823231729102639,1
-0.8130941863973514,0.6280320030710668,-1.0688578788408853,-0.5317452075923682,1.0494830537693587,-0.6136695615629019,-0.9097816785925635,1.0205436952733893,-0.6653319973266479,-0.77803678980547,-0.7841717752726938,0.021177856691791442,-0.21843727631897725,-1.138702486047338,-1.1708806379068124,-0.6053950461412446,-0.28926332456132997,-0.373098888141889,-0.768222125576926,-0.5081999491450968,-0.6398863894081395,-0.923329025481806,-0.7230455219062147,-0.5872567518166044,-0.02763408945191206,-0.6288885703589778,0
0.8820270268626367,-1.4692847479255242,-0.8067404069210461,-0.24289833196987018,1.0494830537693587,-0.6136695615629019,-0.9097816785925635,1.0205436952733893,-0.6653319973266479,-0.77803678980547,-0.7841717752726938,-0.9426785200075971,-1.145915134400364,2.5236494937968508,-0.46004653129606343,-1.8198214299431124,-0.47817901236586074,0.08387756303484165,-0.5683980519914612,-0.4780302824615134,-0.4031984631687724,-0.02290522099249801,-1.6808832812752041,-1.5889421943933135,0.304232229343667,-0.7122996081368257,0
-0.8130941863973514,-1.4692847479255242,-1.0688578788408853,-0.5317452075923682,1.0494830537693587,1.6295414709068945,-0.9097816785925635,1.0205436952733893,1.5030090301053793,-0.77803678980547,-0.7841717752726938,-0.5942421772571139,-0.9078459515773343,-0.9398979680574925,-0.9883033844965173,-1.3684796074723193,-0.7930384920400783,-1.2870517904953502,1.6494024684200579,2.2271831634998165,0.6476143128077264,1.9846786971773,0.719258440077979,0.3653951376269793,0.4434019759353622,1.1914346658517003,1
0.8820270268626367,0.6280320030710668,0.2626988785118972,0.6351961699225247,0.6155737438043443,-0.6136695615629019,-0.9097816785925635,1.0205436952733893,-0.6653319973266479,1.2852862655119774,1.2752307995939438,-0.7526223330527881,-0.3325120930883458,-0.3993981847725994,-0.5038650721145344,-1.1046972899751577,-0.7930384920400783,-1.4393772742209272,-0.96989642206596,-1.0512539494496018,-1.3295460365538805,-1.3355562444112123,2.0912963116065333,2.263694123209414,-0.7234828224103855,-0.32959014068552367,0
-0.8130941863973514,-1.4692847479255242,-0.009903292284735086,-0.5317452075923682,-1.1200634960557228,1.6295414709068945,1.0991648035240769,1.0205436952733893,1.5030090301053793,-0.77803678980547,-0.7841717752726938,0.3831896413676181,0.9322304406589998,0.6816013817971867,-0.9956064746329292,0.8745265273493249,-0.7930384920400783,-0.5254243718674659,1.2429701706027076,0.41700316248480035,1.023050333739136,1.1652058571303228,-1.3036653219870307,-0.7553717911301779,-1.8903676207561342,0.9706407423221033,1
-0.8130941863973514,0.6280320030710668,0.2626988785118972,-0.5317452075923682,-1.5539728060207396,-0.6136695615629019,-0.9097816785925635,1.0205436952733893,1.5030090301053793,-0.77803678980547,-0.7841717752726938,-0.7842983642119231,-0.49618465627917874,-0.14467989609810955,-0.8738883056927325,-1.1843458468817682,2.355556304702098,-0.5254243718674659,0.8476392102067721,0.38683349580121645,0.9108276100911604,0.6471196846994072,0.367927987799778,0.6140652999449734,-1.1945188877976605,0.8774166412762731,1
-0.8130941863973514,-1.4692847479255242,-0.009903292284735086,0.05750241867752872,-0.03529022114318089,-0.6136695615629019,-0.9097816785925635,1.0205436952733893,-0.6653319973266479,1.2852862655119774,-0.7841717752726938,1.030285706475658,-0.08948313562316956,1.464394171382204,-0.5087337988721422,1.2573534621585172,-0.7930384920400783,-0.2969361462791006,-0.7632881978340752,-1.0009711716436294,-0.49705746840162496,-0.7066295206669517,0.3605315572255005,0.029165058999832315,1.2677150903630918,-0.7024865448688435,0
-0.8130941863973514,0.6280320030710668,1.8563731077845207,1.22444379619242,-1.1200634960557228,1.6295414709068945,1.0991648035240769,1.0205436952733893,1.5030090301053793,1.2852862655119774,1.2752307995939438,2.7521042573400596,-0.29779367059332057,-0.3186338493392247,-0.9956064746329292,-0.8058010925514257,0.025596155112887577,0.6931794979371492,1.5488736906594684,0.35666382911763306,1.5147899046329927,2.368261728688651,0.5121583839981976,0.9012618254389955,-1.9974212719805147,1.6428355761788758,1
0.8820270268626367,-1.4692847479255242,0.2626988785118972,-0.5317452075923682,-1.5539728060207396,-0.6136695615629019,-0.9097816785925635,1.0205436952733893,1.5030090301053793,1.2852862655119774,1.2752307995939438,-0.046699352934926226,-0.3424316423726387,-0.6665417558214546,-0.9810002943601055,-0.37929591685796316,0.5293713225916359,0.08387756303484165,1.3996223764382265,1.462884940849032,1.2026066915758966,0.04683714837320211,0.2939636820569988,0.922276205353192,-2.511278797857541,1.2454065138256014,1
-0.8130941863973514,0.6280320030710668,-0.009903292284735086,-0.5317452075923682,-1.1200634960557228,-0.6136695615629019,-0.9097816785925635,1.0205436952733893,-0.6653319973266479,-0.77803678980547,1.2752307995939438,-0.5806667353317705,-0.1093222341917554,-1.3064437981012704,-0.49656198197812257,2.5244506658502406,-0.5411509083007043,0.08387756303484165,-0.18848561579193496,0.19575894013852035,-0.5807144078482978,-0.503629409834646,-1.4331028570368942,-1.3157552555087566,-0.006223359207036408,-0.2658052294436402,0
0.8820270268626367,0.6280320030710668,-0.5446229350012067,-0.5317452075923682,-0.03529022114318089,1.6295414709068945,-0.9097816785925635,1.0205436952733893,1.5030090301053793,-0.77803678980547,-0.7841717752726938,0.6682739217998316,1.4430872288000847,0.22807857513285087,0.07551341204080231,0.10544691334785994,-0.16331953269164318,0.08387756303484165,1.848609801037666,0.6181342737086912,1.12099016528646,1.3345801827327377,0.61201019675095,0.501988607069258,-0.22033066165579748,1.0491452484659596,1
-0.8130941863973514,0.6280320030710668,-0.009903292284735086,0.05750241867752872,-0.03529022114318089,-0.6136695615629019,-0.9097816785925635,-0.9798698523458265,-0.6653319973266479,-0.77803678980547,1.2752307995939438,-0.5580409987895314,-1.0120012190624097,-0.5112257261418875,-0.5038650721145344,0.436031246315082,-0.7930384920400783,1.6071324002906104,-0.629455407809242,-1.1618760606227418,-0.027762442237363044,-0.03909541388096427,-0.9301455779859962,-1.329764842118221,1.4068848369547864,-0.07445049571798988,0
-0.8130941863973514,0.6280320030710668,0.5248163504317366,0.6351961699225247,0.1816644338393275,-0.6136695615629019,1.0991648035240769,1.0205436952733893,-0.6653319973266479,1.2852862655119774,1.2752307995939438,-0.7209463018936534,-0.6697767687543046,-0.5982027027624451,-0.6961797790400451,-1.114974523124398,-0.10034763675679959,0.845504981662726,-0.295798544198944,-0.4176909490943462,-0.12570227378468732,-0.6256785562246211,-2.2541066507817433,-2.047756155853275,-0.016928724329474613,-0.5798232540190674,0
-2.5082153996573395,-1.4692847479255242,-0.5446229350012067,-1.1209928338622634,-1.3370181510382313,-0.6136695615629019,1.0991648035240769,1.0205436952733893,-0.6653319973266479,-0.77803678980547,1.2752307995939438,-0.046699352934926226,-1.0318403176309956,-0.9336853268703098,-0.7375639564797121,-0.19516215626741182,-0.6670947001703911,-1.4393772742209272,-0.853949120108962,-1.0512539494496018,-1.3213843839249368,-0.5148380049112762,0.8745834821378159,0.9047642220913614,0.02589273616027821,-0.5945428489210404,0
-0.8130941863973514,0.6280320030710668,-0.5446229350012067,-0.5317452075923682,-0.03529022114318089,-0.6136695615629019,1.0991648035240769,1.0205436952733893,-0.6653319973266479,-0.77803678980547,1.2752307995939438,-0.18245377218836117,-0.6251387969749865,2.017319237041462,-0.4283998073716123,-0.829781303232986,0.21451184291741798,0.08387756303484165,-0.4481335632594682,-0.266842615676428,-0.6929371314962733,-0.8535866561161058,0.6563887801966172,0.18327051170394112,1.364063376465035,-0.06463743245000765,0
0.8820270268626367,0.6280320030710668,-0.009903292284735086,0.05750241867752872,-0.03529022114318089,-0.6136695615629019,1.0991648035240769,1.0205436952733893,-0.6653319973266479,1.2852862655119774,1.2752307995939438,0.4691674402281271,0.287459737179961,0.3958198871867832,-0.9956064746329292,-0.11380072716926136,0.025596155112887577,-1.0585635649069849,-0.7984424330018884,-0.6489917270018204,-1.035726541911908,-0.5820895753710585,-0.18310608998392597,0.3899119141935422,-1.2266349831649743,-1.1342613286600554,0
-0.8130941863973514,0.6280320030710668,-0.5446229350012067,-1.1209928338622634,-1.3370181510382313,1.6295414709068945,1.0991648035240769,1.0205436952733893,1.5030090301053793,-0.77803678980547,1.2752307995939438,-0.8250246899879535,-0.6003399237642543,-1.1324898448601555,-0.59393651713028,-0.45723160157303366,-0.7930384920400783,-1.2870517904953502,1.0622650670207898,-0.08582461557492643,0.7843219943425331,0.7641872332775468,0.6083119814638103,0.796189925868012,-1.0232330458386516,0.8038186667664075,1
-0.8130941863973514,0.6280320030710668,-1.0688578788408853,-1.1209928338622634,-0.2522448761256893,-0.6136695615629019,1.0991648035240769,1.0205436952733893,-0.6653319973266479,-0.77803678980547,-0.7841717752726938,-0.31368304413334835,-0.02004629063311916,-0.138467254910927,1.4387569041710058,0.7503432934626738,-0.7300665961052347,-1.4393772742209272,0.023673277150657337,0.678473607075858,-1.1785554629184225,0.03936475165544859,0.7636370235236472,0.670103646382831,0.5397502620373045,-0.8742151520585301,0
-0.8130941863973514,0.6280320030710668,0.2626988785118972,0.3463492943000267,0.1816644338393275,-0.6136695615629019,-0.9097816785925635,1.0205436952733893,-0.6653319973266479,1.2852862655119774,-0.7841717752726938,0.9216821710729105,-0.1787590791818058,-1.5052483160911159,-0.36267199614390605,0.29300641832149127,-0.16331953269164318,-1.0585635649069849,-1.0710419407944054,0.44717282916838375,-0.9785949735093022,-0.829924066509886,-0.024082832636951382,-0.12143799705191108,0.7645629296085038,-1.0655698857841804,0
-0.8130941863973514,0.6280320030710668,-0.27202076420457444,0.05750241867752872,0.6155737438043443,-0.6136695615629019,1.0991648035240769,1.0205436952733893,1.5030090301053793,1.2852862655119774,1.2752307995939438,-1.327316041225663,-0.9276850501459201,1.2283138062692622,0.1485443134049203,2.5244506658502406,-0.7930384920400783,0.845504981662726,2.2975972256371056,0.6080777181474964,1.4964261862178694,1.29721819914397,1.2333103649902946,1.3250518203752952,-1.130286697063032,1.4956396271591446,1
-0.8130941863973514,0.6280320030710668,0.2626988785118972,0.3463492943000267,0.1816644338393275,-0.6136695615629019,-0.9097816785925635,1.0205436952733893,-0.6653319973266479,1.2852862655119774,-0.7841717752726938,0.5460949444717402,1.1603800741977366,2.5236494937968508,-0.9883033844965173,1.0441008743117857,-0.41520711643101715,0.08387756303484165,-1.2832008337369978,-1.0009711716436294,-0.7215029156975762,-0.7477277026145966,-0.504850819965016,-0.5172088187692822,0.41128588056804755,-0.6632342917969153,0
-0.8130941863973514,-1.4692847479255242,-0.5446229350012067,-0.5317452075923682,-0.03529022114318089,-0.6136695615629019,1.0991648035240769,1.0205436952733893,-0.6653319973266479,-0.77803678980547,1.2752307995939438,-0.4132362849192006,-0.6648169941121581,0.8555553350383012,0.3019092062695682,0.21764004189373085,-0.5411509083007043,-1.0585635649069849,-1.1765046462978452,-0.3171253934824007,-0.907180513006045,0.12405191445665575,0.9818317254648459,1.6893010722213717,-1.751197874164439,-1.3059899358497418,0
0.8820270268626367,0.6280320030710668,-0.009903292284735086,0.3463492943000267,0.6155737438043443,-0.6136695615629019,1.0991648035240769,1.0205436952733893,-0.6653319973266479,-0.77803678980547,-0.7841717752726938,0.1252562447860914,0.19322401897917818,0.650538175861273,-0.6304519678123389,-0.1009541857327114,0.6553151144613227,0.08387756303484165,-0.020115331567145223,-0.48808683802270797,-0.6317247367791957,-0.6979117244962394,0.06467433425438383,0.21829447822760228,-0.18821456628848288,-0.6730473550648968,0
-0.8130941863973514,-1.4692847479255242,-0.27202076420457444,0.05750241867752872,0.6155737438043443,-0.6136695615629019,1.0991648035240769,1.0205436952733893,-0.6653319973266479,-0.77803678980547,1.2752307995939438,-0.5263649676303964,1.0562248067126612,-1.3623575687859144,-0.703482869176457,-0.2696720965994024,-0.2262914286264864,-1.0585635649069849,-0.23659141128473216,-0.30706883792120615,-1.1193834813585808,-1.6755502950690009,-0.04997033964692367,-0.13894998031374167,0.7645629296085038,-1.124448265392073,0
-0.8130941863973514,0.6280320030710668,0.2626988785118972,0.05750241867752872,-0.4691995311081977,1.6295414709068945,-0.9097816785925635,1.0205436952733893,1.5030090301053793,1.2852862655119774,1.2752307995939438,0.8447546668292973,2.48463990365084,-0.20059366678275384,2.226273457214079,-1.2579993511179888,-0.35223522049617356,0.08387756303484165,1.9022662652411706,2.7098978304371544,1.3984863546705453,2.216322995427662,-0.778518751213299,-0.4051321258935663,-1.5370905717156778,1.1914346658517003,1
-0.8130941863973514,0.6280320030710668,-0.009903292284735086,0.3463492943000267,0.6155737438043443,-0.6136695615629019,1.0991648035240769,1.0205436952733893,-0.6653319973266479,-0.77803678980547,1.2752307995939438,2.7521042573400596,0.5056898214344049,-1.1262772036729727,-0.38701562993194544,0.6090313376606231,-0.47817901236586074,0.6931794979371492,-0.2723623874204017,-0.7495572826137659,-0.27465243426290964,-1.1338015330318656,0.03508861195727174,-0.09341882383298175,0.432696610812924,-0.09898315388794511,0
0.8820270268626367,0.6280320030710668,-0.009903292284735086,0.3463492943000267,0.6155737438043443,-0.6136695615629019,1.0991648035240769,1.0205436952733893,-0.6653319973266479,-0.77803678980547,-0.7841717752726938,0.40581537790985717,-0.6896158673228904,-1.2132541802935302,-0.9712628408448898,-1.8934749341793329,-0.7930384920400783,0.08387756303484165,-0.7287507036341181,-1.2423285051122979,-0.5501082104897589,-1.0951941499901385,-1.0004116684416366,-1.0670850931907625,0.7645629296085038,-0.8987478102284853,0
-0.8130941863973514,0.6280320030710668,-0.009903292284735086,0.05750241867752872,-0.03529022114318089,-0.6136695615629019,-0.9097816785925635,-0.9798698523458265,-0.6653319973266479,-0.77803678980547,1.2752307995939438,0.6682739217998316,-0.5904203744799613,-0.6665417558214546,-0.9225755732688111,0.9139225877547452,-0.7930384920400783,-0.5254243718674659,-1.2116588814656586,-1.5842513941929122,-0.570512342062118,-1.0540959680424937,-0.8228973346589662,-0.7168454279541508,0.09012492689490592,-0.6337951019929686,0
-0.8130941863973514,-1.4692847479255242,-0.5446229350012067,-0.5317452075923682,-0.03529022114318089,-0.6136695615629019,1.0991648035240769,1.0205436952733893,-0.6653319973266479,-0.77803678980547,1.2752307995939438,-1.4223441347030676,-0.9872023458516777,-0.3186338493392247,-0.5087337988721422,-0.02730068149649097,-0.7930384920400783,-0.5254243718674659,-0.5998518413521361,-1.1015367272555745,-0.9235038182639324,0.12280651500369688,-0.9856188072930806,-0.9760227802292432,0.5290448969148663,-0.8987478102284853,0
-0.8130941863973514,0.6280320030710668,-0.8067404069210461,-1.1209928338622634,-0.686154186090706,-0.6136695615629019,1.0991648035240769,-0.9798698523458265,1.5030090301053793,-0.77803678980547,1.2752307995939438,-0.4901637891628137,-0.0746038116967303,-0.25029479628021506,-0.5087337988721422,-0.023018501017640882,-0.7930384920400783,0.08387756303484165,-1.0180022175587573,-0.6892179492465986,-0.4929766420871532,-1.8449246206714156,-1.2186063703828343,-0.9024724505295549,-0.4451433292269968,-0.7270192030387987,0
0.8820270268626367,0.6280320030710668,-0.009903292284735086,0.3463492943000267,0.6155737438043443,-0.6136695615629019,1.0991648035240769,1.0205436952733893,-0.6653319973266479,1.2852862655119774,1.2752307995939438,-2.1644682932885124,-0.8632079797980162,-0.5547142144521664,-0.7107859593128688,-0.972806131226577,0.2774837388522616,-1.6678654998092926,-0.13606263352414358,0.3767769402400222,-1.3519905812834758,1.07553709651728,1.7325694287540538,1.713817848787934,0.19717857811928646,-0.9576261898363779,0
-0.8130941863973514,0.6280320030710668,-1.0688578788408853,-0.8321459582397654,0.3986190888218359,-0.6136695615629019,1.0991648035240769,1.0205436952733893,-0.6653319973266479,-0.77803678980547,1.2752307995939438,-1.1553604435046454,-1.2103922047482678,-1.1511277684217034,-0.43570289750802416,-0.7270089717405853,2.355556304702098,0.08387756303484165,-0.7114819565341398,-0.9607449493988511,-0.570512342062118,-0.04283161223984121,1.0003228019005408,0.7366491827777873,0.9037326762001981,-0.5896363172870496,0
-0.8130941863973514,0.6280320030710668,1.5942556358646813,1.22444379619242,-0.686154186090706,1.6295414709068945,1.0991648035240769,1.0205436952733893,1.5030090301053793,1.2852862655119774,1.2752307995939438,-0.7164211545852054,-0.630098571617133,1.464394171382204,2.226273457214079,0.7049521803868638,-0.7930384920400783,-1.0585635649069849,1.0560976573422265,1.5835636075833666,0.9332721548207554,1.5923778694952366,2.17265704792359,2.081569497286376,-0.5521969804513773,1.1129301597078438,1
-0.8130941863973514,0.6280320030710668,1.5942556358646813,1.8136914224623153,0.3986190888218359,1.6295414709068945,1.0991648035240769,1.0205436952733893,1.5030090301053793,1.2852862655119774,-0.7841717752726938,0.953358202232045,-0.21843727631897725,0.9860207999691379,-0.5574210664482209,-1.139811169901728,-0.7930384920400783,2.3306784479871006,0.8359211318175012,0.8192653849325816,2.2819852517536994,0.9323161594270026,-0.7341401677676309,-0.6152759250355333,-1.1945188877976605,2.1776475242839,1
-0.8130941863973514,0.6280320030710668,1.0595359931482098,1.22444379619242,0.1816644338393275,1.6295414709068945,-0.9097816785925635,-0.9798698523458265,1.5030090301053793,1.2852862655119774,-0.7841717752726938,-0.6259182084162489,1.2050180459770545,-0.5919900615752625,-0.9810002943601055,-0.8015189120725759,2.355556304702098,-0.5254243718674659,1.1708114773635119,1.462884940849032,1.0312119863680798,1.049383708005142,0.4640815852653917,0.45295505393613217,-0.49867015483918703,1.0540517800999505,1
-0.8130941863973514,0.6280320030710668,-0.009903292284735086,0.05750241867752872,-0.03529022114318089,-0.6136695615629019,-0.9097816785925635,-0.9798698523458265,1.5030090301053793,-0.77803678980547,1.2752307995939438,0.3243627263577963,0.823115398531778,0.8307047702895707,0.9762278621982581,-0.23027603619398204,-0.35223522049617356,1.8356206258789758,-0.6991471371770122,1.1712448295743905,0.28442077081973266,-0.09762918817003392,-1.425706426462617,-1.630970954221707,0.9893755971797031,-0.3050574825155684,0
-2.5082153996573395,0.6280320030710668,0.5248163504317366,0.6351961699225247,0.1816644338393275,1.6295414709068945,-0.9097816785925635,1.0205436952733893,-0.6653319973266479,1.2852862655119774,1.2752307995939438,0.8311792249039537,0.9719086377961714,-0.15710517847247493,0.19723158098099905,0.9190612043293654,-0.47817901236586074,-1.744028241672081,0.6885200404998278,0.6684170515146637,0.4109263865683596,1.4553839296697542,-0.2459757498652889,0.48447662380742745,-2.4470466071229127,0.5830247432368104,1
-0.8130941863973514,0.6280320030710668,0.5248163504317366,0.3463492943000267,-0.2522448761256893,1.6295414709068945,-0.9097816785925635,1.0205436952733893,-0.6653319973266479,1.2852862655119774,1.2752307995939438,0.9624084968489409,2.48463990365084,-0.21923159034430176,0.9275405946221795,0.7657591431865339,-0.28926332456132997,0.6170167560743608,1.4057897861167898,0.8494350516161655,1.3903247020416016,1.5325986957532076,-0.45307580594507035,-0.7098406346494185,0.304232229343667,1.2797522352635382,1
-0.8130941863973514,0.6280320030710668,-0.5446229350012067,-0.5317452075923682,-0.03529022114318089,-0.6136695615629019,1.0991648035240769,1.0205436952733893,-0.6653319973266479,-0.77803678980547,1.2752307995939438,0.7814026045110274,0.287459737179961,-0.542288932077801,-0.36267199614390605,-0.8734595441172563,-0.7930384920400783,0.6170167560743608,1.184379778656352,1.50311116309381,1.3740013967837146,1.0468929090992243,1.5439604491099672,1.426621323293913,-0.9804115853488995,2.491665548859327,1
-0.8130941863973514,0.6280320030710668,1.0595359931482098,1.22444379619242,0.1816644338393275,-0.6136695615629019,1.0991648035240769,-0.9798698523458265,-0.6653319973266479,1.2852862655119774,1.2752307995939438,0.953358202232045,1.23973646847208,-0.3062085669648593,-0.6767048720096137,-0.36473650322987294,-0.7930384920400783,0.08387756303484165,-0.9526276749659818,-0.2869557267988171,-0.7582303525278228,-0.7875804851092822,-0.59730620214349,-0.7623765844349103,0.7431521993636274,-0.33449667231951513,0
-0.8130941863973514,0.6280320030710668,0.5248163504317366,0.6351961699225247,0.1816644338393275,-0.6136695615629019,1.0991648035240769,1.0205436952733893,-0.6653319973266479,-0.77803678980547,1.2752307995939438,-0.23223039258128708,-0.6995354166071833,-1.1946162567319822,-0.36267199614390605,-1.2922567949487889,-0.7930384920400783,0.6170167560743608,-0.8786187588232168,0.4773424958519676,-0.09305566326891256,-0.7066295206669517,0.7562405929493686,0.3653951376269793,1.4068848369547864,-0.7662714561107269,0
-0.8130941863973514,0.6280320030710668,-0.009903292284735086,0.3463492943000267,0.6155737438043443,-0.6136695615629019,-0.9097816785925635,1.0205436952733893,-0.6653319973266479,-0.77803678980547,1.2752307995939438,-0.1643531829545698,-1.1707140076110965,-0.9398979680574925,-0.5574210664482209,-1.5260638490940002,-0.7930384920400783,-0.5254243718674659,-0.5215257384343767,-0.32718194904359527,-0.9622716682514149,-0.7651632949560218,0.32724761964124965,0.7226395961683227,-0.7984203782674523,-1.080289480686154,0
-0.8130941863973514,0.6280320030710668,1.0595359931482098,0.9355969205699219,-0.2522448761256893,1.6295414709068945,1.0991648035240769,1.0205436952733893,-0.6653319973266479,1.2852862655119774,-0.7841717752726938,0.2293346328803918,0.18330446969488526,2.5236494937968508,2.226273457214079,-0.7569842350925354,0.907202698200697,0.845504981662726,0.9494014699030736,1.5232242742161992,1.5453961019915319,2.344599139082431,2.52768571548893,2.585914615227097,-1.3015725390220412,1.6183029180089206,1
-0.8130941863973514,-1.4692847479255242,-0.009903292284735086,0.3463492943000267,0.6155737438043443,-0.6136695615629019,1.0991648035240769,1.0205436952733893,-0.6653319973266479,-0.77803678980547,1.2752307995939438,-1.4449698712453067,-1.145915134400364,-1.3126564392884532,-0.8738883056927325,-0.2199988030447422,-0.7930384920400783,0.08387756303484165,-1.4861086121617446,-0.3875212824107625,-0.6256034973074879,-0.3790894645387528,-1.5995225449581474,-1.4803678981699642,0.13294638738465875,-0.5356644693131477,0
-0.8130941863973514,-1.4692847479255242,-0.009903292284735086,0.05750241867752872,-0.03529022114318089,-0.6136695615629019,-0.9097816785925635,1.0205436952733893,1.5030090301053793,-0.77803678980547,-0.7841717752726938,-0.45848775800367897,-0.6102594730485471,1.0232966470922338,-0.11923565826351266,-0.6918950918140151,0.4663994266567923,-1.4393772742209272,-0.9735968678730985,0.08513682896538059,-1.2254849655348488,-2.0504155304096394,0.9337549267320391,1.1149080212333284,-0.2952682175128634,-0.9576261898363779,0
-0.8130941863973514,0.6280320030710668,1.0595359931482098,0.6351961699225247,-0.686154186090706,-0.6136695615629019,1.0991648035240769,1.0205436952733893,-0.6653319973266479,1.2852862655119774,-0.7841717752726938,1.1660401257290935,0.986787961722611,-0.7597313736291947,-0.021861123111355178,-0.25853842735439236,1.3480059697446014,-0.5254243718674659,-0.6769444623341827,-0.06571150445253734,-0.7704728314712382,-0.19601574495378962,0.8302048986921478,0.30235199788438927,1.8672155372196237,-0.8938412785944938,0
-0.8130941863973514,0.6280320030710668,0.2626988785118972,0.05750241867752872,-0.4691995311081977,-0.6136695615629019,1.0991648035240769,1.0205436952733893,-0.6653319973266479,-0.77803678980547,1.2752307995939438,-0.13720229910388257,0.5007300467922583,0.6070496875509944,-0.28964109477978806,0.17396180100946043,2.355556304702098,0.08387756303484165,-0.4320982980952026,-0.3171253934824007,-0.5011382947160967,-0.5011386109287279,-1.1298492034915002,-0.8569412940487955,-0.3595004082474919,-0.6975800132348521,0
-2.5082153996573395,0.6280320030710668,-0.009903292284735086,-0.24289833196987018,-0.4691995311081977,1.6295414709068945,1.0991648035240769,1.0205436952733893,-0.6653319973266479,-0.77803678980547,1.2752307995939438,0.12073109747764367,2.48463990365084,-0.7410934500676467,1.1466332987145338,-1.3162370056303492,0.6553151144613227,-1.0585635649069849,2.127376718508747,1.83497749661323,0.6863821627952091,1.248647620478571,1.3294639624559073,1.4896644630365024,-1.162402792430346,1.0540517800999505,1
0.8820270268626367,0.6280320030710668,0.5248163504317366,0.3463492943000267,-0.2522448761256893,1.6295414709068945,-0.9097816785925635,-0.9798698523458265,1.5030090301053793,-0.77803678980547,1.2752307995939438,-0.8159743953710579,0.14858604719986018,0.1970153691969376,-0.3505001792498864,-0.389573150007203,-0.7930384920400783,0.08387756303484165,1.5260542748487829,1.5835636075833666,1.2209704099910206,0.7803774261660131,0.7081637942165628,0.6525916631210009,-0.5200808850840627,1.3140979567014763,1
-0.8130941863973514,0.6280320030710668,-0.27202076420457444,0.05750241867752872,0.6155737438043443,-0.6136695615629019,1.0991648035240769,1.0205436952733893,-0.6653319973266479,-0.77803678980547,1.2752307995939438,0.3379381682831399,0.07418942756766342,-0.49880044376752225,-0.38701562993194544,0.09003106362399986,-0.7930384920400783,-0.5254243718674659,-0.7102484745984269,0.19575894013852035,-0.8337256393455519,0.00324816751963949,-0.44198116008365307,-0.03387808074275818,-0.6485452665533197,-1.193139708267948,0
-0.8130941863973514,0.6280320030710668,-0.009903292284735086,0.3463492943000267,0.6155737438043443,-0.6136695615629019,1.0991648035240769,1.0205436952733893,-0.6653319973266479,-0.77803678980547,1.2752307995939438,0.7633020152772361,0.6792819339095308,-0.16331781965965775,1.3657260028068876,0.09003106362399986,-0.35223522049617356,-1.0585635649069849,-0.3297192974310444,0.12536305121015878,-1.1193834813585808,0.20998447671082213,-0.993015237867358,-0.8044053442633038,0.03659810128271566,-1.0361306959802343,0
-0.8130941863973514,0.6280320030710668,0.5248163504317366,0.3463492943000267,-0.2522448761256893,1.6295414709068945,-0.9097816785925635,1.0205436952733893,-0.6653319973266479,-0.77803678980547,1.2752307995939438,-0.3770351064516179,-1.1855933315375358,2.2782501669031343,-0.07054839068743392,2.5244506658502406,-0.7930384920400783,0.08387756303484165,-1.1228481820943408,-0.6691048381242095,-0.3970772236970648,-1.0042799899241366,-0.8968616404017453,-0.940998813705582,0.6468039132616851,-0.8349628989866018,0
0.8820270268626367,0.6280320030710668,1.0595359931482098,1.22444379619242,0.1816644338393275,1.6295414709068945,-0.9097816785925635,1.0205436952733893,1.5030090301053793,1.2852862655119774,-0.7841717752726938,-0.23223039258128708,-1.2153519793904144,-0.36212233764950336,-0.14357929205155193,2.149759873950863,-0.6670947001703911,0.4646912723487839,1.0758333683136303,1.0103399405952778,1.4556179230731512,1.2623470144611195,2.290999937112036,2.2847085031236114,-0.9804115853488995,1.4416677791852432,1
-0.8130941863973514,0.6280320030710668,-0.27202076420457444,-0.24289833196987018,-0.03529022114318089,1.6295414709068945,-0.9097816785925635,1.0205436952733893,-0.6653319973266479,-0.77803678980547,1.2752307995939438,-0.21412980334749612,0.30233906110640024,-0.7721566560035601,-0.6061083340242995,-0.3159196457709826,2.355556304702098,1.2263186909766683,-0.8194116259090052,0.04491060672060242,-0.021641202765655412,-1.2097708996623604,-0.23118288871673284,-0.41914171250303095,0.304232229343667,0.715501097354568,0
0.8820270268626367,-1.4692847479255242,-0.009903292284735086,0.3463492943000267,0.6155737438043443,-0.6136695615629019,-0.9097816785925635,-0.9798698523458265,1.5030090301053793,1.2852862655119774,1.2752307995939438,-0.7797732169034751,-1.0070414444202633,-0.734880808880464,-0.28964109477978806,0.7109472330572538,0.15153994698257475,1.2263186909766683,-0.42531414744878254,-1.111593282816769,-0.029802855394599283,-1.382881423623652,0.49366730756250277,0.5265053836358204,-0.07045554994166489,-0.2658052294436402,0
0.8820270268626367,0.6280320030710668,-0.009903292284735086,0.3463492943000267,0.6155737438043443,-0.6136695615629019,1.0991648035240769,1.0205436952733893,-0.6653319973266479,1.2852862655119774,1.2752307995939438,-0.9698294038582842,-0.4713857830684465,-0.6851796793830026,-0.4868245284629068,0.22449153065989075,-0.41520711643101715,-0.2969361462791006,-1.0975618024122293,-0.43780406021673524,-0.6256034973074879,-0.9955621937534239,-0.963429515570247,-0.4926920422027192,-0.916179394614271,-0.8398694306205926,0
0.8820270268626367,-1.4692847479255242,0.2626988785118972,0.05750241867752872,-0.4691995311081977,-0.6136695615629019,1.0991648035240769,-0.9798698523458265,-0.6653319973266479,1.2852862655119774,-0.7841717752726938,0.6456481852575925,0.39161500466503646,-0.0017891487929079881,1.4144132703829666,-0.7664050321460056,-0.7930384920400783,0.08387756303484165,-0.02258229543857066,-0.4981433935839025,-0.5807144078482978,0.17013169421613644,-0.9523348697088297,-1.0530755065812978,0.6575092783841232,-0.43262730499933605,0
0.8820270268626367,-1.4692847479255242,0.5248163504317366,0.6351961699225247,0.1816644338393275,-0.6136695615629019,1.0991648035240769,1.0205436952733893,-0.6653319973266479,1.2852862655119774,-0.7841717752726938,-1.033181466176554,-0.6201790223328401,-0.48016252020597416,0.026826144464723565,0.4111945995377519,-0.47817901236586074,-0.5254243718674659,0.30120671268602534,-0.5383696158286805,-0.9765545603520662,-0.02041442208658029,0.7673352388107859,0.21479208157523638,1.8779209023420613,-0.7221126714048073,0
0.8820270268626367,0.6280320030710668,-0.27202076420457444,-0.5317452075923682,-0.686154186090706,-0.6136695615629019,1.0991648035240769,-0.9798698523458265,-0.6653319973266479,-0.77803678980547,1.2752307995939438,-0.03764905831803035,-0.9872023458516777,-1.0393002270524152,-0.8495446719046931,0.00952607062161924,-0.7930384920400783,-1.2870517904953502,-0.7614379749305059,0.034854051159408095,-1.1499896787171195,-0.4201876464863974,-1.4774814404825614,-1.3928079818608112,0.3898751503231719,-0.9478131265683958,0
-0.8130941863973514,0.6280320030710668,-0.8067404069210461,-1.1209928338622634,-0.686154186090706,-0.6136695615629019,1.0991648035240769,1.0205436952733893,-0.6653319973266479,-0.77803678980547,-0.7841717752726938,0.446541703685888,-0.8235297826608446,0.3026302693790431,-0.9956064746329292,-0.22599385571513228,1.1590902819400712,0.08387756303484165,-0.5030235093986855,-0.6489917270018204,-0.6602905209804986,-0.3267826875144775,-0.6157972785791848,-0.6958310480399539,0.5718663574046183,-0.5209448744111747,0
0.8820270268626367,0.6280320030710668,-0.5446229350012067,-1.1209928338622634,-1.3370181510382313,-0.6136695615629019,-0.9097816785925635,-0.9798698523458265,1.5030090301053793,-0.77803678980547,1.2752307995939438,1.25654307189805,0.48585072286581904,-0.7410934500676467,0.3189497499211958,0.5216748558920825,1.0961183860052277,0.845504981662726,-0.1163269225527396,-0.45791717133912435,-0.3195415237221,-0.2146967367481736,-0.19789895113248201,-0.5312184053787463,0.9679648669348266,0.17087608598156237,0
3.4247088467526186,3.774007129565953,1.0595359931482098,0.9355969205699219,-0.2522448761256893,1.6295414709068945,-0.9097816785925635,1.0205436952733893,-0.6653319973266479,1.2852862655119774,-0.7841717752726938,-0.3046327495164525,-0.6499376701857187,-0.946110609244675,-0.5574210664482209,-0.3655929393256431,-0.2262914286264864,0.08387756303484165,-0.8730680901125094,-1.4937423941421613,-0.5337849052318715,-1.0154885850007669,-0.1276328606768416,0.23580646148943288,-0.7127774572879482,-0.8791216836925209,0
0.8820270268626367,0.6280320030710668,-0.009903292284735086,-0.5317452075923682,-1.1200634960557228,-0.6136695615629019,1.0991648035240769,1.0205436952733893,1.5030090301053793,1.2852862655119774,-0.7841717752726938,-0.7978738061372666,-0.15891998061321996,-0.8529209914369349,0.3189497499211958,-0.04100365902881107,-0.35223522049617356,-0.5254243718674659,1.289842484159792,1.4729414964102263,1.12099016528646,1.3569973728859988,0.23109402217563696,-0.208997913361064,0.7645629296085038,1.23559345055762,1
0.8820270268626367,0.6280320030710668,-0.009903292284735086,0.3463492943000267,0.6155737438043443,-0.6136695615629019,1.0991648035240769,1.0205436952733893,-0.6653319973266479,-0.77803678980547,1.2752307995939438,-1.3182657466087673,-1.2451106272432932,1.464394171382204,-0.705917232555261,2.315908476530244,-0.7930384920400783,-0.9824008230441965,-0.66892682975205,-0.3171253934824007,-1.058171086641503,-0.2333777285425576,0.13494042471002424,0.10972018200425289,0.5504556271597427,-1.1440743919280376,0
0.8820270268626367,0.6280320030710668,-0.009903292284735086,0.05750241867752872,-0.03529022114318089,1.6295414709068945,1.0991648035240769,1.0205436952733893,-0.6653319973266479,-0.77803678980547,1.2752307995939438,-0.4222865795360965,0.6247244128459196,1.464394171382204,2.226273457214079,1.2008286798376973,1.1590902819400712,-0.5254243718674659,1.580944220988,2.760180608243127,1.0067270284812484,1.9024823332820104,1.0373049547719302,0.5720365401165803,0.7110361039963136,1.2601261087275752,1
-0.8130941863973514,0.6280320030710668,0.2626988785118972,0.6351961699225247,0.6155737438043443,-0.6136695615629019,1.0991648035240769,-0.9798698523458265,-0.6653319973266479,1.2852862655119774,1.2752307995939438,0.6908996583420707,0.376735680738597,-1.1635530507960687,-0.6304519678123389,1.4783139748671785,-0.47817901236586074,-0.5254243718674659,-1.0920111337015221,-0.8802925049092948,-0.6460076288798472,-0.00297882974515517,0.4492887241168357,0.6490892664686345,-0.25244675702311137,-1.01650456944427,0
-0.8130941863973514,0.6280320030710668,-0.27202076420457444,0.05750241867752872,0.6155737438043443,1.6295414709068945,-0.9097816785925635,1.0205436952733893,1.5030090301053793,-0.77803678980547,1.2752307995939438,0.5551452390886357,0.8826326942375354,-1.2443173862294434,-0.21661019341566992,0.32298168167344127,-0.5411509083007043,0.08387756303484165,1.0869347057350451,1.0405096072788615,1.2617786731357388,1.4192673455339453,-0.5122472505392934,-0.940998813705582,0.8609112157104462,1.2061542607536726,1
-0.8130941863973514,0.6280320030710668,0.2626988785118972,0.3463492943000267,0.1816644338393275,-0.6136695615629019,1.0991648035240769,1.0205436952733893,-0.6653319973266479,1.2852862655119774,1.2752307995939438,-1.544523112031159,-1.200472655463975,2.5236494937968508,0.002482510676684086,-0.6524990314085949,0.7812589063310098,-0.9062380811814081,-0.2779130561311093,-0.4076343935331516,-0.6541692815087907,-0.3616538721973277,-0.4937561741035987,-0.6643094781686592,1.0429024227918933,-1.0066915061762884,0
0.8820270268626367,0.6280320030710668,0.5248163504317366,0.9355969205699219,0.8325283987868527,1.6295414709068945,-0.9097816785925635,-0.9798698523458265,1.5030090301053793,1.2852862655119774,1.2752307995939438,0.3469884629000354,1.864668073382533,-1.0517255094267806,0.22157521476903833,1.8902597369325513,-0.35223522049617356,-0.5254243718674659,1.954689247508962,1.9455996077863693,1.0352928126825518,1.6982368229967457,1.5032800809514388,1.297032647156366,-0.22033066165579748,1.3778828679433592,1
0.8820270268626367,-1.4692847479255242,-0.8067404069210461,-1.1209928338622634,-0.686154186090706,-0.6136695615629019,1.0991648035240769,1.0205436952733893,-0.6653319973266479,-0.77803678980547,1.2752307995939438,-1.087483233877928,-1.0070414444202633,1.924129619233722,0.17288794719295958,0.8197146172200445,0.12005399901515294,-1.1347263067697735,0.007638011986391754,-0.5785958380734586,-1.2724144681512748,-0.5434821923293317,0.5972173356023941,0.48447662380742745,0.5825717225270566,-0.7711779877447177,0
-0.8130941863973514,-1.4692847479255242,-0.009903292284735086,0.05750241867752872,-0.03529022114318089,-0.6136695615629019,-0.9097816785925635,1.0205436952733893,-0.6653319973266479,1.2852862655119774,1.2752307995939438,-1.2775394208327369,-0.3176327691619064,1.327716065264185,-1.1903555449372438,2.5244506658502406,-0.7930384920400783,1.2263186909766683,0.4356562436787147,-0.638935171440626,-0.019600789608419534,-1.2608322772336764,-1.499670732205396,-1.3928079818608112,0.1650624827519726,-0.5798232540190674,0
0.8820270268626367,0.6280320030710668,-0.5446229350012067,-0.5317452075923682,-0.03529022114318089,1.6295414709068945,-0.9097816785925635,1.0205436952733893,-0.6653319973266479,-0.77803678980547,1.2752307995939438,0.1840831597959136,0.2031435682634711,2.5236494937968508,0.9518842284102188,1.4526208919940786,0.5293713225916359,0.08387756303484165,0.8488726921424851,1.5232242742161992,1.2781019783936258,1.1340708708063494,0.7229566553651189,0.38640951754117575,0.33634832471098164,1.3042848934334934,1
0.8820270268626367,0.6280320030710668,-0.009903292284735086,0.3463492943000267,0.6155737438043443,-0.6136695615629019,-0.9097816785925635,1.0205436952733893,1.5030090301053793,-0.77803678980547,1.2752307995939438,-0.4901637891628137,-0.8185700080186982,-0.11982933134937883,-0.9469192070568504,-1.273415200841849,-0.47817901236586074,1.2263186909766683,-0.23350770644545046,-0.6489917270018204,0.05181367089483761,-1.141273929749619,-2.061799455850517,-2.0442537592009087,0.4969288015475524,-0.4915056846072287,0
0.8820270268626367,0.6280320030710668,0.2626988785118972,0.3463492943000267,0.1816644338393275,-0.6136695615629019,-0.9097816785925635,1.0205436952733893,-0.6653319973266479,1.2852862655119774,-0.7841717752726938,-0.7661977749781318,-1.0268805429888492,0.0851878278276493,0.9762278621982581,-1.3410736524076794,-0.6670947001703911,-0.5254243718674659,-0.28408046580967306,-0.6188220603182368,-0.7888365498863615,-0.7676540938619395,-0.18680430527106576,0.4004191041506404,-1.3015725390220412,-1.0704764174181718,0
-0.8130941863973514,-1.4692847479255242,-0.27202076420457444,0.05750241867752872,0.6155737438043443,-0.6136695615629019,1.0991648035240769,1.0205436952733893,-0.6653319973266479,-0.77803678980547,-0.7841717752726938,2.080119882035556,1.6464379891280891,0.613262328738177,-0.5330774326601816,0.6321551122464135,2.355556304702098,-0.5254243718674659,0.5688722927356912,-0.548426171389875,-0.8765743156475062,-0.7327829091790892,1.5217711573871335,1.759349005268694,-0.5736077106962529,-0.8840282153265123,0
-0.8130941863973514,0.6280320030710668,-0.009903292284735086,0.05750241867752872,-0.03529022114318089,-0.6136695615629019,-0.9097816785925635,1.0205436952733893,1.5030090301053793,-0.77803678980547,1.2752307995939438,-1.132734706962406,0.3618563568121577,-0.6354785498855411,-0.4843901650841028,0.07375877780436965,-0.7930384920400783,-0.5254243718674659,-1.0864604649908147,-0.015428726646564847,-0.9704333208803586,-1.087721753272385,-1.1076599117686656,-0.9935347634910737,0.21858930836416288,-0.9036543418624761,0
0.8820270268626367,0.6280320030710668,-0.009903292284735086,0.05750241867752872,-0.03529022114318089,-0.6136695615629019,-0.9097816785925635,1.0205436952733893,-0.6653319973266479,1.2852862655119774,-0.7841717752726938,0.6637487744913838,-0.6102594730485471,-0.7473060912548294,0.12420067961688083,-0.3553157061764029,-0.7930384920400783,-1.2870517904953502,-0.9988832475552097,-1.1518195050615472,-1.213242486591433,-0.7103657190258287,-1.0041098837287754,-1.12312343962862,0.6468039132616851,-0.26089869780964947,0
0.8820270268626367,0.6280320030710668,-0.27202076420457444,0.3463492943000267,1.266437708751867,-0.6136695615629019,1.0991648035240769,-0.9798698523458265,-0.6653319973266479,1.2852862655119774,-0.7841717752726938,-1.0150808769427626,0.05931010364122394,-0.6665417558214546,0.6841042567417861,-0.692751527909785,-0.7930384920400783,0.845504981662726,-0.7694556075126388,-0.3372385046047898,-0.34810730792340266,-1.5011943716547504,0.475176231126808,0.3934143108459081,0.32564295958854345,-0.35412279885547887,0
0.8820270268626367,0.6280320030710668,-1.0688578788408853,-0.24289833196987018,1.7003470187168839,-0.6136695615629019,1.0991648035240769,1.0205436952733893,-0.6653319973266479,-0.77803678980547,1.2752307995939438,0.03927844592558279,-0.7937711348079659,0.010636133581457378,2.226273457214079,2.470066973768845,-0.5411509083007043,0.845504981662726,-1.1536852304871594,-0.266842615676428,-0.32362235003657175,0.14522370515695782,-1.6586939895523705,-1.935679462977559,1.4282955671996627,-0.7073930765028342,0
0.8820270268626367,0.6280320030710668,-0.009903292284735086,0.05750241867752872,-0.03529022114318089,-0.6136695615629019,-0.9097816785925635,1.0205436952733893,-0.6653319973266479,1.2852862655119774,-0.7841717752726938,-0.1734034775714653,-0.565621501269229,-0.7721566560035601,1.5361314393231633,0.1773875453925404,-0.7930384920400783,0.08387756303484165,-0.5813496123164449,0.4873990514131619,-0.5337849052318715,-0.2906661033786684,-0.8155009040846887,-0.23701708657999282,-1.290867173899603,-0.7809910510126999,0
-0.8130941863973514,0.6280320030710668,-0.27202076420457444,-0.24289833196987018,-0.03529022114318089,-0.6136695615629019,1.0991648035240769,-0.9798698523458265,-0.6653319973266479,-0.77803678980547,1.2752307995939438,-0.26390642374042206,-0.6102594730485471,0.05412462189173602,-0.31398472856782744,-0.3887167139114332,0.4034275307219487,0.08387756303484165,-1.0297202959480285,-1.5440251719481342,-0.3868751579108854,-1.0715315603839188,0.3198511890669722,0.1972800983134058,0.4969288015475524,-0.40318811519538933,0
2.5771482401226247,0.6280320030710668,1.0595359931482098,1.22444379619242,0.1816644338393275,-0.6136695615629019,1.0991648035240769,-0.9798698523458265,1.5030090301053793,1.2852862655119774,-0.7841717752726938,0.6908996583420707,1.9787428901519015,-1.2815932333525395,-0.14357929205155193,-0.3133503374836728,0.6553151144613227,0.08387756303484165,-0.49562261778440914,-0.9205187271540729,-0.5562294499614665,-0.2146967367481736,-0.8191991193718274,-0.3841177459793698,-1.1731081575527842,-0.025385179378079437,0
-0.8130941863973514,-1.4692847479255242,-0.009903292284735086,0.05750241867752872,-0.03529022114318089,-0.6136695615629019,-0.9097816785925635,-0.9798698523458265,1.5030090301053793,-0.77803678980547,-0.7841717752726938,-1.381617808927037,-1.0764782894103138,1.464394171382204,-0.7521701367525356,1.6436061413507896,2.355556304702098,2.3306784479871006,-0.4943891358486962,-0.48808683802270797,0.5496744812604025,-0.16488075862981633,-0.4493775906579316,-0.7413622045207132,1.0321970576694552,-0.1431419385938641,0
-0.8130941863973514,-1.4692847479255242,-0.009903292284735086,-0.5317452075923682,-1.1200634960557228,-0.6136695615629019,1.0991648035240769,1.0205436952733893,1.5030090301053793,1.2852862655119774,1.2752307995939438,0.44201655637743986,0.034511230430491764,0.40824516956114854,-0.14357929205155193,0.38464508056888186,-0.7930384920400783,1.9879461096045528,2.127376718508747,1.8651471632968133,2.110590546545882,0.13401511008032735,1.085381753504736,1.0658744681002026,-0.7770096480225759,1.5054526904271275,1
-0.8130941863973514,0.6280320030710668,-0.27202076420457444,0.05750241867752872,0.6155737438043443,-0.6136695615629019,-0.9097816785925635,1.0205436952733893,-0.6653319973266479,-0.77803678980547,1.2752307995939438,-1.132734706962406,0.3618563568121577,-0.6354785498855411,-0.4843901650841028,0.07375877780436965,-0.7930384920400783,-0.5254243718674659,-0.11015951287417579,-0.6992745048077932,-0.7215029156975762,-1.0715315603839188,0.15712971643285778,-0.05139006400458876,0.7431521993636274,-0.2854313559796047,0
-0.8130941863973514,-1.4692847479255242,-0.5446229350012067,-0.5317452075923682,-0.03529022114318089,-0.6136695615629019,1.0991648035240769,-0.9798698523458265,-0.6653319973266479,-0.77803678980547,-0.7841717752726938,2.080119882035556,1.6464379891280891,0.613262328738177,-0.5330774326601816,0.6321551122464135,2.355556304702098,-0.5254243718674659,-0.9668127172266782,-1.0009711716436294,-0.9214634051066964,-1.0827401554605491,0.01659753552157695,0.23930885814179928,-0.3595004082474919,-0.7466453295747625,0
0.8820270268626367,0.6280320030710668,-0.009903292284735086,0.3463492943000267,0.6155737438043443,-0.6136695615629019,1.0991648035240769,1.0205436952733893,-0.6653319973266479,1.2852862655119774,-0.7841717752726938,-0.7661977749781318,-1.0268805429888492,0.0851878278276493,0.9762278621982581,-1.3410736524076794,-0.6670947001703911,-0.5254243718674659,0.7804144447104276,2.287522496866984,0.9597975258648225,0.7031626600825595,0.08316541069007861,-0.187983533446867,0.40058051544561013,0.9559211474201296,1
0.8820270268626367,0.6280320030710668,0.2626988785118972,0.6351961699225247,0.6155737438043443,-0.6136695615629019,1.0991648035240769,-0.9798698523458265,-0.6653319973266479,1.2852862655119774,1.2752307995939438,-0.4901637891628137,-0.8185700080186982,-0.11982933134937883,-0.9469192070568504,-1.273415200841849,-0.47817901236586074,1.2263186909766683,-0.44443311745233,-1.6345341719988848,-0.10325772905509231,-0.25953111705469506,0.11275113298719071,-0.2790458464083863,1.2677150903630918,-0.22164644473772124,0
0.8820270268626367,0.6280320030710668,-0.5446229350012067,-0.5317452075923682,-0.03529022114318089,-0.6136695615629019,-0.9097816785925635,-0.9798698523458265,1.5030090301053793,-0.77803678980547,1.2752307995939438,0.1840831597959136,0.2031435682634711,2.5236494937968508,0.9518842284102188,1.4526208919940786,0.5293713225916359,0.08387756303484165,0.5423524311178671,-0.17633361562567731,1.1638388415884147,1.1166352784649247,0.28286903619558257,0.20428489161813812,-0.18821456628848288,0.8921362361782468,1
-0.8130941863973514,-1.4692847479255242,-0.009903292284735086,0.3463492943000267,0.6155737438043443,-0.6136695615629019,-0.9097816785925635,-0.9798698523458265,-0.6653319973266479,1.2852862655119774,1.2752307995939438,-1.2775394208327369,-0.3176327691619064,1.327716065264185,-1.1903555449372438,2.5244506658502406,-0.7930384920400783,1.2263186909766683,0.25680136300036654,-0.5383696158286805,-0.03184326855183516,-0.9146112293110934,0.19041365401710864,0.14474414852791406,0.27211613397635315,-0.34921626722148813,0
0.8820270268626367,-1.4692847479255242,-0.8067404069210461,-1.1209928338622634,-0.686154186090706,-0.6136695615629019,-0.9097816785925635,1.0205436952733893,1.5030090301053793,-0.77803678980547,1.2752307995939438,-1.087483233877928,-1.0070414444202633,1.924129619233722,0.17288794719295958,0.8197146172200445,0.12005399901515294,-1.1347263067697735,0.12975272362195348,-0.8199531715421274,-1.13978761293094,-1.6518877054627812,-0.6897615843219639,-0.8079077409156696,0.8716165808328843,-0.9281870000324313,0
0.8820270268626367,0.6280320030710668,1.0595359931482098,1.22444379619242,0.1816644338393275,-0.6136695615629019,1.0991648035240769,1.0205436952733893,1.5030090301053793,1.2852862655119774,1.2752307995939438,0.3469884629000354,1.864668073382533,-1.0517255094267806,0.22157521476903833,1.8902597369325513,-0.35223522049617356,-0.5254243718674659,0.888344114085293,0.3767769402400222,1.018969507424664,1.4541385302167948,0.2273958068884982,0.44595026063139986,-1.3015725390220412,1.358256741407396,1
-0.8130941863973514,0.6280320030710668,0.5248163504317366,0.9355969205699219,0.8325283987868527,-0.6136695615629019,1.0991648035240769,1.0205436952733893,-0.6653319973266479,1.2852862655119774,1.2752307995939438,-1.544523112031159,-1.200472655463975,2.5236494937968508,0.002482510676684086,-0.6524990314085949,0.7812589063310098,-0.9062380811814081,-1.505227582165292,-0.1260508378197046,-1.1091814155724011,-1.253359880515923,-1.144642064640055,-1.2877360822898276,1.107134613526521,-1.1342613286600554,0
-0.8130941863973514,0.6280320030710668,-0.009903292284735086,0.05750241867752872,-0.03529022114318089,-0.6136695615629019,-0.9097816785925635,1.0205436952733893,-0.6653319973266479,1.2852862655119774,1.2752307995939438,0.6908996583420707,0.376735680738597,-1.1635530507960687,-0.6304519678123389,1.4783139748671785,-0.47817901236586074,-0.5254243718674659,0.08843107877557636,-0.5383696158286805,-0.905140099848809,-0.6356417518482927,-0.26446682630098367,-0.7203478246065168,1.7922779813625571,-0.8202433040846282,0
-0.8130941863973514,0.6280320030710668,-0.009903292284735086,0.3463492943000267,0.6155737438043443,1.6295414709068945,-0.9097816785925635,1.0205436952733893,-0.6653319973266479,1.2852862655119774,1.2752307995939438,-0.5761415880233226,-0.5259433041320574,-0.6479038322599064,-0.8495446719046931,-0.43839000746609336,0.6553151144613227,-0.5254243718674659,0.9006789334424201,0.42705971804599463,1.053656531097675,1.0668193003465674,-0.3532239931923189,-0.5417255953358451,0.2292946734866011,0.946108084152148,1
0.8820270268626367,-1.4692847479255242,0.2626988785118972,0.3463492943000267,0.1816644338393275,-0.6136695615629019,1.0991648035240769,-0.9798698523458265,-0.6653319973266479,-0.77803678980547,1.2752307995939438,0.33341302097469216,-0.11924178347604832,-0.2068063079699364,-0.776513770540575,0.14227366546597014,1.2850340738097579,0.08387756303484165,-0.000996361563597508,-1.4937423941421613,-0.6358055630936675,0.0680089390735038,-1.2629849538285025,-1.028558730014735,-0.24174139190067315,-0.6092624438230133,0
0.8820270268626367,-1.4692847479255242,-0.27202076420457444,0.05750241867752872,0.6155737438043443,-0.6136695615629019,1.0991648035240769,1.0205436952733893,-0.6653319973266479,-0.77803678980547,-0.7841717752726938,-1.3092154519918717,-0.783851585523673,0.47037158143297536,-0.9615253873296742,-1.0884250041555277,-0.7930384920400783,0.08387756303484165,-1.6051396189580247,-0.23667294899284458,-0.37871350528194153,-1.4600961897071056,0.009201104947299452,-0.09692122048534817,0.6896253737514371,-0.8398694306205926,0
0.8820270268626367,0.6280320030710668,0.2626988785118972,0.6351961699225247,0.6155737438043443,-0.6136695615629019,1.0991648035240769,-0.9798698523458265,-0.6653319973266479,1.2852862655119774,-0.7841717752726938,-0.2503309818150784,-0.8086504587344052,0.6381128934869077,0.1485443134049203,0.015521123292009302,1.2850340738097579,2.3306784479871006,-0.8613500117232386,-0.13610739338089914,0.35175440500851807,-2.0504155304096394,-0.03517747849836763,0.22179687487996871,-0.7234828224103855,-0.11860928042390886,0
-0.8130941863973514,-1.4692847479255242,-0.5446229350012067,-0.5317452075923682,-0.03529022114318089,-0.6136695615629019,1.0991648035240769,1.0205436952733893,1.5030090301053793,1.2852862655119774,1.2752307995939438,0.08452991901006097,1.6662770876966746,-0.6665417558214546,2.226273457214079,-0.9291278903423067,-0.7930384920400783,1.9879461096045528,1.7955700778020178,1.7243553854400897,2.0861055886590507,1.8514209557106946,1.1223639063761257,0.8942570321342627,-0.19891993141092107,1.6330225129108944,1
0.8820270268626367,0.6280320030710668,-0.5446229350012067,-0.5317452075923682,-0.03529022114318089,-0.6136695615629019,1.0991648035240769,-0.9798698523458265,1.5030090301053793,1.2852862655119774,-0.7841717752726938,-0.8702761630724319,-1.046719641557435,-0.22544423153148457,0.09985704582884157,0.46429363747549235,-0.7930384920400783,-1.4393772742209272,1.1541594712313896,2.0863913856430933,0.6843417496379729,2.085556052866974,-0.0018935409141178424,-0.04788766735222234,-0.3059735826353016,1.0295191219299953,1
0.8820270268626367,-1.4692847479255242,-2.1487818631506217,-2.2821572738647085,-0.03529022114318089,-0.6136695615629019,-0.9097816785925635,-0.9798698523458265,1.5030090301053793,-0.77803678980547,1.2752307995939438,-1.028656318868106,-0.06468426241243738,-0.7100302441317333,-0.31398472856782744,1.5879377951257394,0.5293713225916359,2.3306784479871006,-0.8582663068839566,-1.2724981717958816,0.2680974655618453,0.08046293360309313,0.1460350705714405,0.5124957970263563,-1.2266349831649743,0.1806891492495446,0
0.8820270268626367,0.6280320030710668,-0.8067404069210461,-0.8321459582397654,-0.03529022114318089,-0.6136695615629019,1.0991648035240769,1.0205436952733893,-0.6653319973266479,-0.77803678980547,1.2752307995939438,-0.7254714492021012,0.054350328999077595,0.07897518664046675,-0.21661019341566992,-0.3775830446664232,-0.41520711643101715,-1.2870517904953502,-0.24584252580257765,-1.523912060825745,-1.3377076891828243,-0.47996682022842624,0.2791708209084438,0.6210700932497056,-0.616429171186005,-1.099915607222118,0
0.8820270268626367,0.6280320030710668,-0.8067404069210461,-0.8321459582397654,-0.03529022114318089,-0.6136695615629019,1.0991648035240769,-0.9798698523458265,-0.6653319973266479,-0.77803678980547,-0.7841717752726938,-1.1779861800468845,-0.8780873037244555,-0.6044153439496278,-1.1173246435731259,1.2830465450316177,-0.6041228042355475,-1.0585635649069849,-1.339941002779784,-1.2121588384287145,-1.2234445523776125,-1.0291879789833152,0.17931900815569132,0.26382563470836173,0.13294638738465875,-0.9772523163723418,0
0.8820270268626367,0.6280320030710668,-0.009903292284735086,0.05750241867752872,-0.03529022114318089,-0.6136695615629019,-0.9097816785925635,1.0205436952733893,-0.6653319973266479,-0.77803678980547,-0.7841717752726938,0.09810536093540459,-0.43666736057342126,-0.48016252020597416,-1.0199501084209683,-0.05470663656113117,0.025596155112887577,0.08387756303484165,-0.8095437704233032,-0.7998400604197384,-0.4480875526279628,-0.28443910611387374,-0.993015237867358,-0.8499365007440631,0.12224102226222054,-0.9281870000324313,0
-0.8130941863973514,-1.4692847479255242,-0.009903292284735086,0.3463492943000267,0.6155737438043443,-0.6136695615629019,-0.9097816785925635,1.0205436952733893,1.5030090301053793,-0.77803678980547,-0.7841717752726938,-0.4132362849192006,0.46601162429723325,-0.4242487495213302,-0.07054839068743392,-0.28080576584441236,0.15153994698257475,2.3306784479871006,-0.49993980455940373,-0.4277475046555407,0.3374715129078666,-1.1176113401433994,-0.0943489230925918,0.14124175187554763,-0.6592506316757578,-0.09898315388794511,0
-0.8130941863973514,-1.4692847479255242,-0.009903292284735086,0.3463492943000267,0.6155737438043443,-0.6136695615629019,1.0991648035240769,1.0205436952733893,-0.6653319973266479,-0.77803678980547,1.2752307995939438,0.06190418246782188,0.15354582184200674,0.0851878278276493,-0.9225755732688111,-0.998499214099677,-0.7930384920400783,2.3306784479871006,-0.42778111132020796,-0.9004056160316838,1.2842232178653339,-0.45256803226332953,0.10535470241291216,-0.17397394683740283,0.7110361039963136,0.29353937683133846,0
0.8820270268626367,0.6280320030710668,-0.27202076420457444,-0.24289833196987018,-0.03529022114318089,-0.6136695615629019,1.0991648035240769,1.0205436952733893,-0.6653319973266479,-0.77803678980547,1.2752307995939438,0.7768774572025797,2.48463990365084,0.6256876111125423,0.3189497499211958,-0.9556774093111767,2.355556304702098,0.08387756303484165,-0.10460884416346822,-0.27689917123762253,-0.6521288683515548,-0.22092373401296825,-0.22378645814245535,-0.43665369576486157,0.5932770876494948,0.21012833905349126,0
0.8820270268626367,-1.4692847479255242,-1.0688578788408853,-1.1209928338622634,-0.2522448761256893,-0.6136695615629019,1.0991648035240769,-0.9798698523458265,-0.6653319973266479,-0.77803678980547,1.2752307995939438,-0.08742567871095666,0.5800864410666017,-0.4118234671469648,0.7327915243178645,-1.3162370056303492,-0.7930384920400783,1.2263186909766683,-1.052539711758714,-1.1618760606227418,-0.08489401063996906,0.16265929749838257,-2.1616512686032694,-2.0337465692438106,0.20788394324172468,-0.5601971274831029,0
-0.8130941863973514,-1.4692847479255242,-0.5446229350012067,-0.5317452075923682,-0.03529022114318089,1.6295414709068945,1.0991648035240769,1.0205436952733893,1.5030090301053793,-0.77803678980547,-0.7841717752726938,2.7521042573400596,-0.3325120930883458,-0.8032198619394734,1.3900696365949272,1.7532299616093503,0.15153994698257475,0.6931794979371492,0.4991805633679212,2.116561052326677,1.692305849312518,2.84774051807784,0.5454423215824484,0.6876156296446616,-1.333688634389355,1.8685360313424637,1
-0.8130941863973514,-1.4692847479255242,-0.8067404069210461,-0.8321459582397654,-0.03529022114318089,-0.6136695615629019,1.0991648035240769,1.0205436952733893,-0.6653319973266479,-0.77803678980547,-0.7841717752726938,-0.6666445341922793,-0.2581154734561489,-1.1821909743576169,0.026826144464723565,-0.674766369898615,-0.47817901236586074,1.2263186909766683,0.15935629007905966,-0.5987089491958477,0.16199598138557753,-0.334255084232231,1.8139301650711115,1.3145446304181967,1.27842045548553,-0.09407662225395365,0
-0.8130941863973514,-1.4692847479255242,-0.009903292284735086,0.3463492943000267,0.6155737438043443,-0.6136695615629019,-0.9097816785925635,1.0205436952733893,1.5030090301053793,1.2852862655119774,1.2752307995939438,-0.11005141525319576,2.251530495469956,1.309078141702637,0.5136988202255106,0.7357838798345843,-0.7930384920400783,-0.5254243718674659,1.3835871112739604,1.7344119410012844,1.2495361941923229,0.8638191895142614,0.06467433425438383,-0.34559138280334223,0.7217414691187517,1.1914346658517003,1
0.8820270268626367,0.6280320030710668,0.2626988785118972,0.3463492943000267,0.1816644338393275,1.6295414709068945,-0.9097816785925635,1.0205436952733893,1.5030090301053793,-0.77803678980547,1.2752307995939438,-1.4449698712453067,-0.8731275290823092,-0.48637516139315684,2.226273457214079,1.5819427424553492,-0.7930384920400783,-0.5254243718674659,1.1109876034814437,1.6640160520729224,1.1169093389719884,1.4653471252934256,-0.2755614721623999,-0.13194518700900934,-1.1088759668181556,1.637929044544885,1
0.8820270268626367,0.6280320030710668,-1.6035775215573584,-1.7102404601321604,-0.2522448761256893,-0.6136695615629019,1.0991648035240769,-0.9798698523458265,-0.6653319973266479,-0.77803678980547,1.2752307995939438,0.9714587914658364,0.5602473424980158,-1.0206623034908673,-0.4113592637199848,-1.0849992597724476,-0.7930384920400783,0.08387756303484165,0.23583217009324964,-0.36740817128837344,-0.48073416314373757,-1.6219981185917667,0.11275113298719071,0.23930885814179928,-0.1453931057987308,-0.5798232540190674,0
0.8820270268626367,0.6280320030710668,0.7869338223515759,1.22444379619242,0.8325283987868527,-0.6136695615629019,-0.9097816785925635,1.0205436952733893,1.5030090301053793,1.2852862655119774,-0.7841717752726938,-0.5942421772571139,-1.255030176527586,-0.0017891487929079881,-0.6840079621460255,-0.2174294947574321,-0.7930384920400783,-0.5254243718674659,-0.6084862149021253,-0.3573516157271789,-0.7969982025153052,-1.067795362025042,0.05727790368010633,-0.10042361713771408,0.7966790249758177,-0.7466453295747625,0
-0.8130941863973514,0.6280320030710668,-0.27202076420457444,0.05750241867752872,0.6155737438043443,-0.6136695615629019,-0.9097816785925635,1.0205436952733893,1.5030090301053793,1.2852862655119774,-0.7841717752726938,-0.5173146730135008,-0.8136102333765517,-0.15710517847247493,-0.6061083340242995,-1.2100389297548684,-0.7930384920400783,0.845504981662726,1.6611205468093289,1.090792385084834,1.6555784124822714,0.7243344507828612,1.4995818656643,1.5351956195172622,-1.001822315593775,1.4956396271591446,1
-0.8130941863973514,0.6280320030710668,-0.5446229350012067,-0.5317452075923682,-0.03529022114318089,-0.6136695615629019,1.0991648035240769,1.0205436952733893,-0.6653319973266479,-0.77803678980547,-0.7841717752726938,-0.11005141525319576,-0.09940268490746249,-1.0517255094267806,-0.07054839068743392,0.250184613532991,-0.16331953269164318,-0.5254243718674659,-0.5289266300486533,-0.18639017118687187,-0.9153421656349886,-0.8647952511927363,-1.392422488878366,-1.333267238770587,0.26141076885391495,-0.5111318111431925,0
0.8820270268626367,0.6280320030710668,-2.13829716427383,-2.2821572738647085,-0.4691995311081977,1.6295414709068945,1.0991648035240769,1.0205436952733893,-0.6653319973266479,-0.77803678980547,1.2752307995939438,0.05737903515937415,0.46601162429723325,-0.47394987901879165,1.65784960826336,-0.25254337468400234,-0.7930384920400783,1.2263186909766683,2.5405931669725166,2.106504496765482,1.6555784124822714,1.4342121389694524,1.0742871076433198,0.7646683559967167,-0.05975018481922668,1.897975221146411,1
0.8820270268626367,0.6280320030710668,1.0595359931482098,1.22444379619242,0.1816644338393275,-0.6136695615629019,-0.9097816785925635,1.0205436952733893,1.5030090301053793,1.2852862655119774,-0.7841717752726938,-1.8069816559211334,-1.0219207683467026,1.1226989060871566,0.44066791886139256,0.24675886914991102,-0.16331953269164318,-0.5254243718674659,0.4960968585286391,-0.3472950601659843,-0.8622914235468547,-0.9432554167291488,0.3161529737798334,0.8452234790011368,-1.2587510785322884,-0.9625327214703687,0
0.8820270268626367,0.6280320030710668,-0.009903292284735086,0.3463492943000267,0.6155737438043443,-0.6136695615629019,1.0991648035240769,1.0205436952733893,1.5030090301053793,1.2852862655119774,1.2752307995939438,0.953358202232045,0.7983165253210454,0.8307047702895707,-1.2146991787252834,-1.4806727360181902,-0.03737574082195601,0.6170167560743608,0.7631456976104491,1.120962051768418,1.4515370967586794,1.4765557203700557,0.2643779597598878,-0.06189725396168701,0.432696610812924,1.2012477291196817,1
0.8820270268626367,0.6280320030710668,-0.5446229350012067,-0.5317452075923682,-0.03529022114318089,-0.6136695615629019,1.0991648035240769,1.0205436952733893,-0.6653319973266479,-0.77803678980547,1.2752307995939438,-0.9155276361569101,-1.2203117540325608,0.5821991228022637,1.8769423123557143,1.235942559764267,-0.47817901236586074,0.6170167560743608,0.30860760430030165,-0.2165598378704555,-0.4113601157977163,-0.23213232908959872,0.08316541069007861,0.015155472390367651,0.4434019759353622,-0.5651036591170944,0
-0.8130941863973514,0.6280320030710668,-1.6035775215573584,-1.7102404601321604,-0.2522448761256893,-0.6136695615629019,-0.9097816785925635,-0.9798698523458265,-0.6653319973266479,-0.77803678980547,1.2752307995939438,-1.3499417777679024,-0.4217880366469819,-0.8094325031266562,-0.5817647002362601,2.5244506658502406,-0.7930384920400783,0.08387756303484165,-0.29641528516680027,0.18570238457732605,-0.5215424262884558,-0.6655313387193071,0.719258440077979,0.7926875292156451,0.02589273616027821,-0.8251498357186197,0
0.8820270268626367,0.6280320030710668,-0.5446229350012067,-0.5317452075923682,-0.03529022114318089,-0.6136695615629019,-0.9097816785925635,1.0205436952733893,1.5030090301053793,1.2852862655119774,-0.7841717752726938,1.1841407149628849,0.9371902153011461,0.5387106344919848,0.22157521476903833,-0.8434842807653061,-0.5411509083007043,-0.5254243718674659,1.908433674919734,0.5879646070251073,1.0842627284562136,0.9148805670855779,1.2037246426931834,1.2339895074137766,-0.7663042829001384,1.1129301597078438,1
-0.8130941863973514,0.6280320030710668,-0.5446229350012067,-0.5317452075923682,-0.03529022114318089,-0.6136695615629019,1.0991648035240769,-0.9798698523458265,-0.6653319973266479,1.2852862655119774,1.2752307995939438,-0.7435720384358925,-1.0417598669152885,0.20944065157130295,-1.0345562886937922,0.2142142975106506,-0.7930384920400783,0.5408540142115723,-1.2683990505084448,0.30638105131166055,-0.392996397382593,-0.6518319447367587,-1.2888724608384747,-1.3017456688992919,0.34705368983341983,-0.211833381469739,0
-0.8130941863973514,-1.4692847479255242,-0.5446229350012067,-0.8321459582397654,-0.686154186090706,-0.6136695615629019,1.0991648035240769,1.0205436952733893,1.5030090301053793,1.2852862655119774,1.2752307995939438,-0.7797732169034751,-0.1787590791818058,-1.1076392801114248,-0.5330774326601816,2.5244506658502406,0.025596155112887577,1.2263186909766683,1.3996223764382265,0.8192653849325816,1.9147108834512334,1.4292305411576163,1.1556478439603766,1.587731569302754,-2.168707113939523,1.5152657536951089,1
-0.8130941863973514,-1.4692847479255242,-2.13829716427383,-2.2821572738647085,-0.4691995311081977,-0.6136695615629019,1.0991648035240769,1.0205436952733893,1.5030090301053793,-0.77803678980547,1.2752307995939438,-0.4494374633867833,-0.5209835294899109,-0.9274726856831271,-0.11923565826351266,2.5244506658502406,-0.7930384920400783,0.08387756303484165,1.6777725529414507,0.0650237178429915,1.1352730573871115,0.5524693262745284,0.33834226550266694,-0.054892460656954675,0.5932770876494948,1.2846587668975304,1
2.5771482401226247,0.6280320030710668,-0.009903292284735086,0.05750241867752872,-0.03529022114318089,-0.6136695615629019,1.0991648035240769,1.0205436952733893,1.5030090301053793,1.2852862655119774,1.2752307995939438,-1.1282095596539583,-0.7392136137443549,-0.07012820185191763,2.226273457214079,0.16282813176445046,-0.7930384920400783,-0.5254243718674659,0.7606787337390236,1.7947512743684517,0.9536762863931145,1.323371587656107,0.4640815852653917,0.49148141711215926,-0.6592506316757578,1.137462817877799,1
0.8820270268626367,0.6280320030710668,-0.5446229350012067,-0.5317452075923682,-0.03529022114318089,-0.6136695615629019,-0.9097816785925635,-0.9798698523458265,1.5030090301053793,1.2852862655119774,1.2752307995939438,-0.18245377218836117,-0.15891998061321996,-0.16331781965965775,0.9275405946221795,0.11743701868864007,0.5293713225916359,-2.0486792091232346,0.6138943833892067,0.7388129404430253,0.24769333398948618,1.0506291074581011,0.4640815852653917,0.4109262941077387,-0.3166789477577398,0.916668894348202,1
-0.8130941863973514,-1.4692847479255242,-0.009903292284735086,0.3463492943000267,0.6155737438043443,-0.6136695615629019,-0.9097816785925635,1.0205436952733893,-0.6653319973266479,1.2852862655119774,1.2752307995939438,0.7995031937448187,-0.44658690985771415,0.5356043138983935,-0.9469192070568504,-0.9479694844492467,-0.16331953269164318,1.2263186909766683,-1.8462853373898667,-0.24672950455403914,-0.25628871584778634,-1.4787771815014896,-0.37171506962801365,-0.6397927016020962,1.1927775345060259,-0.7122996081368257,0
0.8820270268626367,-1.4692847479255242,-1.6035775215573584,-1.7102404601321604,-0.2522448761256893,-0.6136695615629019,1.0991648035240769,1.0205436952733893,-0.6653319973266479,-0.77803678980547,-0.7841717752726938,0.2926866951986613,0.02459168114619885,-0.8715589149984829,-0.5574210664482209,-0.6987465805801751,-0.7930384920400783,2.3306784479871006,-0.8002926559054574,-1.071367060571991,1.229132062619964,-1.1151205412374816,0.8708852668506771,0.9327833953102898,-0.49867015483918703,0.38676347787716864,0
-0.8130941863973514,-1.4692847479255242,-1.6035775215573584,-1.7102404601321604,-0.2522448761256893,-0.6136695615629019,1.0991648035240769,1.0205436952733893,-0.6653319973266479,-0.77803678980547,-0.7841717752726938,-0.40871113761075284,-0.015086515990972812,-0.9709611739934058,1.2683514676547305,-1.1004151094963077,-0.7930384920400783,0.08387756303484165,0.06252795812560902,-0.5584827269510696,-0.6113206052068364,-0.6057521649772784,-0.30884540974665076,-0.46117047233142394,0.7859736598533794,-0.6190755070909956,0
-0.8130941863973514,-1.4692847479255242,1.0595359931482098,1.22444379619242,0.1816644338393275,-0.6136695615629019,1.0991648035240769,1.0205436952733893,1.5030090301053793,1.2852862655119774,-0.7841717752726938,-0.22318009796439162,-0.575541050553522,-0.3745476200238687,1.170976932502573,-0.511187075606544,0.7812589063310098,-0.5254243718674659,2.146495688512294,0.05496716228179718,1.1617984284311784,1.7530343989269386,-0.6379865703020182,-0.5102040254645498,-0.916179394614271,1.446574310819234,1
-0.8130941863973514,0.6280320030710668,0.5248163504317366,0.6351961699225247,0.1816644338393275,-0.6136695615629019,1.0991648035240769,1.0205436952733893,-0.6653319973266479,-0.77803678980547,-0.7841717752726938,-0.5625661460979792,-0.5408226280584968,-0.7038176029445506,-0.6304519678123389,0.36409061427040157,-0.7930384920400783,-0.373098888141889,-0.6220545161949654,-0.9607449493988511,-0.7276241551692839,-0.52231040162903,-0.5936079868563512,-0.7974005509585714,1.107134613526521,-0.8938412785944938,0
-0.8130941863973514,0.6280320030710668,-1.6035775215573584,-1.9990873357546584,-1.1200634960557228,-0.6136695615629019,1.0991648035240769,-0.9798698523458265,-0.6653319973266479,-0.77803678980547,1.2752307995939438,2.7521042573400596,-1.0715185147681672,-1.1324898448601555,-0.36267199614390605,0.6432887814914234,2.355556304702098,-0.5254243718674659,0.28702167042532895,-1.8356652832227756,-0.9541100156224712,-0.5135926054583173,-0.06476320079547972,0.5755389367689463,-1.4407422856137355,-1.1538874551960199,0
0.8820270268626367,0.6280320030710668,1.0595359931482098,1.22444379619242,0.1816644338393275,-0.6136695615629019,1.0991648035240769,1.0205436952733893,1.5030090301053793,1.2852862655119774,-0.7841717752726938,0.7044751002674142,0.8131958492474848,-0.23165687271866714,0.7084478905298254,-0.38786027781566307,-0.7930384920400783,-1.0585635649069849,0.46711003303938964,0.14547616233254787,0.9822420705944175,1.6596294399550187,1.5328658032485498,1.5457028094743601,-0.7770096480225759,1.127649754609816,1
-0.8130941863973514,0.6280320030710668,1.0595359931482098,1.5248445468398173,0.8325283987868527,-0.6136695615629019,-0.9097816785925635,1.0205436952733893,1.5030090301053793,1.2852862655119774,1.2752307995939438,-0.6892702707345184,0.23290221611634984,0.7810036407921093,-0.9931721112541253,0.6047491571817732,0.025596155112887577,0.08387756303484165,-0.005930289306448389,1.2014144962579738,1.3821630494126582,0.8102670130370272,0.9559442184548725,1.132420004495159,-1.205224252920098,1.1669020076817451,1
-0.8130941863973514,0.6280320030710668,0.5248163504317366,0.6351961699225247,0.1816644338393275,-0.6136695615629019,1.0991648035240769,1.0205436952733893,-0.6653319973266479,1.2852862655119774,1.2752307995939438,-0.20507950873060024,-0.6449778955435722,-0.19438102559557102,1.244007833866691,-0.7030287610590252,-0.7930384920400783,2.3306784479871006,1.2941596709347865,1.6841291631953115,2.2901469043826426,1.4952367121644397,-0.39020614606370846,-0.5067016288121838,-0.3166789477577398,1.70662048742076,1
-0.8130941863973514,-1.4692847479255242,-1.0688578788408853,-1.1209928338622634,-0.2522448761256893,-0.6136695615629019,1.0991648035240769,-0.9798698523458265,-0.6653319973266479,-0.77803678980547,1.2752307995939438,0.3243627263577963,-0.11924178347604832,-0.734880808880464,1.4387569041710058,-0.13692450175505147,-0.7930384920400783,0.845504981662726,-0.09289076577419726,0.004684384475824242,-0.29097573952079697,-0.3666354700091635,2.06540880459656,1.7838657818352563,0.7859736598533794,-0.5847297856530581,0
-0.8130941863973514,0.6280320030710668,-0.5446229350012067,-0.5317452075923682,-0.03529022114318089,-0.6136695615629019,-0.9097816785925635,1.0205436952733893,-0.6653319973266479,-0.77803678980547,-0.7841717752726938,-1.7798307720704465,-0.5805008251956684,0.2342912163200337,-1.0929810097850867,-1.1166873953159377,2.355556304702098,1.2263186909766683,-0.7608212339626494,-1.373063727407827,-0.19099549481623684,-0.6007705671654425,0.0128993202344382,0.14124175187554763,-0.2310360267782357,-0.38846852029341633,0
-0.8130941863973514,-1.4692847479255242,-1.0688578788408853,-1.1209928338622634,-0.2522448761256893,-0.6136695615629019,1.0991648035240769,-0.9798698523458265,-0.6653319973266479,-0.77803678980547,1.2752307995939438,0.29721184250710947,0.3221781596749861,0.749940434856196,-1.1173246435731259,0.5165362393174626,1.0331464900703842,0.6170167560743608,-1.8462853373898667,-0.8199531715421274,-0.40523887632600863,-1.0802493565546314,0.9485477878805951,1.0658744681002026,-0.2310360267782357,-0.6436081652609508,0
0.8820270268626367,0.6280320030710668,-0.009903292284735086,0.6351961699225247,1.266437708751867,-0.6136695615629019,-0.9097816785925635,1.0205436952733893,-0.6653319973266479,-0.77803678980547,1.2752307995939438,0.1840831597959136,-0.3523511916569316,-1.0206623034908673,-1.148971367497577,-0.13606806565928162,0.5293713225916359,-0.373098888141889,0.8630577344031815,0.7086432737594419,1.1679196679028863,-0.5073656081935226,0.25698152918560924,0.38640951754117575,-0.787715013145014,0.8136317300343889,1
0.8820270268626367,0.6280320030710668,-0.5446229350012067,-0.5317452075923682,-0.03529022114318089,-0.6136695615629019,-0.9097816785925635,-0.9798698523458265,-0.6653319973266479,-0.77803678980547,-0.7841717752726938,-0.010498174467343522,-0.21347750167683088,-0.43667403189569554,2.226273457214079,-1.2288805238618086,-0.7930384920400783,-0.44926163000467745,0.8821767044067291,0.8594916071773598,1.2515766073495591,1.4852735165407682,0.8893763432863719,1.125415211190426,-1.462153015858612,1.3729763363093683,1
-0.8130941863973514,0.6280320030710668,1.0595359931482098,1.8136914224623153,1.266437708751867,-0.6136695615629019,-0.9097816785925635,1.0205436952733893,1.5030090301053793,1.2852862655119774,-0.7841717752726938,-0.6168679137993532,2.48463990365084,0.17216480444820687,2.226273457214079,0.5353778334244027,0.025596155112887577,-0.44926163000467745,2.1643811765801293,2.689784719314765,1.1985258652614248,2.5451084510088196,1.1741389203960713,0.8907546354818967,0.02589273616027821,1.4907330955251537,1
-0.8130941863973514,0.6280320030710668,0.2626988785118972,0.9355969205699219,1.266437708751867,1.6295414709068945,-0.9097816785925635,-0.9798698523458265,1.5030090301053793,-0.77803678980547,-0.7841717752726938,-1.358992072384798,-0.5209835294899109,-0.542288932077801,0.2118377612538226,-0.13007301298889157,0.5293713225916359,-0.2969361462791006,-0.31430077323463507,0.014740940037019009,-0.8112810946159568,-0.00297882974515517,0.8967727738606495,0.9152714120484592,0.05800883152759207,-0.6141689754570048,0
-0.8130941863973514,0.6280320030710668,0.2626988785118972,0.6351961699225247,0.6155737438043443,-0.6136695615629019,-0.9097816785925635,1.0205436952733893,-0.6653319973266479,-0.77803678980547,-0.7841717752726938,-1.408768692777724,-1.1955128808218285,-0.10740404897501346,0.27026248234511707,0.6852541501841536,-0.7930384920400783,-0.5254243718674659,0.6354803172641798,0.879604718299749,0.8741001732609138,1.6484208448783886,1.3738425459015753,1.9940095809772234,-2.511278797857541,0.9117623627142099,1
0.8820270268626367,0.6280320030710668,1.0595359931482098,1.5248445468398173,0.8325283987868527,1.6295414709068945,-0.9097816785925635,-0.9798698523458265,1.5030090301053793,1.2852862655119774,1.2752307995939438,-0.11457656256164349,0.46601162429723325,-0.9647485328062231,0.9762278621982581,-0.07269179457230106,-0.7930384920400783,-1.0585635649069849,-0.6713937936234754,-0.3372385046047898,-1.0785752182138622,0.303389435682742,0.5750280438795605,0.6736060430351979,0.05800883152759207,-1.026317632712252,0
0.8820270268626367,0.6280320030710668,0.2626988785118972,0.9355969205699219,1.266437708751867,-0.6136695615629019,-0.9097816785925635,1.0205436952733893,-0.6653319973266479,-0.77803678980547,1.2752307995939438,0.012127562074895567,2.48463990365084,0.31505555175340844,-1.044293742209008,0.8359869030396744,-0.47817901236586074,0.08387756303484165,0.34252835753240246,0.8594916071773598,1.092424381085157,0.9273345616151673,0.10535470241291216,0.4319406740219357,-1.5799120322054299,1.2944718301655118,1
-0.8130941863973514,0.6280320030710668,0.5248163504317366,1.22444379619242,1.266437708751867,1.6295414709068945,1.0991648035240769,1.0205436952733893,-0.6653319973266479,1.2852862655119774,-0.7841717752726938,-0.41776143222764833,-0.3622707409412245,0.2715670634431298,-1.0175157450421646,0.18338259806293045,-0.35223522049617356,0.6170167560743608,0.9006789334424201,-0.4981433935839025,1.5025474256895774,0.9933407326219901,-0.1313310759639814,0.33387356775568405,-2.093769558082457,1.5888637282049747,1
-2.5082153996573395,-1.4692847479255242,-2.1487818631506217,-2.2821572738647085,-0.686154186090706,-0.6136695615629019,-0.9097816785925635,-0.9798698523458265,-0.6653319973266479,-0.77803678980547,1.2752307995939438,1.4737501427035462,-1.091357613336753,0.5387106344919848,-1.000475201390537,0.2527539218203011,-0.8560103879749219,-1.1347263067697735,1.46869736483814,0.5879646070251073,0.6945438154241527,0.5387699322919802,0.7044655789294241,1.079884054709667,-1.751197874164439,1.1178366913418345,1
-0.8130941863973514,0.6280320030710668,-0.5446229350012067,-1.1209928338622634,-1.3370181510382313,-0.6136695615629019,-0.9097816785925635,1.0205436952733893,1.5030090301053793,-0.77803678980547,-0.7841717752726938,-0.8702761630724319,-1.0715185147681672,-0.8156451443138388,-1.0223844717997725,-0.3390434203567727,-0.7930384920400783,-0.5254243718674659,0.3875504481859175,0.32649416243404966,0.9291913285062836,0.704408059535518,1.259197872000268,1.2479990940232402,-0.5950184409411294,0.9804538055900848,1
-0.8130941863973514,-1.4692847479255242,-0.009903292284735086,-0.5317452075923682,-1.1200634960557228,-0.6136695615629019,-0.9097816785925635,-0.9798698523458265,-0.6653319973266479,-0.77803678980547,-0.7841717752726938,-0.26390642374042206,-0.3424316423726387,1.464394171382204,-1.0272531985573803,-0.9214199654803765,-0.6670947001703911,-0.5254243718674659,1.2133666041456015,0.12536305121015878,0.8394131495879033,1.2262304303253109,0.19041365401710864,-0.1284427903566429,0.4434019759353622,1.1423693495117897,1
0.8820270268626367,0.6280320030710668,-0.009903292284735086,-0.24289833196987018,-0.4691995311081977,-0.6136695615629019,-0.9097816785925635,1.0205436952733893,1.5030090301053793,-0.77803678980547,-0.7841717752726938,-0.5806667353317705,0.004752582577613017,0.20322801038412042,1.1222896649264942,-0.2671027883120923,-0.5411509083007043,-0.44926163000467745,1.0098420847529985,1.0203964961564724,1.0618181837266185,1.9298811212471074,1.3812389764758528,1.2690134739374377,-0.42373259898212035,1.255219577093583,1
-0.8130941863973514,0.6280320030710668,-0.5446229350012067,-0.5317452075923682,-0.03529022114318089,-0.6136695615629019,-0.9097816785925635,1.0205436952733893,-0.6653319973266479,-0.77803678980547,-0.7841717752726938,-0.30010760220800475,2.48463990365084,-0.3372717729007726,0.6354169891657073,1.4560466363771585,-0.7930384920400783,-0.44926163000467745,0.7804144447104276,2.16684383013265,0.9557166995503504,1.0917272894057461,1.7399658593283325,1.8223921450112834,-1.2159296180425363,1.5496114751330456,1
0.8820270268626367,-1.4692847479255242,-0.5446229350012067,-0.8321459582397654,-0.686154186090706,-0.6136695615629019,-0.9097816785925635,1.0205436952733893,1.5030090301053793,-0.77803678980547,-0.7841717752726938,-0.01502332177579126,-0.45154668449986063,-0.27514536102894577,-0.9712628408448898,-0.972806131226577,-0.16331953269164318,-0.44926163000467745,0.8840269273102983,1.1310186073296122,0.9026659574622166,0.6384018885286948,-0.4493775906579316,-0.5172088187692822,-0.3059735826353016,1.3190044883354672,1
0.8820270268626367,-1.4692847479255242,-2.1487818631506217,-2.2821572738647085,1.4833923637343753,-0.6136695615629019,-0.9097816785925635,1.0205436952733893,-0.6653319973266479,-0.77803678980547,-0.7841717752726938,-0.45396261069523103,1.9688233408676084,-0.8342830678753869,2.226273457214079,-0.8186476339879759,-0.7930384920400783,2.3306784479871006,1.0610315850850773,1.2516972740639467,2.1167117860175892,1.5898870705893189,-0.3754132849151524,-0.3140698129320475,-1.08746523657328,2.1874605875518816,1
0.8820270268626367,0.6280320030710668,0.2626988785118972,0.9355969205699219,1.266437708751867,-0.6136695615629019,-0.9097816785925635,-0.9798698523458265,-0.6653319973266479,-0.77803678980547,-0.7841717752726938,-1.5173722281804722,-1.2351910779590003,-0.48637516139315684,0.36763701749727434,0.13113999622096018,-0.7930384920400783,-0.44926163000467745,0.8667581802103198,1.3723759407982814,1.0026462021667766,1.4603655274815894,0.2680761750470265,0.5089934003739899,-1.290867173899603,1.1669020076817451,1
-0.8130941863973514,0.6280320030710668,-0.009903292284735086,0.9355969205699219,1.7003470187168839,-0.6136695615629019,1.0991648035240769,-0.9798698523458265,-0.6653319973266479,-0.77803678980547,-0.7841717752726938,-0.8023989534457142,-1.2699095004540253,0.16595216326102433,-0.021861123111355178,-0.053850200465361035,-0.7300665961052347,-0.5254243718674659,-1.2233769598549296,0.2862679401892715,-0.6358055630936675,-1.3716728285470214,0.053579688392966535,0.31285918784148753,-0.6057238060635676,-0.447346899901309,0
-0.8130941863973514,-1.4692847479255242,0.2626988785118972,0.9355969205699219,1.266437708751867,-0.6136695615629019,-0.9097816785925635,-0.9798698523458265,-0.6653319973266479,-0.77803678980547,-0.7841717752726938,1.315369986907872,0.34697703288571824,-0.22544423153148457,0.46501155264943184,-0.8871625216495764,-0.7930384920400783,-1.4393772742209272,0.6163613472606321,0.09519338452657536,-1.0479690208553236,-1.765219055682044,-0.7156490913319362,-0.1704715501850364,-1.1195813319405938,-0.9968784429083062,0
-0.8130941863973514,0.6280320030710668,-0.009903292284735086,0.6351961699225247,1.266437708751867,-0.6136695615629019,-0.9097816785925635,-0.9798698523458265,-0.6653319973266479,-0.77803678980547,1.2752307995939438,-0.5308901149388444,-0.6350583462592795,-0.2999959257776765,0.9518842284102188,0.762333398803454,-0.8560103879749219,-0.5254243718674659,-0.3710409422774215,-0.3171253934824007,-0.907180513006045,-0.7016479228551159,1.0188138783362355,1.0938936413191318,0.047303466405153864,-1.0066915061762884,0
0.8820270268626367,0.6280320030710668,2.11849057970436,1.8136914224623153,-0.4691995311081977,-0.6136695615629019,1.0991648035240769,1.0205436952733893,1.5030090301053793,1.2852862655119774,1.2752307995939438,-0.6983205653514141,-0.9624034726409453,-1.1884036155447995,-1.0686373759970471,-0.7055980693463352,-0.6041228042355475,0.08387756303484165,0.5380352443428725,0.336550717995244,1.1801621468463015,0.19005808546347927,0.7895245305336195,0.6911180262970285,-0.5521969804513773,1.6820878292508048,1
-0.8130941863973514,0.6280320030710668,-0.009903292284735086,0.9355969205699219,1.7003470187168839,1.6295414709068945,1.0991648035240769,1.0205436952733893,1.5030090301053793,-0.77803678980547,1.2752307995939438,-0.26390642374042206,-0.6896158673228904,-0.2813580022161286,1.1953205662906123,-0.07354823066807119,-0.47817901236586074,0.08387756303484165,-0.22980726063831208,0.11530649564896445,-0.548067797332523,-0.6356417518482927,-0.19420073584534325,-0.208997913361064,0.2935268642212296,-0.49641221624121945,0
-0.8130941863973514,0.6280320030710668,-0.5446229350012067,0.3463492943000267,1.7003470187168839,-0.6136695615629019,-0.9097816785925635,-0.9798698523458265,-0.6653319973266479,-0.77803678980547,-0.7841717752726938,-1.245863389673602,-0.1787590791818058,2.4956926084545286,-1.0321219253149883,2.5244506658502406,-0.7930384920400783,-0.6777498555930428,0.8704586260174577,0.9701137183504995,0.8169686048583079,0.7978130185074379,-0.9301455779859962,-0.6783190647781233,-1.0446437760835272,0.9902668688580677,1
-0.8130941863973514,0.6280320030710668,-0.5446229350012067,0.05750241867752872,1.0494830537693587,-0.6136695615629019,-0.9097816785925635,-0.9798698523458265,-0.6653319973266479,-0.77803678980547,-0.7841717752726938,-1.0920083811863757,-1.2203117540325608,-0.5298636497034357,0.22157521476903833,-0.22599385571513228,0.4663994266567923,-0.6777498555930428,-0.6387065223270878,0.02479749559821333,-0.8969784472198654,-0.775126490579693,-1.4478957181854504,-1.0916018697573249,-0.4344379641045586,-0.9772523163723418,0
0.8820270268626367,0.6280320030710668,0.2626988785118972,1.22444379619242,1.7003470187168839,-0.6136695615629019,-0.9097816785925635,-0.9798698523458265,-0.6653319973266479,-0.77803678980547,-0.7841717752726938,0.794978046436371,0.2824999625378144,-0.22544423153148457,0.22157521476903833,-1.1012715455920778,0.6553151144613227,0.08387756303484165,-0.17553405546695106,-0.1260508378197046,-0.5133807736595123,0.2934262400590704,0.027692181382994244,-0.18097874014213466,0.9037326762001981,-0.5994493805550312,0
-0.8130941863973514,-1.4692847479255242,0.2626988785118972,0.05750241867752872,-0.4691995311081977,-0.6136695615629019,-0.9097816785925635,-0.9798698523458265,-0.6653319973266479,1.2852862655119774,1.2752307995939438,-0.6394936503415923,0.4412127510865008,-1.2815932333525395,-1.0491624689666157,0.16282813176445046,-0.10034763675679959,0.23620304676041853,1.3502830990097163,1.3623193852370865,1.4494966836014431,1.0605923030817728,-1.5736350379481752,-1.1021090597144236,-1.8154300648990673,1.446574310819234,1
-0.8130941863973514,0.6280320030710668,-0.009903292284735086,0.05750241867752872,-0.03529022114318089,-0.6136695615629019,-0.9097816785925635,-0.9798698523458265,1.5030090301053793,-0.77803678980547,1.2752307995939438,0.709000247575862,0.38665523002288993,1.464394171382204,2.226273457214079,0.7700413236653844,-0.7930384920400783,-0.5254243718674659,-0.3907766532488255,-0.3171253934824007,-0.8724934893330343,0.07174513743238074,0.7044655789294241,0.4389454673266675,1.0429024227918933,-0.7908041142806822,0
-0.8130941863973514,-1.4692847479255242,-0.009903292284735086,0.6351961699225247,1.266437708751867,-0.6136695615629019,1.0991648035240769,-0.9798698523458265,-0.6653319973266479,-0.77803678980547,-0.7841717752726938,-0.14625259372077845,-0.9673632472830918,-0.5112257261418875,-1.0588999224818314,0.11486771040132995,-0.16331953269164318,0.23620304676041853,0.6083437146784991,1.5232242742161992,1.2821828047080976,1.2237396314193925,0.24958509861133174,0.544017366897651,-1.547795936838116,1.4073220577473065,1
-0.8130941863973514,0.6280320030710668,-0.5446229350012067,-0.5317452075923682,-0.03529022114318089,1.6295414709068945,1.0991648035240769,-0.9798698523458265,1.5030090301053793,-0.77803678980547,-0.7841717752726938,0.2202843382634963,1.8398692001718007,0.17837744563538968,-1.0175157450421646,-0.36473650322987294,-0.2262914286264864,0.08387756303484165,0.7828814085818531,0.8594916071773598,1.1577176021167066,0.24485566139367235,2.8827143830542696,2.733015274626475,-1.333688634389355,1.7851249935646165,1
-0.8130941863973514,-1.4692847479255242,-0.5446229350012067,0.05750241867752872,1.0494830537693587,-0.6136695615629019,1.0991648035240769,-0.9798698523458265,-0.6653319973266479,-0.77803678980547,-0.7841717752726938,0.550620091780188,-0.8235297826608446,-0.5547142144521664,-0.998040838011733,0.7357838798345843,-0.7930384920400783,-0.6777498555930428,-0.3389704119488903,1.9958823855923427,0.8312514969589594,1.4678379241993433,2.5313839307760686,2.733015274626475,-1.9438944463683243,1.3631632730413867,1
-0.8130941863973514,-1.4692847479255242,1.0595359931482098,1.22444379619242,0.1816644338393275,-0.6136695615629019,-0.9097816785925635,1.0205436952733893,-0.6653319973266479,1.2852862655119774,1.2752307995939438,0.02570300400023918,-0.32259254380405294,-0.8529209914369349,-1.0199501084209683,-0.7381426409855955,-0.8560103879749219,-0.5254243718674659,0.09398174748628393,0.3164376068728549,0.9516358732358786,0.8401565999080419,0.23109402217563696,0.41793108741247104,-1.1195813319405938,1.1669020076817451,1
0.8820270268626367,0.6280320030710668,-1.0688578788408853,-1.1209928338622634,-0.2522448761256893,-0.6136695615629019,-0.9097816785925635,-0.9798698523458265,-0.6653319973266479,-0.77803678980547,-0.7841717752726938,-0.5399404095557401,-0.3275523184461993,1.0605724942153296,-0.23365073706729755,-0.7998060398810357,-0.7930384920400783,0.08387756303484165,0.16367347685405428,0.4371162736071894,-0.5603102762759385,-0.2246599323718452,-0.33103470146948427,-0.6467974949068285,1.2141882647509017,-0.4277207733653446,0
2.5771482401226247,0.6280320030710668,-0.009903292284735086,0.6351961699225247,1.266437708751867,-0.6136695615629019,-0.9097816785925635,1.0205436952733893,-0.6653319973266479,-0.77803678980547,-0.7841717752726938,-0.4132362849192006,-0.029965839917412074,-1.3623575687859144,-0.2604287342341409,0.36409061427040157,-0.47817901236586074,-0.6015871137302543,0.313541532043153,-0.48808683802270797,-0.7908769630435976,-1.2047893018505245,0.689672717780868,0.5335101769405528,0.818089755220694,-1.0557568225161988,0
0.8820270268626367,0.6280320030710668,-0.009903292284735086,-0.5317452075923682,-1.1200634960557228,-0.6136695615629019,-0.9097816785925635,-0.9798698523458265,1.5030090301053793,-0.77803678980547,1.2752307995939438,0.6954248056505188,2.3904041854500573,-0.2068063079699364,0.2434844851782737,-0.7432812575602155,-0.7930384920400783,-1.1347263067697735,1.0147760124958494,0.6080777181474964,0.6353718338643112,0.23115626741112383,1.972953422418086,1.671789088959541,0.1436517525070962,1.0491452484659596,1
-0.8130941863973514,0.6280320030710668,0.5248163504317366,0.3463492943000267,-0.2522448761256893,-0.6136695615629019,-0.9097816785925635,-0.9798698523458265,-0.6653319973266479,-0.77803678980547,1.2752307995939438,1.8764882531554037,0.3519368075278648,-1.2815932333525395,-1.0662030126182434,-0.29108299899365253,1.6628654494188193,1.3024814328394567,-0.41852999680236247,-1.071367060571991,0.11302606561191537,-0.2869299050197918,-1.7474511564437059,-1.9531914462393898,0.8287951203431323,0.20031527578550906,0
2.5771482401226247,0.6280320030710668,2.1289752785811515,2.385608236194863,1.9173016736993922,1.6295414709068945,1.0991648035240769,-0.9798698523458265,1.5030090301053793,1.2852862655119774,-0.7841717752726938,0.2700609586564222,-0.3176327691619064,-0.45531195545724357,-0.3578032693862982,-1.3779004045257897,1.0961183860052277,-0.6015871137302543,1.2220009776955907,0.678473607075858,0.9128680232483962,1.2087948379838853,-1.2555885232542239,-0.8044053442633038,-1.6334388578176202,1.0589583117339412,1
0.8820270268626367,0.6280320030710668,0.2626988785118972,0.9355969205699219,1.266437708751867,-0.6136695615629019,-0.9097816785925635,-0.9798698523458265,-0.6653319973266479,-0.77803678980547,-0.7841717752726938,1.4737501427035462,0.08906875149410269,-1.0206623034908673,-1.0223844717997725,0.8368433391354448,0.08856805104773116,-0.6015871137302543,0.9783882953923231,-0.5182565047062914,-0.8990188603771012,-1.2433966848922515,-0.8081044735104101,-0.6502998915591944,0.10083029201734413,-1.0214111010782614,0
-0.8130941863973514,0.6280320030710668,0.2626988785118972,1.22444379619242,1.7003470187168839,-0.6136695615629019,1.0991648035240769,1.0205436952733893,1.5030090301053793,-0.77803678980547,1.2752307995939438,0.39223993598451395,-0.14404065668678048,-1.0206623034908673,-0.7594732268889476,-0.6550683396959048,0.15153994698257475,1.3024814328394567,-0.06390394028494778,-0.39757783797195706,-0.13998516588533882,-1.178635913338387,0.30875654320555485,0.45295505393613217,-0.28456285239042595,-0.462066494803282,0
-0.8130941863973514,0.6280320030710668,-0.5446229350012067,0.3463492943000267,1.7003470187168839,-0.6136695615629019,-0.9097816785925635,-0.9798698523458265,-0.6653319973266479,-0.77803678980547,-0.7841717752726938,0.8176037829786101,-1.1062369372631924,-0.7286681676932814,-0.8982319394807718,2.187443062164743,-0.7930384920400783,-1.1347263067697735,-0.7805569449340535,-1.0914801716943798,-1.3132227312959932,-0.08517519364044461,0.2273958068884982,-0.10742841044244641,1.5139384881791669,-1.2127658348039116,0
2.5771482401226247,0.6280320030710668,0.5248163504317366,0.05750241867752872,-0.9031088410732144,-0.6136695615629019,-0.9097816785925635,1.0205436952733893,-0.6653319973266479,1.2852862655119774,-0.7841717752726938,1.2746436611318412,-0.3176327691619064,0.37718196362523526,-0.5014307087357304,-0.828924867137216,0.15153994698257475,1.9879461096045528,-1.1715707185549942,-0.6791613936854041,0.3272694471216868,-1.3131390542579515,0.7562405929493686,0.9713097584863178,-0.6485452665533197,-0.29524441924758693,0
-0.8130941863973514,0.6280320030710668,-1.0688578788408853,-1.1209928338622634,-0.2522448761256893,-0.6136695615629019,-0.9097816785925635,1.0205436952733893,-0.6653319973266479,-0.77803678980547,1.2752307995939438,0.23385978018883952,0.7140003564045556,-0.23165687271866714,-0.2993785482950038,1.4406307866532984,-0.03737574082195601,0.6931794979371492,-1.4978266905510158,0.6684170515146637,-0.2522078895333146,0.30961643294753666,-1.3406474748584203,-1.5609230211743848,1.1392507088938357,-0.574916722385076,0
0.8820270268626367,0.6280320030710668,2.11849057970436,2.385608236194863,1.4833923637343753,-0.6136695615629019,-0.9097816785925635,1.0205436952733893,-0.6653319973266479,1.2852862655119774,-0.7841717752726938,-0.9879299930920755,-1.135995585116071,2.4273535553955186,0.16071613029893994,0.3923530054308119,-1.0449260757794525,1.3024814328394567,1.2516045441526964,2.0260520522759258,1.737194938771708,0.5823589131455429,-1.743752941156567,-1.872636323234969,0.06871419665003027,1.3778828679433592,1
0.8820270268626367,0.6280320030710668,0.2626988785118972,0.6351961699225247,0.6155737438043443,1.6295414709068945,1.0991648035240769,-0.9798698523458265,-0.6653319973266479,-0.77803678980547,-0.7841717752726938,0.12978139209453957,0.3965747793071828,-0.10119140778783092,0.2848686626179406,0.3949223137181217,2.355556304702098,1.3024814328394567,-0.9248743314124448,-0.23667294899284458,-0.06448987906760992,-0.152426764100227,0.5639333980181432,-0.05839485730932059,1.942153093076689,-0.3246836090515329,0
-0.8130941863973514,0.6280320030710668,-1.0688578788408853,-1.1209928338622634,-0.2522448761256893,-0.6136695615629019,-0.9097816785925635,-0.9798698523458265,-0.6653319973266479,-0.77803678980547,1.2752307995939438,-1.8069816559211334,-1.2699095004540253,0.3833946048124178,-1.0637686492394394,1.794338894206311,-0.7930384920400783,-0.6015871137302543,-1.5274302570081215,-0.7596138381749602,-0.8398468788172595,-0.9283106232936418,-0.9967134531544968,-0.8639460873535273,0.02589273616027821,-0.6288885703589778,0
-0.8130941863973514,0.6280320030710668,-0.5446229350012067,-0.5317452075923682,-0.03529022114318089,1.6295414709068945,-0.9097816785925635,-0.9798698523458265,1.5030090301053793,-0.77803678980547,1.2752307995939438,1.175090420345989,1.9985819887204872,0.5821991228022637,1.3243418253672208,-0.06327099751883104,0.08856805104773116,1.3024814328394567,0.9802385182958923,1.3019800518699194,1.6331338677526765,1.6284944536310453,-1.4700850099082838,-1.5714302111314828,-0.08116091506410233,1.4563873740872169,1
0.8820270268626367,-1.4692847479255242,0.5248163504317366,0.9355969205699219,0.8325283987868527,1.6295414709068945,-0.9097816785925635,-0.9798698523458265,-0.6653319973266479,1.2852862655119774,-0.7841717752726938,-0.7435720384358925,1.1901387220506152,-0.5547142144521664,1.2732201944123382,0.09945186067746987,-0.2262914286264864,-1.1347263067697735,-0.9353589278660033,0.08513682896538059,-1.1765150497611865,-0.6431141485660463,-0.09804713837973054,-0.7728837743920085,2.3382516026068974,-0.5798232540190674,0
-0.8130941863973514,0.6280320030710668,1.0595359931482098,2.1025382980848133,1.9173016736993922,-0.6136695615629019,-0.9097816785925635,-0.9798698523458265,-0.6653319973266479,1.2852862655119774,-0.7841717752726938,0.29721184250710947,-0.32259254380405294,2.5236494937968508,-0.6572299649791822,-0.5848405798427644,-0.7930384920400783,1.3024814328394567,0.26851944138963746,-1.3127243940406599,0.019167060379062857,-0.7651632949560218,0.5010637381367813,0.5545245568547498,-0.1453931057987308,-0.20692684983574755,0
0.8820270268626367,0.6280320030710668,0.5248163504317366,1.5248445468398173,1.9173016736993922,-0.6136695615629019,-0.9097816785925635,-0.9798698523458265,-0.6653319973266479,1.2852862655119774,-0.7841717752726938,0.9488330549235973,-0.15891998061321996,-1.4741851101552026,-0.5817647002362601,1.7892002776316906,-0.03737574082195601,-1.1347263067697735,1.4995344132309587,0.6684170515146637,0.6006848101913005,0.9808867380924007,0.28286903619558257,0.7506587693872521,-2.008126637102952,1.2208738556556462,1
0.8820270268626367,-1.4692847479255242,0.5248163504317366,1.22444379619242,1.266437708751867,1.6295414709068945,1.0991648035240769,1.0205436952733893,1.5030090301053793,1.2852862655119774,-0.7841717752726938,-0.16887833026301755,-0.7094549658914762,-0.9150474033087617,-0.9712628408448898,2.5244506658502406,0.7812589063310098,-0.5254243718674659,-0.7262837397626927,-1.7652693942944138,-0.8316852261883159,-1.289476464651732,-0.6527794314505743,-0.07940923722351759,-1.2266349831649743,-0.9674392531043595,0
-0.8130941863973514,0.6280320030710668,-0.009903292284735086,0.9355969205699219,1.7003470187168839,-0.6136695615629019,-0.9097816785925635,1.0205436952733893,-0.6653319973266479,-0.77803678980547,1.2752307995939438,1.4194483750021725,-0.630098571617133,0.9301070292844934,-0.04620475689939444,0.3195559372903613,-0.7930384920400783,0.08387756303484165,0.25926832687179197,-0.32718194904359527,-0.7174220893831044,-0.152426764100227,-0.3791115002022912,-0.6187783216878991,0.9893755971797031,-0.4522534315352998,0
0.8820270268626367,0.6280320030710668,-1.0688578788408853,-0.5317452075923682,1.0494830537693587,1.6295414709068945,1.0991648035240769,-0.9798698523458265,-0.6653319973266479,-0.77803678980547,1.2752307995939438,0.3107872844324527,0.7685578774681668,0.07276254545328394,1.3413823690188484,0.04635282273972976,0.6553151144613227,-0.5254243718674659,-0.2803800200025347,0.11530649564896445,-0.8133215077731926,-0.6132245616950318,-0.5751169104206564,0.008150679085635317,-1.2373403482874126,-1.0410372276142252,0
0.8820270268626367,0.6280320030710668,-1.0688578788408853,-0.24289833196987018,1.7003470187168839,-0.6136695615629019,-0.9097816785925635,-0.9798698523458265,-0.6653319973266479,-0.77803678980547,1.2752307995939438,1.2384424826642588,-1.1905531061796821,2.5236494937968508,-0.19226655962763067,-0.8845932133622663,-0.7930384920400783,-1.0585635649069849,0.5997093411285098,0.6181342737086912,0.7394329048833431,0.8986903741971116,-0.8487848416689384,-0.6432950982544621,-1.0125276807162134,1.2012477291196817,1
-0.8130941863973514,-1.4692847479255242,-2.1487818631506217,-1.9990873357546584,1.4833923637343753,-0.6136695615629019,-0.9097816785925635,1.0205436952733893,1.5030090301053793,1.2852862655119774,1.2752307995939438,-1.1553604435046454,-1.145915134400364,-0.7286681676932814,0.002482510676684086,-0.8640387470637861,-0.7867413024465939,-0.5254243718674659,0.29133885720032315,0.39689005136241123,-0.9989991050816615,-1.1163659406904405,-0.8931634251146066,-0.9760227802292432,0.7538575644860656,-0.8006171775486643,0
0.8820270268626367,-1.4692847479255242,0.5248163504317366,0.6351961699225247,0.1816644338393275,1.6295414709068945,1.0991648035240769,1.0205436952733893,1.5030090301053793,1.2852862655119774,-0.7841717752726938,0.3379381682831399,-0.6796963180385974,-0.7038176029445506,2.226273457214079,0.34610545625923167,1.4739497616142885,2.3306784479871006,1.9016495242733138,0.8092088293713873,2.694148709515355,0.12031571609777916,0.8782816974249547,0.6841132329922957,-0.5307862502065009,2.275778156963721,1
-0.8130941863973514,0.6280320030710668,-2.1487818631506217,-2.2821572738647085,0.8325283987868527,-0.6136695615629019,-0.9097816785925635,-0.9798698523458265,-0.6653319973266479,-0.77803678980547,-0.7841717752726938,-0.8567007211470883,0.4064943285914757,-0.29378328459049396,0.6841042567417861,-0.8040882203598858,0.15153994698257475,0.31236578862320696,-1.0124515488480499,-1.2926112829182708,-0.5684719289048821,-0.5472183906882087,0.06467433425438383,-0.06189725396168701,0.7431521993636274,-0.8251498357186197,0
-0.8130941863973514,-1.4692847479255242,-0.5446229350012067,0.05750241867752872,1.0494830537693587,-0.6136695615629019,-0.9097816785925635,1.0205436952733893,-0.6653319973266479,-0.77803678980547,1.2752307995939438,-0.16887833026301755,-0.6598572194700116,0.886618540974215,-0.4843901650841028,0.3169866290030515,0.025596155112887577,0.997830465388303,-0.7435524868626712,-0.5283130602674859,-0.27873326057738135,0.708144257894395,-0.07585784665689702,-0.17397394683740283,0.5718663574046183,-0.5896363172870496,0
0.8820270268626367,0.6280320030710668,-1.6035775215573584,-1.1209928338622634,1.0494830537693587,-0.6136695615629019,-0.9097816785925635,-0.9798698523458265,-0.6653319973266479,-0.77803678980547,-0.7841717752726938,1.2339173353558108,0.7140003564045556,1.464394171382204,0.002482510676684086,-0.9308407625338466,0.7812589063310098,-0.5254243718674659,-1.0402048924015868,0.07508027340418627,-0.8418872919744956,-0.11880097887033599,-1.1520384952143337,-1.4733631048652318,1.4711170276894154,-0.6926734816008613,0
0.8820270268626367,0.6280320030710668,-1.6035775215573584,-0.8321459582397654,1.7003470187168839,-0.6136695615629019,-0.9097816785925635,-0.9798698523458265,-0.6653319973266479,-0.77803678980547,-0.7841717752726938,0.6818493637251751,2.48463990365084,-0.5050130849547049,1.4874441717470843,0.9156354599462849,-0.47817901236586074,0.08387756303484165,-1.065491272083698,0.7689826071266092,-0.4623704447286143,-0.3105924946260116,-0.397602576637986,-0.11443320374717875,-0.4344379641045586,-0.8496824938885749,0
-2.5082153996573395,-1.4692847479255242,1.5942556358646813,2.385608236194863,1.266437708751867,1.6295414709068945,1.0991648035240769,-0.9798698523458265,-0.6653319973266479,1.2852862655119774,1.2752307995939438,-0.5082643783966051,-0.7888113601658194,0.17216480444820687,-0.8252010381166537,-1.4001677430158095,0.7182870103961663,1.6071324002906104,-0.18293494708122782,-1.0110277272048236,-0.03184326855183516,-0.8498504577572289,-2.2430120049203266,-2.0407513625485425,-0.19891993141092107,-0.13332887532588186,0
-0.8130941863973514,-1.4692847479255242,2.11849057970436,2.385608236194863,0.3986190888218359,1.6295414709068945,-0.9097816785925635,1.0205436952733893,-0.6653319973266479,1.2852862655119774,-0.7841717752726938,-0.675694828809175,-1.2203117540325608,0.28399234581749516,0.026826144464723565,0.10373404115631997,0.4663994266567923,-0.5254243718674659,0.510281900789336,0.09519338452657536,-0.8561701840751469,-0.5422367928763728,-0.06476320079547972,0.18327051170394112,-0.28456285239042595,-1.085196012320145,0
0.8820270268626367,0.6280320030710668,-0.5446229350012067,0.3463492943000267,1.7003470187168839,-0.6136695615629019,-0.9097816785925635,-0.9798698523458265,-0.6653319973266479,-0.77803678980547,-0.7841717752726938,0.8221289302870578,1.5323631723587205,-0.8839841973728483,-0.703482869176457,1.2068237325080873,-0.7930384920400783,0.08387756303484165,-1.452187858929644,-0.7294441714913767,-0.5521486236469947,-0.3753532661798759,1.0890799687918749,0.7401515794301533,1.0857238832816454,-0.45715996316929125,0
0.8820270268626367,0.6280320030710668,-1.0688578788408853,-0.5317452075923682,1.0494830537693587,-0.6136695615629019,-0.9097816785925635,-0.9798698523458265,-0.6653319973266479,-0.77803678980547,-0.7841717752726938,0.9805090860827322,0.7685578774681668,1.166187394397435,-0.9225755732688111,-0.015310576155710846,-0.16331953269164318,-1.0585635649069849,-0.4012612497023839,-0.8601793937869057,-1.0173628234967846,-1.3816360241706929,-1.5958243296710086,-1.7115260772261276,1.149956074016274,-1.2127658348039116,0
-0.8130941863973514,0.6280320030710668,-2.1487818631506217,-2.2821572738647085,-0.686154186090706,-0.6136695615629019,-0.9097816785925635,-0.9798698523458265,-0.6653319973266479,-0.77803678980547,-0.7841717752726938,0.9307324656898059,0.9173511167325603,2.5236494937968508,1.6821932420513994,-0.1009541857327114,-0.9819541798446089,0.08387756303484165,-0.6257549620021039,0.32649416243404966,-0.5807144078482978,0.3581870116129351,-0.7711223206390205,-0.9059748471819208,0.7645629296085038,-0.5356644693131477,0
-0.8130941863973514,-1.4692847479255242,-2.13829716427383,-1.4098397094847614,1.7003470187168839,-0.6136695615629019,-0.9097816785925635,-0.9798698523458265,-0.6653319973266479,-0.77803678980547,1.2752307995939438,-1.2639639789073933,-1.0665587401260206,-0.11361669016219629,-0.43570289750802416,1.4509080198025384,-0.41520711643101715,1.2263186909766683,-0.9002046926981899,-0.25678606011523347,-0.13998516588533882,-0.23462312799551643,0.07207076482866133,-0.3596009694128069,1.3961794718323488,-0.19711378656776601,0
0.8820270268626367,0.6280320030710668,-2.1487818631506217,-2.2821572738647085,-0.686154186090706,-0.6136695615629019,1.0991648035240769,-0.9798698523458265,1.5030090301053793,-0.77803678980547,-0.7841717752726938,-1.499271638946681,-1.1707140076110965,0.26535442225594696,-0.8252010381166537,0.8051552035919542,0.7182870103961663,0.6931794979371492,-1.0254031091730338,-1.6848169498048575,-0.4113601157977163,-0.30062929900234,0.9263584961577616,1.174448764323552,-0.6271345363084433,-0.6387016336269601,0
-0.8130941863973514,0.6280320030710668,1.5942556358646813,2.385608236194863,1.9173016736993922,1.6295414709068945,1.0991648035240769,-0.9798698523458265,-0.6653319973266479,-0.77803678980547,-0.7841717752726938,1.3877723438430374,0.3072988357485466,-0.5609268556393491,-1.0199501084209683,-1.0755784627189775,-0.28926332456132997,0.6170167560743608,-1.2098086585620893,0.11530649564896445,-0.3583093737095824,-0.4911754153050567,-0.6453830008762957,-1.147640216195183,1.8029833464849947,-0.37865545702543413,0
-0.8130941863973514,-1.4692847479255242,-1.6035775215573584,-1.1209928338622634,1.0494830537693587,1.6295414709068945,-0.9097816785925635,-0.9798698523458265,-0.6653319973266479,-0.77803678980547,-0.7841717752726938,1.0891126214854805,0.6495232860566521,-0.32484649052640724,-0.04620475689939444,-0.22513741961936212,-0.7930384920400783,2.3306784479871006,-0.5357107806950733,0.26615482906688237,0.557836133889346,-0.555936186858921,-0.8709741333917731,-1.4033151718179095,1.6852243301381766,0.19540874415151757,0
0.8820270268626367,-1.4692847479255242,-2.13829716427383,-1.7102404601321604,0.8325283987868527,-0.6136695615629019,-0.9097816785925635,-0.9798698523458265,-0.6653319973266479,1.2852862655119774,1.2752307995939438,-0.9698294038582842,-1.135995585116071,-0.9398979680574925,2.226273457214079,-1.3162370056303492,-0.5411509083007043,-0.5254243718674659,1.1325735373564165,1.1611882740131958,0.7618774496129381,1.9248995234352713,-1.422008211175477,-1.4733631048652318,-0.05975018481922668,1.014799527028023,1
0.8820270268626367,-1.4692847479255242,-1.6035775215573584,-1.1209928338622634,1.0494830537693587,-0.6136695615629019,-0.9097816785925635,-0.9798698523458265,-0.6653319973266479,1.2852862655119774,-0.7841717752726938,-1.4811710497128896,-1.1062369372631924,0.8555553350383012,2.226273457214079,0.21592716970219059,2.0406968250278803,0.08387756303484165,0.12050160910410797,0.32649416243404966,-0.5521486236469947,0.30214403622978314,-0.13502929125112012,-0.6292855116449979,1.9100369977093752,-0.8594955571565571,0
-0.8130941863973514,0.6280320030710668,-0.009903292284735086,0.6351961699225247,1.266437708751867,-0.6136695615629019,-0.9097816785925635,1.0205436952733893,-0.6653319973266479,-0.77803678980547,-0.7841717752726938,-0.9879299930920755,-1.2451106272432932,-1.0144496623036845,-0.11923565826351266,-1.0772913349105175,1.9777249290930365,-1.2870517904953502,-0.602935546191418,-0.2869557267988171,-1.088777284000042,-0.7788626889385699,1.6586051230112746,2.1060862738529385,-1.0446437760835272,-1.3746813787256167,0
0.8820270268626367,-1.4692847479255242,1.0595359931482098,1.8136914224623153,1.266437708751867,1.6295414709068945,-0.9097816785925635,-0.9798698523458265,1.5030090301053793,-0.77803678980547,-0.7841717752726938,-1.2956400100665282,-1.0368000922731422,-1.0206623034908673,0.09985704582884157,-0.6113900988116348,-0.7930384920400783,-0.5254243718674659,0.9950403015244453,1.1310186073296122,0.7904432338142411,0.7554694371068345,0.6526905649094784,0.8207067024345744,-1.1409920621854703,1.2061542607536726,1
0.8820270268626367,0.6280320030710668,0.5248163504317366,1.22444379619242,1.266437708751867,-0.6136695615629019,-0.9097816785925635,-0.9798698523458265,-0.6653319973266479,-0.77803678980547,-0.7841717752726938,1.6095045619569814,-0.06468426241243738,-0.5298636497034357,-0.703482869176457,-0.534310850192334,-0.9189822839097653,0.08387756303484165,-1.1795883511371272,-1.0411973938884072,-0.6908967183390374,-0.6244331567716623,-0.2533721804395664,-0.023370890785659428,-0.25244675702311137,-0.9429065949344043,0
-0.8130941863973514,-1.4692847479255242,-0.009903292284735086,0.6351961699225247,1.266437708751867,-0.6136695615629019,-0.9097816785925635,-0.9798698523458265,-0.6653319973266479,-0.77803678980547,-0.7841717752726938,1.1117383580277194,0.0989883007783956,0.20322801038412042,2.226273457214079,-0.20800869770396208,0.7182870103961663,0.08387756303484165,-0.2951818032310878,-0.25678606011523347,-0.5317444920746356,0.8937087763852755,0.06837254954152258,-0.1704715501850364,1.0000809623021405,-0.6485146968949416,0
-0.8130941863973514,0.6280320030710668,2.11849057970436,2.385608236194863,1.4833923637343753,-0.6136695615629019,1.0991648035240769,-0.9798698523458265,-0.6653319973266479,-0.77803678980547,-0.7841717752726938,0.6999499529589666,-0.17379930453965922,-0.7659440148163774,1.1953205662906123,-0.3664493754214129,-0.47817901236586074,-0.5254243718674659,0.07116233167559828,-0.3171253934824007,-0.5888760604772412,-1.0453781718717812,-0.24227753457815013,0.0676914221758594,-0.5200808850840627,-0.8938412785944938,0
-2.5082153996573395,-1.4692847479255242,-1.6035775215573584,-1.7102404601321604,-0.2522448761256893,-0.6136695615629019,-0.9097816785925635,-0.9798698523458265,1.5030090301053793,-0.77803678980547,-0.7841717752726938,-0.7978738061372666,0.0196319065040525,0.7934289231664746,2.226273457214079,-1.3967419986327296,-0.7930384920400783,-0.5254243718674659,0.18155896492188905,0.7086432737594419,-0.8602510103896188,-0.9195928271229292,-0.9819205920059418,-1.172156992761746,1.0321970576694552,-0.6730473550648968,0
-0.8130941863973514,-1.4692847479255242,-0.5446229350012067,0.05750241867752872,1.0494830537693587,-0.6136695615629019,-0.9097816785925635,-0.9798698523458265,-0.6653319973266479,-0.77803678980547,-0.7841717752726938,0.43296626176054437,0.6148048635616268,-0.2689327198417632,0.07551341204080231,1.0038483778105955,0.7812589063310098,-0.5254243718674659,-1.0839935011193893,-0.2165598378704555,-0.931665470892876,-0.45381343171628874,0.5306494604338924,0.12372976861371705,1.5567599486689196,-0.8987478102284853,0
-0.8130941863973514,-1.4692847479255242,-2.13829716427383,-1.7102404601321604,0.8325283987868527,-0.6136695615629019,-0.9097816785925635,-0.9798698523458265,-0.6653319973266479,-0.77803678980547,-0.7841717752726938,1.2248670407389153,0.33705748360142535,0.749940434856196,-0.33832836235586666,0.33411535091845157,0.15153994698257475,-0.5254243718674659,-0.5579134555379027,-0.8501228382257111,-0.880655141961978,-0.589561972088812,-0.024082832636951382,-0.208997913361064,0.9786702320572649,-0.9085608734964675,0
-0.8130941863973514,0.6280320030710668,-2.1487818631506217,-2.2821572738647085,0.8325283987868527,-0.6136695615629019,-0.9097816785925635,-0.9798698523458265,1.5030090301053793,-0.77803678980547,1.2752307995939438,0.2610106640395268,0.54040824392943,-0.34969705527513795,0.09985704582884157,-0.039290786837270796,0.08856805104773116,0.08387756303484165,-0.12002736835987754,-0.07576806001373211,-0.4317642473700754,-0.445095635545576,-0.2163900275681768,-0.33858658949860987,0.6253931830168087,-0.48659915297323725,0
0.8820270268626367,-1.4692847479255242,-2.1487818631506217,-2.2821572738647085,1.4833923637343753,1.6295414709068945,-0.9097816785925635,1.0205436952733893,-0.6653319973266479,-0.77803678980547,-0.7841717752726938,-0.19602921411370478,-0.24819592417185599,-1.1076392801114248,0.5136988202255106,-0.028157117592260805,0.15153994698257475,0.08387756303484165,0.2728366281646321,-0.659048282563015,1.17608132053183,1.286009604067339,-0.504850819965016,-0.1704715501850364,-1.5370905717156778,1.3729763363093683,1
0.8820270268626367,0.6280320030710668,2.1289752785811515,2.385608236194863,1.4833923637343753,1.6295414709068945,-0.9097816785925635,1.0205436952733893,-0.6653319973266479,-0.77803678980547,-0.7841717752726938,1.8764882531554037,0.2775401878956681,-0.34348441408795544,-0.6304519678123389,0.1345657406040401,-0.7930384920400783,-0.5254243718674659,-0.361789827759576,0.004684384475824242,-0.9377867103645838,-0.793807482374077,0.9744352948905673,1.1464295911046236,-0.34879504312505366,-0.7662714561107269,0
-0.8130941863973514,0.6280320030710668,-2.1487818631506217,-2.2821572738647085,-0.03529022114318089,-0.6136695615629019,1.0991648035240769,-0.9798698523458265,1.5030090301053793,1.2852862655119774,1.2752307995939438,0.9443079076151496,0.29737928646425366,0.0851878278276493,2.226273457214079,-0.6173851514820244,1.2220621778749143,2.3306784479871006,-0.35932286388815055,-0.9205187271540729,0.6741396838517936,0.8438927982669182,0.382720848948334,-0.15295956692320584,1.4497062974445392,0.2886328451973477,0
-0.8130941863973514,0.6280320030710668,1.0595359931482098,1.8136914224623153,1.266437708751867,-0.6136695615629019,-0.9097816785925635,1.0205436952733893,-0.6653319973266479,1.2852862655119774,-0.7841717752726938,0.3243627263577963,-0.8235297826608446,-0.3310591317135901,0.6354169891657073,1.3652644102255378,-0.7930384920400783,0.845504981662726,1.5371556122701975,0.8695481627385546,1.4801028809599823,0.27349984881172756,-0.11283999952828659,-0.2755434497560199,-0.02763408945191206,1.23559345055762,1
0.8820270268626367,0.6280320030710668,1.5942556358646813,2.385608236194863,1.266437708751867,-0.6136695615629019,-0.9097816785925635,-0.9798698523458265,-0.6653319973266479,1.2852862655119774,1.2752307995939438,-0.31368304413334835,-0.30771321987761346,0.6256876111125423,-1.1927899083160478,-1.1680735610621382,0.7812589063310098,0.6170167560743608,0.4812950753000865,0.02479749559821333,1.4801028809599823,0.38807659848394954,1.3220675318816297,1.258506283980339,-0.7234828224103855,1.6281159812769035,1
-0.8130941863973514,-1.4692847479255242,-2.1487818631506217,-2.2821572738647085,0.6155737438043443,1.6295414709068945,-0.9097816785925635,-0.9798698523458265,-0.6653319973266479,-0.77803678980547,-0.7841717752726938,1.7905104542948942,0.9669488631540251,1.0108713647178682,-1.0929810097850867,-0.3433256008356228,-0.7930384920400783,0.08387756303484165,-1.7445230776935652,-1.5741948386317175,-0.3950368105398289,-0.8075068763566251,-0.6897615843219639,-0.5872567518166044,0.02589273616027821,-0.5209448744111747,0
0.8820270268626367,0.6280320030710668,1.0595359931482098,1.8136914224623153,1.266437708751867,1.6295414709068945,-0.9097816785925635,-0.9798698523458265,-0.6653319973266479,-0.77803678980547,1.2752307995939438,-0.7480971857443404,-0.025006065275265728,-0.697604961757368,-0.6304519678123389,-1.0507418159416475,-0.7930384920400783,0.6170167560743608,-1.5662849379830732,0.014740940037019009,-0.33382441582275113,-1.5896177328148346,-0.9560330849959685,-0.3596009694128069,-1.3550993646342313,-0.7122996081368257,0
0.8820270268626367,0.6280320030710668,1.5942556358646813,2.385608236194863,1.266437708751867,-0.6136695615629019,-0.9097816785925635,1.0205436952733893,-0.6653319973266479,-0.77803678980547,-0.7841717752726938,-0.28653216028266115,-0.00020719206453333018,-0.34969705527513795,-0.33832836235586666,0.4523035321347122,-0.7930384920400783,1.2263186909766683,-0.586283540059296,-0.9104621715928783,-0.12978310009915908,-0.7165927162906233,-0.9338437932731349,-0.6502998915591944,-0.5414916153289391,-0.40318811519538933,0
0.8820270268626367,0.6280320030710668,1.0595359931482098,1.8136914224623153,1.266437708751867,-0.6136695615629019,-0.9097816785925635,-0.9798698523458265,-0.6653319973266479,1.2852862655119774,-0.7841717752726938,2.1027456185777953,0.5056898214344049,-0.07634084303910019,-1.044293742209008,-0.6216673319608745,-0.7930384920400783,-0.5254243718674659,-0.5906007268342905,-0.568539282512264,-0.8908572077481576,0.19005808546347927,-1.8694922609192919,-2.3069335081283673,2.0170906489337557,-0.8447759622545834,0
0.8820270268626367,0.6280320030710668,-2.13829716427383,-1.7102404601321604,0.8325283987868527,-0.6136695615629019,-0.9097816785925635,-0.9798698523458265,-0.6653319973266479,-0.77803678980547,-0.7841717752726938,-1.6486015001254593,-1.135995585116071,1.4892447361309347,-0.6791392353884177,-0.7372862048898254,-0.7930384920400783,0.6931794979371492,-1.1734209414585632,-0.7294441714913767,-0.46645127104308604,-0.6655313387193071,0.20520651516566465,0.5054910037216239,-0.7127774572879482,-0.5258514060451654,0
0.8820270268626367,0.6280320030710668,-0.009903292284735086,0.05750241867752872,-0.03529022114318089,-0.6136695615629019,-0.9097816785925635,-0.9798698523458265,-0.6653319973266479,-0.77803678980547,-0.7841717752726938,1.9443654627821205,-0.05972448777029082,-0.8280704266882042,-0.9956064746329292,-0.3561721422721731,-0.7300665961052347,0.08387756303484165,-0.371657683245278,-0.4780302824615134,-0.4990978815588608,-0.6032613660713606,-1.9249654902263762,-1.9146650830633625,0.5397502620373045,-0.5896363172870496,0
0.8820270268626367,-1.4692847479255242,2.1289752785811515,2.385608236194863,0.6155737438043443,-0.6136695615629019,-0.9097816785925635,-0.9798698523458265,-0.6653319973266479,-0.77803678980547,-0.7841717752726938,0.8492798141377451,-0.2928338959511742,-0.9709611739934058,-1.0686373759970471,1.357556485363608,-0.7930384920400783,-0.5254243718674659,-1.6612630470329546,-0.7395007270525713,-0.8704530761757985,-1.451378393536393,-1.3665349818683927,-1.6379757475264394,1.2463043601182162,-0.44244036826731825,0
2.5771482401226247,0.6280320030710668,-1.6035775215573584,-1.7102404601321604,-0.2522448761256893,-0.6136695615629019,-0.9097816785925635,-0.9798698523458265,-0.6653319973266479,-0.77803678980547,-0.7841717752726938,2.3968801936269037,1.209977820619201,-0.7224555265060987,0.29460611613315635,0.7426353686007441,-0.7930384920400783,-0.5254243718674659,-0.5406447084379242,-1.2724981717958816,-0.880655141961978,-0.8535866561161058,-2.150556622741852,-1.729038060487958,-0.6913667270430717,-0.5552905958491121,0
-0.8130941863973514,0.6280320030710668,-2.1487818631506217,-2.2821572738647085,0.8325283987868527,-0.6136695615629019,-0.9097816785925635,1.0205436952733893,-0.6653319973266479,-0.77803678980547,-0.7841717752726938,-0.5806667353317705,0.9917477363647573,-0.7721566560035601,2.226273457214079,0.5225312919878526,-0.10034763675679959,0.08387756303484165,1.047463283792237,2.2975790524281785,1.7351545256144725,1.4641017258404665,0.3161529737798334,0.3233663777985858,-0.5307862502065009,1.0540517800999505,1
-0.8130941863973514,0.6280320030710668,-2.13829716427383,-1.7102404601321604,0.8325283987868527,-0.6136695615629019,-0.9097816785925635,-0.9798698523458265,-0.6653319973266479,-0.77803678980547,-0.7841717752726938,-0.5670912934064268,2.48463990365084,-0.5919900615752625,2.226273457214079,0.8907988131689548,-0.47817901236586074,-0.5254243718674659,-0.3661070145345706,-0.18639017118687187,-0.8316852261883159,-0.18231635097124144,-0.37171506962801365,-0.6397927016020962,1.1820721693835878,-0.6877669499668705,0
-0.8130941863973514,0.6280320030710668,2.1289752785811515,2.385608236194863,0.6155737438043443,-0.6136695615629019,-0.9097816785925635,-0.9798698523458265,-0.6653319973266479,-0.77803678980547,-0.7841717752726938,0.9352576129982537,0.41641387787576867,2.5236494937968508,0.6110733553776678,1.3310069663947377,-0.7930384920400783,-0.5254243718674659,-0.42284718357735707,-1.3630071718466323,-0.9337058840501119,0.2647820526410152,-0.534436542262127,-0.5627399752500415,0.3898751503231719,-0.476786089705255,0
-0.8130941863973514,-1.4692847479255242,-2.1487818631506217,-2.2821572738647085,0.8325283987868527,-0.6136695615629019,-0.9097816785925635,-0.9798698523458265,-0.6653319973266479,-0.77803678980547,-0.7841717752726938,2.292801805532604,-0.4217880366469819,-0.9523232504318577,-0.8252010381166537,-1.5560391124459505,-0.7930384920400783,-0.5254243718674659,-1.1740376824264198,-0.9909146160824347,-0.905140099848809,-0.39029805961538294,-1.1964170786600008,-1.9531914462393898,2.830698398239049,-0.7466453295747625,0
-0.8130941863973514,-1.4692847479255242,-1.0688578788408853,-0.5317452075923682,1.0494830537693587,-0.6136695615629019,-0.9097816785925635,-0.9798698523458265,-0.6653319973266479,1.2852862655119774,1.2752307995939438,0.03475329861713506,0.08906875149410269,-0.36833497883668614,0.12420067961688083,-0.20372651722511198,-0.7930384920400783,0.6931794979371492,-0.7466361917019531,0.3767769402400222,-0.19915714744518034,-1.159954921544003,-1.314759967848448,-0.8709508806582597,-1.0446437760835272,-0.211833381469739,0
-0.8130941863973514,0.6280320030710668,-2.13829716427383,-1.7102404601321604,0.8325283987868527,-0.6136695615629019,-0.9097816785925635,-0.9798698523458265,-0.6653319973266479,-0.77803678980547,-0.7841717752726938,2.7521042573400596,0.05931010364122394,0.1411015985122936,-0.33832836235586666,2.5244506658502406,-0.7930384920400783,-0.5254243718674659,-0.05403608479924558,-0.11599428225851029,-0.8520893577606752,-0.47996682022842624,0.19781008459138613,-0.20199312005633166,1.2891258206079683,-0.226552976371712,0
-0.8130941863973514,-1.4692847479255242,-2.1487818631506217,-2.2821572738647085,0.8325283987868527,-0.6136695615629019,-0.9097816785925635,1.0205436952733893,-0.6653319973266479,-0.77803678980547,-0.7841717752726938,-0.2684315710488698,0.8280751731739243,-0.08876612541346555,0.026826144464723565,1.320729733245498,-0.7930384920400783,1.2263186909766683,-0.8699843852732277,-0.7596138381749602,-0.22772293164648336,-0.27572130994316135,-0.7415365983419095,-0.7658789810872761,0.2292946734866011,-0.08426355898597142,0
0.8820270268626367,-1.4692847479255242,2.1289752785811515,2.385608236194863,1.4833923637343753,1.6295414709068945,1.0991648035240769,1.0205436952733893,1.5030090301053793,1.2852862655119774,-0.7841717752726938,-0.45396261069523103,0.8131958492474848,-0.6106279851368105,2.226273457214079,-0.2337017805770623,-0.03737574082195601,0.6931794979371492,2.2007688936836556,1.50311116309381,1.606608496708609,2.330899745099883,0.689672717780868,0.44595026063139986,-0.02763408945191206,1.5201722853290998,1
