presion_sistolica,presion_diastolica,cadera_cm,cintura_cm,relacion_cintura_cadera,hirsutismo,perdida_cabello,acne,oscurecimiento_piel,ganancia_peso,embarazada,fsh,lh,tsh,amh,prolactina,progesterona,glucosa_basal,testosterona_total,androstenediona,insulina_basal,dhea_s,colesterol_total,ldl,hdl,trigliceridos,tiene_sop
-0.8130941863973514,0.6280320030710668,-1.6035775215573584,-1.9990873357546584,-1.1200634960557228,-0.6136695615629019,1.0991648035240769,-0.9798698523458265,-0.6653319973266479,-0.77803678980547,1.2752307995939438,2.7521042573400596,-1.0715185147681672,-1.1324898448601555,-0.36267199614390605,0.6432887814914234,2.355556304702098,-0.5254243718674659,0.28702167042532895,-1.8356652832227756,-0.9541100156224712,-0.5135926054583173,-0.06476320079547972,0.5755389367689463,-1.4407422856137355,-1.1538874551960199,0
-0.8130941863973514,-1.4692847479255242,1.0595359931482098,-0.24289833196987018,-2.2048367709682624,-0.6136695615629019,-0.9097816785925635,1.0205436952733893,1.5030090301053793,1.2852862655119774,-0.7841717752726938,-0.9879299930920755,0.30233906110640024,1.464394171382204,1.5848187068992419,-0.5557217525865842,-0.7930384920400783,-0.5254243718674659,2.109491230440912,0.9701137183504995,1.0169290942674283,1.1975862429072552,0.47147801583966925,0.5124957970263563,-1.1945188877976605,2.261058562061747,1
0.8820270268626367,-1.4692847479255242,-2.13829716427383,-1.7102404601321604,0.8325283987868527,-0.6136695615629019,-0.9097816785925635,-0.9798698523458265,-0.6653319973266479,1.2852862655119774,1.2752307995939438,-0.9698294038582842,-1.135995585116071,-0.9398979680574925,2.226273457214079,-1.3162370056303492,-0.5411509083007043,-0.5254243718674659,1.1325735373564165,1.1611882740131958,0.7618774496129381,1.9248995234352713,-1.422008211175477,-1.4733631048652318,-0.05975018481922668,1.014799527028023,1
-0.8130941863973514,0.6280320030710668,-0.27202076420457444,0.05750241867752872,0.6155737438043443,1.6295414709068945,-0.9097816785925635,1.0205436952733893,1.5030090301053793,-0.77803678980547,1.2752307995939438,0.5551452390886357,0.8826326942375354,-1.2443173862294434,-0.21661019341566992,0.32298168167344127,-0.5411509083007043,0.08387756303484165,1.0869347057350451,1.0405096072788615,1.2617786731357388,1.4192673455339453,-0.5122472505392934,-0.940998813705582,0.8609112157104462,1.2061542607536726,1
0.8820270268626367,0.6280320030710668,-0.009903292284735086,-0.5317452075923682,-1.1200634960557228,-0.6136695615629019,-0.9097816785925635,-0.9798698523458265,1.5030090301053793,1.2852862655119774,1.2752307995939438,1.858387663921612,1.209977820619201,0.1286763161379282,-0.7497357733737318,-1.0867121319639876,2.355556304702098,-0.6015871137302543,-0.530160111984366,-0.04559839333014826,-0.6847754788673296,-1.1362923319377833,-0.7933116123618541,-0.6993334446923203,0.21858930836416288,-0.8545890255225657,0
0.8820270268626367,0.6280320030710668,-0.009903292284735086,-0.5317452075923682,-1.1200634960557228,-0.6136695615629019,-0.9097816785925635,1.0205436952733893,-0.6653319973266479,1.2852862655119774,1.2752307995939438,0.5053686186957098,0.7586383281838741,0.3896072459996006,-0.778948133919379,0.21678360579796072,0.025596155112887577,-0.6015871137302543,-0.2322742245097375,0.336550717995244,-0.8704530761757985,0.05680034399687335,1.610528324278469,1.4056069433797154,0.775268294730942,-0.918373936764449,0
0.8820270268626367,0.6280320030710668,1.5942556358646813,1.22444379619242,-0.686154186090706,-0.6136695615629019,-0.9097816785925635,1.0205436952733893,1.5030090301053793,1.2852862655119774,-0.7841717752726938,0.4103405252183053,2.48463990365084,-0.5671394968265318,1.5556063463535947,1.6239081111480798,1.410977865679445,-0.6015871137302543,0.518299533371469,0.02479749559821333,0.8741001732609138,0.3046348351357009,0.138638639997163,0.3058543945367552,-0.9482954899815849,0.9412015525181573,1
-0.8130941863973514,0.6280320030710668,-2.13829716427383,-1.7102404601321604,0.8325283987868527,1.6295414709068945,1.0991648035240769,1.0205436952733893,1.5030090301053793,1.2852862655119774,-0.7841717752726938,-1.1191592650370628,-0.6201790223328401,0.24671649869439907,2.226273457214079,0.9901454002782758,1.1590902819400712,-1.4393772742209272,1.991693705580345,1.7142988298788955,0.608846462820244,0.18881268601052043,0.36422977251263927,0.14124175187554763,0.2400000386090393,0.8823231729102639,1
-0.8130941863973514,-1.4692847479255242,-0.27202076420457444,0.05750241867752872,0.6155737438043443,-0.6136695615629019,1.0991648035240769,1.0205436952733893,-0.6653319973266479,-0.77803678980547,-0.7841717752726938,2.080119882035556,1.6464379891280891,0.613262328738177,-0.5330774326601816,0.6321551122464135,2.355556304702098,-0.5254243718674659,0.5688722927356912,-0.548426171389875,-0.8765743156475062,-0.7327829091790892,1.5217711573871335,1.759349005268694,-0.5736077106962529,-0.8840282153265123,0
0.8820270268626367,0.6280320030710668,-2.13829716427383,-1.7102404601321604,0.8325283987868527,-0.6136695615629019,1.0991648035240769,1.0205436952733893,-0.6653319973266479,-0.77803678980547,-0.7841717752726938,2.7521042573400596,-0.06964403705458373,-0.8653462738113002,-1.044293742209008,-1.0687269739528176,-0.7930384920400783,0.08387756303484165,-0.4882217261701326,-0.7596138381749602,-0.5827548210055336,0.16390469695134177,-0.6934597996091026,-0.3841177459793698,-0.5307862502065009,-0.7172061397708165,0
-0.8130941863973514,-1.4692847479255242,0.2626988785118972,-0.24289833196987018,-0.9031088410732144,-0.6136695615629019,-0.9097816785925635,-0.9798698523458265,-0.6653319973266479,-0.77803678980547,1.2752307995939438,1.0619617376347932,0.05931010364122394,1.1226989060871566,-0.1849634694912188,0.0951696801986198,-0.7930384920400783,-1.4393772742209272,0.00023712037211499342,-0.0958811711361212,-1.2234445523776125,-0.7253105124613357,0.08316541069007861,0.21829447822760228,-0.016928724329474613,-0.9429065949344043,0
0.8820270268626367,-1.4692847479255242,-0.009903292284735086,0.6351961699225247,1.266437708751867,1.6295414709068945,1.0991648035240769,1.0205436952733893,-0.6653319973266479,-0.77803678980547,-0.7841717752726938,-0.9245779307738058,-1.1905531061796821,0.3647566812508699,-1.0199501084209683,-0.537736594575414,1.7888092412885064,-0.5254243718674659,-0.6670766068484808,0.07508027340418627,-0.8500489446034393,-0.5297827983467835,-0.41239543778654203,-0.11443320374717875,-0.4451433292269968,-0.9380000633004135,0
0.8820270268626367,0.6280320030710668,-0.5446229350012067,0.05750241867752872,1.0494830537693587,1.6295414709068945,-0.9097816785925635,1.0205436952733893,-0.6653319973266479,-0.77803678980547,1.2752307995939438,-0.5806667353317705,0.004752582577613017,0.20322801038412042,1.1222896649264942,-0.2671027883120923,-0.7930384920400783,-0.44926163000467745,-0.3254021106560502,0.74886949600422,-0.7031391972824529,-0.12502797613513064,-0.18310608998392597,-0.009361304176195262,-0.006223359207036408,-1.1293547970260644,0
-0.8130941863973514,-1.4692847479255242,-0.009903292284735086,0.3463492943000267,0.6155737438043443,-0.6136695615629019,-0.9097816785925635,1.0205436952733893,1.5030090301053793,1.2852862655119774,1.2752307995939438,-0.11005141525319576,2.251530495469956,1.309078141702637,0.5136988202255106,0.7357838798345843,-0.7930384920400783,-0.5254243718674659,1.3835871112739604,1.7344119410012844,1.2495361941923229,0.8638191895142614,0.06467433425438383,-0.34559138280334223,0.7217414691187517,1.1914346658517003,1
0.8820270268626367,0.6280320030710668,1.0595359931482098,0.6351961699225247,-0.686154186090706,-0.6136695615629019,-0.9097816785925635,-0.9798698523458265,-0.6653319973266479,-0.77803678980547,1.2752307995939438,0.2293346328803918,0.793356750678899,0.8120668467280228,0.034129234601135434,0.7272195188768841,-0.7930384920400783,-0.44926163000467745,-1.8462853373898667,-0.46797372690031885,-0.8949380340626295,-0.9332922211054774,-0.04997033964692367,-0.17747634348976873,0.7859736598533794,-0.8987478102284853,0
0.8820270268626367,0.6280320030710668,0.5248163504317366,0.9355969205699219,0.8325283987868527,1.6295414709068945,1.0991648035240769,-0.9798698523458265,1.5030090301053793,1.2852862655119774,-0.7841717752726938,-0.8204995426795056,-0.8235297826608446,-0.10740404897501346,-0.7278265029644964,0.5268134724667027,-0.7930384920400783,-0.5254243718674659,1.4656136599988583,1.1310186073296122,0.814928191701072,1.5114269050529061,-1.0780741894715544,-0.9339940204008497,-0.8519472038796425,1.3337240832374408,1
-0.8130941863973514,0.6280320030710668,-0.009903292284735086,0.3463492943000267,0.6155737438043443,1.6295414709068945,1.0991648035240769,1.0205436952733893,-0.6653319973266479,1.2852862655119774,-0.7841717752726938,-0.10552626794474802,0.0196319065040525,-0.21301894915711922,2.226273457214079,-0.9428308678746267,-0.7930384920400783,-0.44926163000467745,1.6611205468093289,1.2617538296251412,1.041414052154259,1.675819632843485,1.3442568236044632,1.4161141333368141,-0.8626525690020808,0.9608276790541204,1
-0.8130941863973514,0.6280320030710668,-0.009903292284735086,-0.5317452075923682,-1.1200634960557228,1.6295414709068945,1.0991648035240769,-0.9798698523458265,1.5030090301053793,-0.77803678980547,-0.7841717752726938,1.7950356016033426,-0.947524148714506,-0.9958117387421365,-0.7521701367525356,0.08917462752823004,1.410977865679445,-0.5254243718674659,-1.4170336237618308,-0.2869557267988171,-0.5623506894331745,-0.6655313387193071,-0.30144897917237323,-0.054892460656954675,-0.5629023455738148,-0.3099640141495599,0
-0.8130941863973514,-1.4692847479255242,-0.5446229350012067,0.05750241867752872,1.0494830537693587,-0.6136695615629019,-0.9097816785925635,-0.9798698523458265,-0.6653319973266479,-0.77803678980547,-0.7841717752726938,0.43296626176054437,0.6148048635616268,-0.2689327198417632,0.07551341204080231,1.0038483778105955,0.7812589063310098,-0.5254243718674659,-1.0839935011193893,-0.2165598378704555,-0.931665470892876,-0.45381343171628874,0.5306494604338924,0.12372976861371705,1.5567599486689196,-0.8987478102284853,0
-0.8130941863973514,0.6280320030710668,-0.8067404069210461,-0.24289833196987018,1.0494830537693587,-0.6136695615629019,1.0991648035240769,-0.9798698523458265,-0.6653319973266479,-0.77803678980547,-0.7841717752726938,-0.30010760220800475,-0.27299479738258836,-0.3372717729007726,0.6354169891657073,1.4560466363771585,-0.7930384920400783,-0.44926163000467745,0.15935629007905966,-0.4478606157779298,-0.8316852261883159,0.0941623275856413,-0.305147194459512,-0.5802519585118722,1.1285453437713975,-0.5503840642151206,0
-0.8130941863973514,0.6280320030710668,-0.27202076420457444,-1.1209928338622634,-1.7709274610032455,-0.6136695615629019,1.0991648035240769,-0.9798698523458265,-0.6653319973266479,1.2852862655119774,-0.7841717752726938,-0.6349685030331446,-0.05972448777029082,-1.486610392529568,1.8282550447796353,-1.3145241334388091,1.2850340738097579,1.8356206258789758,-0.6738607574949008,0.8896612738609432,0.0824198682533765,0.4964263508913765,-0.03517747849836763,0.2568208414036299,-0.916179394614271,0.09237157983770593,0
-0.8130941863973514,-1.4692847479255242,-1.6035775215573584,-1.7102404601321604,-0.2522448761256893,-0.6136695615629019,1.0991648035240769,1.0205436952733893,-0.6653319973266479,-0.77803678980547,-0.7841717752726938,-0.40871113761075284,-0.015086515990972812,-0.9709611739934058,1.2683514676547305,-1.1004151094963077,-0.7930384920400783,0.08387756303484165,0.06252795812560902,-0.5584827269510696,-0.6113206052068364,-0.6057521649772784,-0.30884540974665076,-0.46117047233142394,0.7859736598533794,-0.6190755070909956,0
-0.8130941863973514,0.6280320030710668,-0.5446229350012067,-0.24289833196987018,0.6155737438043443,-0.6136695615629019,1.0991648035240769,1.0205436952733893,-0.6653319973266479,-0.77803678980547,1.2752307995939438,0.360563904825379,0.45113230037079377,-0.8839841973728483,-0.4673496214324753,0.1345657406040401,1.7888092412885064,-1.1347263067697735,-0.34945500840244836,-1.503798949703356,-1.08469645768557,-0.5098564070994407,-2.3761477552573287,-2.4190102010040833,1.0321970576694552,-0.972345784738351,0
0.8820270268626367,0.6280320030710668,0.7869338223515759,-0.24289833196987018,-1.987882115985754,-0.6136695615629019,-0.9097816785925635,-0.9798698523458265,-0.6653319973266479,1.2852862655119774,-0.7841717752726938,1.523526763096472,-0.9326448247880665,-0.1322546137237442,-0.6547956016003783,0.8599671137212347,0.7812589063310098,-0.5254243718674659,0.5485198407964309,-0.8501228382257111,-0.9255442314211682,-0.5671447819355515,-1.3369492595712815,-0.8499365007440631,-1.0767598714508417,-0.447346899901309,0
-0.8130941863973514,-1.4692847479255242,-2.13829716427383,-1.4098397094847614,1.7003470187168839,-0.6136695615629019,-0.9097816785925635,-0.9798698523458265,-0.6653319973266479,-0.77803678980547,1.2752307995939438,-1.2639639789073933,-1.0665587401260206,-0.11361669016219629,-0.43570289750802416,1.4509080198025384,-0.41520711643101715,1.2263186909766683,-0.9002046926981899,-0.25678606011523347,-0.13998516588533882,-0.23462312799551643,0.07207076482866133,-0.3596009694128069,1.3961794718323488,-0.19711378656776601,0
0.8820270268626367,-1.4692847479255242,-0.5446229350012067,0.05750241867752872,1.0494830537693587,-0.6136695615629019,1.0991648035240769,-0.9798698523458265,-0.6653319973266479,1.2852862655119774,-0.7841717752726938,1.2520179245896021,0.02459168114619885,0.6629634582356384,-0.8252010381166537,0.04378351445241964,-0.7930384920400783,1.7594578840161874,-0.7811736859019099,-1.0512539494496018,0.08446028141061238,-0.6231877573187035,-0.32733648618234557,-0.5487303886405769,0.89302731107776,-0.37865545702543413,0
-0.8130941863973514,-1.4692847479255242,0.2626988785118972,0.9355969205699219,1.266437708751867,-0.6136695615629019,-0.9097816785925635,-0.9798698523458265,-0.6653319973266479,-0.77803678980547,-0.7841717752726938,1.315369986907872,0.34697703288571824,-0.22544423153148457,0.46501155264943184,-0.8871625216495764,-0.7930384920400783,-1.4393772742209272,0.6163613472606321,0.09519338452657536,-1.0479690208553236,-1.765219055682044,-0.7156490913319362,-0.1704715501850364,-1.1195813319405938,-0.9968784429083062,0
0.8820270268626367,0.6280320030710668,0.5248163504317366,0.3463492943000267,-0.2522448761256893,1.6295414709068945,1.0991648035240769,1.0205436952733893,-0.6653319973266479,1.2852862655119774,-0.7841717752726938,0.4103405252183053,2.48463990365084,-0.5671394968265318,1.5556063463535947,1.6239081111480798,-0.16331953269164318,-0.6015871137302543,2.185967110455102,1.0606227184012507,0.9353125679779912,2.3956605166537477,0.7858263152464807,0.9678073618339509,-1.2159296180425363,1.2012477291196817,1
0.8820270268626367,0.6280320030710668,-0.009903292284735086,0.05750241867752872,-0.03529022114318089,1.6295414709068945,1.0991648035240769,1.0205436952733893,-0.6653319973266479,1.2852862655119774,-0.7841717752726938,-1.1024162199958059,-0.7392136137443549,0.24050385750721623,-0.22878201030968956,0.23219945552182078,0.5923432185264791,2.3306784479871006,0.5805903711249626,1.4930546075326154,2.5105115253641217,0.46653676402036204,0.5269512451467536,0.5720365401165803,-1.0553491412059655,1.9028817527804018,1
-0.8130941863973514,0.6280320030710668,-0.8067404069210461,-0.24289833196987018,1.0494830537693587,1.6295414709068945,1.0991648035240769,1.0205436952733893,1.5030090301053793,1.2852862655119774,-0.7841717752726938,-1.8069816559211334,-1.2699095004540253,-1.2753805921653572,-0.9590910239508702,0.9927147085655859,-0.7930384920400783,0.08387756303484165,1.017859717335131,0.6382473848310799,1.0883435547706852,0.648365084152366,0.8376013292664264,0.5825437300736785,0.09012492689490592,1.255219577093583,1
-0.8130941863973514,-1.4692847479255242,-2.13829716427383,-1.7102404601321604,0.8325283987868527,-0.6136695615629019,-0.9097816785925635,-0.9798698523458265,-0.6653319973266479,-0.77803678980547,-0.7841717752726938,1.2248670407389153,0.33705748360142535,0.749940434856196,-0.33832836235586666,0.33411535091845157,0.15153994698257475,-0.5254243718674659,-0.5579134555379027,-0.8501228382257111,-0.880655141961978,-0.589561972088812,-0.024082832636951382,-0.208997913361064,0.9786702320572649,-0.9085608734964675,0
0.8820270268626367,0.6280320030710668,-0.27202076420457444,0.3463492943000267,1.266437708751867,-0.6136695615629019,1.0991648035240769,-0.9798698523458265,-0.6653319973266479,1.2852862655119774,-0.7841717752726938,-1.0150808769427626,0.05931010364122394,-0.6665417558214546,0.6841042567417861,-0.692751527909785,-0.7930384920400783,0.845504981662726,-0.7694556075126388,-0.3372385046047898,-0.34810730792340266,-1.5011943716547504,0.475176231126808,0.3934143108459081,0.32564295958854345,-0.35412279885547887,0
0.8820270268626367,0.6280320030710668,0.5248163504317366,0.05750241867752872,-0.9031088410732144,-0.6136695615629019,-0.9097816785925635,-0.9798698523458265,-0.6653319973266479,-0.77803678980547,-0.7841717752726938,0.6184973014069056,-0.35731096629907805,-1.2691679509781741,-0.8373728550106734,-0.2748107131740223,-0.7300665961052347,0.6931794979371492,-0.9865484281980821,0.22592860682210422,0.006924581435647593,-0.32802808696743635,0.5417441062953097,0.6210700932497056,-0.006223359207036408,-0.7417387979407717,0
-0.8130941863973514,0.6280320030710668,-0.5446229350012067,-1.1209928338622634,-1.3370181510382313,-0.6136695615629019,1.0991648035240769,-0.9798698523458265,1.5030090301053793,-0.77803678980547,-0.7841717752726938,-1.0693826446441366,-0.7640124869550872,-1.0206623034908673,-0.10462947799068893,0.041214206165109527,-0.7930384920400783,0.08387756303484165,-0.17615079643480774,-0.568539282512264,-0.6806946525528579,-1.4638323880659825,1.0151156630490956,0.9047642220913614,0.4969288015475524,-0.751551861208754,0
-0.8130941863973514,0.6280320030710668,1.5942556358646813,2.385608236194863,1.9173016736993922,1.6295414709068945,1.0991648035240769,-0.9798698523458265,-0.6653319973266479,-0.77803678980547,-0.7841717752726938,1.3877723438430374,0.3072988357485466,-0.5609268556393491,-1.0199501084209683,-1.0755784627189775,-0.28926332456132997,0.6170167560743608,-1.2098086585620893,0.11530649564896445,-0.3583093737095824,-0.4911754153050567,-0.6453830008762957,-1.147640216195183,1.8029833464849947,-0.37865545702543413,0
-0.8130941863973514,0.6280320030710668,-1.0688578788408853,-0.5317452075923682,1.0494830537693587,-0.6136695615629019,-0.9097816785925635,1.0205436952733893,-0.6653319973266479,-0.77803678980547,-0.7841717752726938,0.021177856691791442,-0.21843727631897725,-1.138702486047338,-1.1708806379068124,-0.6053950461412446,-0.28926332456132997,-0.373098888141889,-0.768222125576926,-0.5081999491450968,-0.6398863894081395,-0.923329025481806,-0.7230455219062147,-0.5872567518166044,-0.02763408945191206,-0.6288885703589778,0
-0.8130941863973514,0.6280320030710668,-0.009903292284735086,0.6351961699225247,1.266437708751867,-0.6136695615629019,1.0991648035240769,-0.9798698523458265,1.5030090301053793,1.2852862655119774,-0.7841717752726938,-0.18245377218836117,-1.0318403176309956,0.016848774768639923,-0.5330774326601816,1.8834082481663914,-0.16331953269164318,0.5408540142115723,-0.9082223252803228,-1.0914801716943798,-0.3991176368543007,-1.1375377313907422,-0.3162418403209293,-0.6538022882115604,1.2248936298733397,-0.31487054578355067,0
0.8820270268626367,0.6280320030710668,-0.009903292284735086,0.3463492943000267,0.6155737438043443,1.6295414709068945,-0.9097816785925635,1.0205436952733893,1.5030090301053793,1.2852862655119774,1.2752307995939438,-0.4494374633867833,0.14362627255771382,-1.1076392801114248,2.226273457214079,-1.3684796074723193,1.5369216575491322,-0.2969361462791006,1.8720459578162085,1.784694718807257,1.0087674416384846,1.2797826068025444,0.7044655789294241,0.7506587693872521,-0.8198311085123287,1.3091914250674856,1
-0.8130941863973514,0.6280320030710668,0.2626988785118972,0.3463492943000267,0.1816644338393275,-0.6136695615629019,-0.9097816785925635,-0.9798698523458265,-0.6653319973266479,-0.77803678980547,1.2752307995939438,-0.046699352934926226,-0.3176327691619064,-0.6727543970086373,-0.1508823821879638,-0.8563308222018561,-0.10034763675679959,0.6931794979371492,-0.8379138549446962,-0.6791613936854041,-0.2542483026905505,-0.007960427556990968,-1.0447902518873036,-0.4331512991124951,-1.419331555368859,-0.6632342917969153,0
-0.8130941863973514,0.6280320030710668,-0.27202076420457444,0.05750241867752872,0.6155737438043443,-0.6136695615629019,1.0991648035240769,1.0205436952733893,1.5030090301053793,1.2852862655119774,1.2752307995939438,-1.327316041225663,-0.9276850501459201,1.2283138062692622,0.1485443134049203,2.5244506658502406,-0.7930384920400783,0.845504981662726,2.2975972256371056,0.6080777181474964,1.4964261862178694,1.29721819914397,1.2333103649902946,1.3250518203752952,-1.130286697063032,1.4956396271591446,1
0.8820270268626367,-1.4692847479255242,-1.6035775215573584,-1.7102404601321604,-0.2522448761256893,1.6295414709068945,1.0991648035240769,-0.9798698523458265,1.5030090301053793,-0.77803678980547,-0.7841717752726938,-0.45396261069523103,1.9688233408676084,-0.8342830678753869,2.226273457214079,-0.8186476339879759,-0.7930384920400783,2.3306784479871006,0.5997093411285098,2.926113775002837,2.2554598807096315,1.6795558312023617,0.5195548145724761,0.48797902045979336,-0.787715013145014,1.8440033731725083,1
0.8820270268626367,0.6280320030710668,-0.8067404069210461,-0.24289833196987018,1.0494830537693587,-0.6136695615629019,-0.9097816785925635,1.0205436952733893,-0.6653319973266479,1.2852862655119774,-0.7841717752726938,1.808611043528686,1.100862778491979,-0.8218577855010215,0.22157521476903833,-0.5540088803950443,0.15153994698257475,0.845504981662726,-0.7898080594518991,-1.1216498383779636,-0.40523887632600863,-1.5298385590728059,-0.9819205920059418,-1.1196210429762543,0.603982452771933,-0.0450113059140432,0
0.8820270268626367,0.6280320030710668,-0.8067404069210461,-0.24289833196987018,1.0494830537693587,-0.6136695615629019,1.0991648035240769,1.0205436952733893,-0.6653319973266479,1.2852862655119774,1.2752307995939438,1.428498669619068,0.29737928646425366,2.5236494937968508,1.3413823690188484,-0.04871158389074111,0.6553151144613227,-0.5254243718674659,2.222354827558628,1.0103399405952778,1.1148689258147522,1.5438072908298386,-1.2962688914127534,-1.1966737693283085,-0.616429171186005,1.1914346658517003,1
0.8820270268626367,0.6280320030710668,-0.27202076420457444,-1.1209928338622634,-1.7709274610032455,-0.6136695615629019,1.0991648035240769,-0.9798698523458265,-0.6653319973266479,-0.77803678980547,-0.7841717752726938,-0.36345966452627426,-0.5805008251956684,-0.7721566560035601,1.170976932502573,-1.152657711338278,1.2850340738097579,2.3306784479871006,-0.2082213267633389,0.11530649564896445,0.3946030813104722,-0.45381343171628874,-1.6882797118494826,-1.5854397977409476,-0.08116091506410233,0.09237157983770593,0
-0.8130941863973514,-1.4692847479255242,-0.009903292284735086,0.3463492943000267,0.6155737438043443,-0.6136695615629019,-0.9097816785925635,1.0205436952733893,1.5030090301053793,-0.77803678980547,-0.7841717752726938,-0.4132362849192006,0.46601162429723325,-0.4242487495213302,-0.07054839068743392,-0.28080576584441236,0.15153994698257475,2.3306784479871006,-0.49993980455940373,-0.4277475046555407,0.3374715129078666,-1.1176113401433994,-0.0943489230925918,0.14124175187554763,-0.6592506316757578,-0.09898315388794511,0
0.8820270268626367,-1.4692847479255242,-0.009903292284735086,0.05750241867752872,-0.03529022114318089,-0.6136695615629019,1.0991648035240769,-0.9798698523458265,-0.6653319973266479,-0.77803678980547,-0.7841717752726938,0.9262073183813582,0.7090405817624094,-0.6851796793830026,0.6597606229537466,-0.33133549549484265,-0.7930384920400783,-0.2969361462791006,-1.3356238160047895,0.2762113846280767,-0.8459681182889673,0.2647820526410152,-0.43458472950937554,-0.8394293107869649,1.7280457906279278,-0.9527196582023865,0
0.8820270268626367,0.6280320030710668,-0.009903292284735086,-0.5317452075923682,-1.1200634960557228,-0.6136695615629019,1.0991648035240769,1.0205436952733893,-0.6653319973266479,-0.77803678980547,1.2752307995939438,0.17503286517901773,0.837994722458217,-0.05149027829036945,0.1680192204353518,-0.9342665069169266,-1.2968136595188264,0.6931794979371492,-0.6498078597485024,-0.6288786158794314,-0.34606689476616675,-0.24458632361918803,0.20150829987852487,0.004648282433269401,0.7110361039963136,-0.32959014068552367,0
-0.8130941863973514,0.6280320030710668,-0.009903292284735086,-1.1209928338622634,-2.2048367709682624,1.6295414709068945,-0.9097816785925635,-0.9798698523458265,-0.6653319973266479,-0.77803678980547,-0.7841717752726938,1.1796155676544366,-1.0814380640524601,-0.6044153439496278,-0.28964109477978806,0.34096683968461144,2.355556304702098,0.08387756303484165,-1.1092798808015005,-0.638935171440626,-0.5399061447035794,-1.1300653346729885,-0.06846141608261846,-0.45766807567905804,1.4497062974445392,-0.5601971274831029,0
0.8820270268626367,0.6280320030710668,-0.5446229350012067,-0.5317452075923682,-0.03529022114318089,-0.6136695615629019,-0.9097816785925635,-0.9798698523458265,1.5030090301053793,-0.77803678980547,1.2752307995939438,0.1840831597959136,0.2031435682634711,2.5236494937968508,0.9518842284102188,1.4526208919940786,0.5293713225916359,0.08387756303484165,0.5423524311178671,-0.17633361562567731,1.1638388415884147,1.1166352784649247,0.28286903619558257,0.20428489161813812,-0.18821456628848288,0.8921362361782468,1
-0.8130941863973514,-1.4692847479255242,-0.009903292284735086,0.6351961699225247,1.266437708751867,-0.6136695615629019,1.0991648035240769,-0.9798698523458265,-0.6653319973266479,-0.77803678980547,-0.7841717752726938,-0.14625259372077845,-0.9673632472830918,-0.5112257261418875,-1.0588999224818314,0.11486771040132995,-0.16331953269164318,0.23620304676041853,0.6083437146784991,1.5232242742161992,1.2821828047080976,1.2237396314193925,0.24958509861133174,0.544017366897651,-1.547795936838116,1.4073220577473065,1
-0.8130941863973514,-1.4692847479255242,1.0595359931482098,-0.5317452075923682,-2.8557007359157875,1.6295414709068945,1.0991648035240769,1.0205436952733893,-0.6653319973266479,1.2852862655119774,-0.7841717752726938,0.636597890640697,0.30233906110640024,0.9549575940332241,2.226273457214079,-0.025587809304950693,0.5293713225916359,0.08387756303484165,0.7773307398711455,1.9254864966639806,1.2189299968337843,1.151506463147775,1.1926299968317662,1.384592563465519,-1.4086261902464217,1.4416677791852432,1
-0.8130941863973514,0.6280320030710668,-2.1487818631506217,-2.2821572738647085,0.8325283987868527,-0.6136695615629019,-0.9097816785925635,-0.9798698523458265,-0.6653319973266479,-0.77803678980547,-0.7841717752726938,-0.8567007211470883,0.4064943285914757,-0.29378328459049396,0.6841042567417861,-0.8040882203598858,0.15153994698257475,0.31236578862320696,-1.0124515488480499,-1.2926112829182708,-0.5684719289048821,-0.5472183906882087,0.06467433425438383,-0.06189725396168701,0.7431521993636274,-0.8251498357186197,0
-0.8130941863973514,-1.4692847479255242,1.0595359931482098,0.6351961699225247,-0.686154186090706,-0.6136695615629019,-0.9097816785925635,-0.9798698523458265,-0.6653319973266479,-0.77803678980547,-0.7841717752726938,-0.6666445341922793,2.48463990365084,-0.3931855435854169,-1.1587088210127927,-0.9402615595873167,-0.35223522049617356,-1.4393772742209272,-0.6448739320056514,-0.5987089491958477,-1.1173430682013448,-1.950783574172925,1.1593460592475153,1.8714256981444093,-1.7833139695317535,-1.3256160623857063,0
-0.8130941863973514,0.6280320030710668,1.0595359931482098,0.6351961699225247,-0.686154186090706,-0.6136695615629019,1.0991648035240769,1.0205436952733893,-0.6653319973266479,1.2852862655119774,-0.7841717752726938,1.1660401257290935,0.986787961722611,-0.7597313736291947,-0.021861123111355178,-0.25853842735439236,1.3480059697446014,-0.5254243718674659,-0.6769444623341827,-0.06571150445253734,-0.7704728314712382,-0.19601574495378962,0.8302048986921478,0.30235199788438927,1.8672155372196237,-0.8938412785944938,0
-2.5082153996573395,-1.4692847479255242,-0.5446229350012067,-1.1209928338622634,-1.3370181510382313,-0.6136695615629019,1.0991648035240769,1.0205436952733893,-0.6653319973266479,-0.77803678980547,1.2752307995939438,-0.046699352934926226,-1.0318403176309956,-0.9336853268703098,-0.7375639564797121,-0.19516215626741182,-0.6670947001703911,-1.4393772742209272,-0.853949120108962,-1.0512539494496018,-1.3213843839249368,-0.5148380049112762,0.8745834821378159,0.9047642220913614,0.02589273616027821,-0.5945428489210404,0
0.8820270268626367,-1.4692847479255242,0.5248163504317366,-0.24289833196987018,-1.3370181510382313,-0.6136695615629019,1.0991648035240769,-0.9798698523458265,-0.6653319973266479,-0.77803678980547,-0.7841717752726938,0.582296122939323,-0.6846560926807439,0.3833946048124178,-0.5330774326601816,-0.9582467175984869,-0.35223522049617356,2.3306784479871006,-1.333156852133364,-0.9004056160316838,1.3474760257396472,-0.3429728804029437,-0.2977507638852345,-0.7028358413446861,1.0964292484040836,0.44073532585106984,0
0.8820270268626367,0.6280320030710668,0.2626988785118972,-0.5317452075923682,-1.5539728060207396,-0.6136695615629019,-0.9097816785925635,-0.9798698523458265,-0.6653319973266479,-0.77803678980547,1.2752307995939438,0.9578833495404931,2.3755248615236173,1.464394171382204,-0.24825691734012106,-1.143236914284808,-0.10034763675679959,-0.6015871137302543,-0.6868123178198847,-0.7696703937361548,-0.9847162129810099,-0.14993596519430927,-0.7119508760447975,-0.5067016288121838,-0.09186628018654054,-0.9625327214703687,0
-0.8130941863973514,0.6280320030710668,-1.0688578788408853,-0.5317452075923682,1.0494830537693587,1.6295414709068945,1.0991648035240769,1.0205436952733893,1.5030090301053793,1.2852862655119774,-0.7841717752726938,1.2972693976740808,-0.21347750167683088,-0.6851796793830026,-0.24095382720370942,0.04635282273972976,-0.7930384920400783,-1.2108890486325619,0.20376163976471845,-0.8702359493481002,-1.1010197629434575,-0.6630405398133891,-0.9671277308573858,-0.9304916237484837,0.46481270618023784,-0.9772523163723418,0
0.8820270268626367,0.6280320030710668,2.11849057970436,2.385608236194863,1.4833923637343753,-0.6136695615629019,-0.9097816785925635,1.0205436952733893,-0.6653319973266479,1.2852862655119774,-0.7841717752726938,-0.9879299930920755,-1.135995585116071,2.4273535553955186,0.16071613029893994,0.3923530054308119,-1.0449260757794525,1.3024814328394567,1.2516045441526964,2.0260520522759258,1.737194938771708,0.5823589131455429,-1.743752941156567,-1.872636323234969,0.06871419665003027,1.3778828679433592,1
0.8820270268626367,-1.4692847479255242,2.1289752785811515,2.385608236194863,0.6155737438043443,-0.6136695615629019,-0.9097816785925635,-0.9798698523458265,-0.6653319973266479,-0.77803678980547,-0.7841717752726938,0.8492798141377451,-0.2928338959511742,-0.9709611739934058,-1.0686373759970471,1.357556485363608,-0.7930384920400783,-0.5254243718674659,-1.6612630470329546,-0.7395007270525713,-0.8704530761757985,-1.451378393536393,-1.3665349818683927,-1.6379757475264394,1.2463043601182162,-0.44244036826731825,0
0.8820270268626367,0.6280320030710668,-0.009903292284735086,0.3463492943000267,0.6155737438043443,-0.6136695615629019,1.0991648035240769,1.0205436952733893,-0.6653319973266479,-0.77803678980547,1.2752307995939438,-1.3182657466087673,-1.2451106272432932,1.464394171382204,-0.705917232555261,2.315908476530244,-0.7930384920400783,-0.9824008230441965,-0.66892682975205,-0.3171253934824007,-1.058171086641503,-0.2333777285425576,0.13494042471002424,0.10972018200425289,0.5504556271597427,-1.1440743919280376,0
-0.8130941863973514,0.6280320030710668,0.5248163504317366,0.3463492943000267,-0.2522448761256893,1.6295414709068945,-0.9097816785925635,1.0205436952733893,-0.6653319973266479,1.2852862655119774,1.2752307995939438,0.9624084968489409,2.48463990365084,-0.21923159034430176,0.9275405946221795,0.7657591431865339,-0.28926332456132997,0.6170167560743608,1.4057897861167898,0.8494350516161655,1.3903247020416016,1.5325986957532076,-0.45307580594507035,-0.7098406346494185,0.304232229343667,1.2797522352635382,1
0.8820270268626367,-1.4692847479255242,-2.1487818631506217,-2.2821572738647085,1.4833923637343753,-0.6136695615629019,-0.9097816785925635,1.0205436952733893,-0.6653319973266479,-0.77803678980547,-0.7841717752726938,-0.45396261069523103,1.9688233408676084,-0.8342830678753869,2.226273457214079,-0.8186476339879759,-0.7930384920400783,2.3306784479871006,1.0610315850850773,1.2516972740639467,2.1167117860175892,1.5898870705893189,-0.3754132849151524,-0.3140698129320475,-1.08746523657328,2.1874605875518816,1
-0.8130941863973514,0.6280320030710668,-1.0688578788408853,-1.1209928338622634,-0.2522448761256893,-0.6136695615629019,-0.9097816785925635,1.0205436952733893,-0.6653319973266479,-0.77803678980547,1.2752307995939438,0.23385978018883952,0.7140003564045556,-0.23165687271866714,-0.2993785482950038,1.4406307866532984,-0.03737574082195601,0.6931794979371492,-1.4978266905510158,0.6684170515146637,-0.2522078895333146,0.30961643294753666,-1.3406474748584203,-1.5609230211743848,1.1392507088938357,-0.574916722385076,0
0.8820270268626367,0.6280320030710668,-2.13829716427383,-2.2821572738647085,-0.4691995311081977,1.6295414709068945,1.0991648035240769,1.0205436952733893,-0.6653319973266479,-0.77803678980547,1.2752307995939438,0.05737903515937415,0.46601162429723325,-0.47394987901879165,1.65784960826336,-0.25254337468400234,-0.7930384920400783,1.2263186909766683,2.5405931669725166,2.106504496765482,1.6555784124822714,1.4342121389694524,1.0742871076433198,0.7646683559967167,-0.05975018481922668,1.897975221146411,1
0.8820270268626367,-1.4692847479255242,0.5248163504317366,0.6351961699225247,0.1816644338393275,-0.6136695615629019,1.0991648035240769,1.0205436952733893,-0.6653319973266479,1.2852862655119774,-0.7841717752726938,-1.033181466176554,-0.6201790223328401,-0.48016252020597416,0.026826144464723565,0.4111945995377519,-0.47817901236586074,-0.5254243718674659,0.30120671268602534,-0.5383696158286805,-0.9765545603520662,-0.02041442208658029,0.7673352388107859,0.21479208157523638,1.8779209023420613,-0.7221126714048073,0
2.5771482401226247,0.6280320030710668,1.0595359931482098,1.22444379619242,0.1816644338393275,-0.6136695615629019,1.0991648035240769,-0.9798698523458265,1.5030090301053793,1.2852862655119774,-0.7841717752726938,0.6908996583420707,1.9787428901519015,-1.2815932333525395,-0.14357929205155193,-0.3133503374836728,0.6553151144613227,0.08387756303484165,-0.49562261778440914,-0.9205187271540729,-0.5562294499614665,-0.2146967367481736,-0.8191991193718274,-0.3841177459793698,-1.1731081575527842,-0.025385179378079437,0
-0.8130941863973514,0.6280320030710668,-0.009903292284735086,0.6351961699225247,1.266437708751867,1.6295414709068945,1.0991648035240769,-0.9798698523458265,1.5030090301053793,1.2852862655119774,1.2752307995939438,-1.408768692777724,-1.1955128808218285,-0.10740404897501346,0.27026248234511707,0.6852541501841536,-0.7930384920400783,-0.5254243718674659,2.3352184246763446,0.23598516238329853,0.9883633100661252,1.8887829392994626,0.2273958068884982,0.3303711711033181,-0.8947686643693946,1.2601261087275752,1
-0.8130941863973514,-1.4692847479255242,-0.5446229350012067,-0.5317452075923682,-0.03529022114318089,-0.6136695615629019,1.0991648035240769,1.0205436952733893,-0.6653319973266479,-0.77803678980547,1.2752307995939438,-1.4223441347030676,-0.9872023458516777,-0.3186338493392247,-0.5087337988721422,-0.02730068149649097,-0.7930384920400783,-0.5254243718674659,-0.5998518413521361,-1.1015367272555745,-0.9235038182639324,0.12280651500369688,-0.9856188072930806,-0.9760227802292432,0.5290448969148663,-0.8987478102284853,0
-0.8130941863973514,0.6280320030710668,1.0595359931482098,1.8136914224623153,1.266437708751867,-0.6136695615629019,-0.9097816785925635,1.0205436952733893,1.5030090301053793,1.2852862655119774,-0.7841717752726938,-0.6168679137993532,2.48463990365084,0.17216480444820687,2.226273457214079,0.5353778334244027,0.025596155112887577,-0.44926163000467745,2.1643811765801293,2.689784719314765,1.1985258652614248,2.5451084510088196,1.1741389203960713,0.8907546354818967,0.02589273616027821,1.4907330955251537,1
0.8820270268626367,0.6280320030710668,1.0595359931482098,1.8136914224623153,1.266437708751867,1.6295414709068945,-0.9097816785925635,-0.9798698523458265,-0.6653319973266479,-0.77803678980547,1.2752307995939438,-0.7480971857443404,-0.025006065275265728,-0.697604961757368,-0.6304519678123389,-1.0507418159416475,-0.7930384920400783,0.6170167560743608,-1.5662849379830732,0.014740940037019009,-0.33382441582275113,-1.5896177328148346,-0.9560330849959685,-0.3596009694128069,-1.3550993646342313,-0.7122996081368257,0
0.8820270268626367,0.6280320030710668,-0.8067404069210461,-0.24289833196987018,1.0494830537693587,-0.6136695615629019,-0.9097816785925635,-0.9798698523458265,-0.6653319973266479,-0.77803678980547,-0.7841717752726938,0.2700609586564222,0.5900059903508945,0.22186593394566834,-1.1027184633003022,2.5244506658502406,-0.16331953269164318,-0.8300753393186197,-1.2893682434155616,-1.6848169498048575,-1.0479690208553236,0.14522370515695782,0.2347922374627757,0.18677290835630755,0.5504556271597427,-1.0115980378102791,0
0.8820270268626367,0.6280320030710668,-1.0688578788408853,-0.5317452075923682,1.0494830537693587,1.6295414709068945,1.0991648035240769,-0.9798698523458265,-0.6653319973266479,-0.77803678980547,1.2752307995939438,0.3107872844324527,0.7685578774681668,0.07276254545328394,1.3413823690188484,0.04635282273972976,0.6553151144613227,-0.5254243718674659,-0.2803800200025347,0.11530649564896445,-0.8133215077731926,-0.6132245616950318,-0.5751169104206564,0.008150679085635317,-1.2373403482874126,-1.0410372276142252,0
-0.8130941863973514,-1.4692847479255242,-2.13829716427383,-2.2821572738647085,-0.4691995311081977,-0.6136695615629019,1.0991648035240769,1.0205436952733893,1.5030090301053793,-0.77803678980547,1.2752307995939438,-0.4494374633867833,-0.5209835294899109,-0.9274726856831271,-0.11923565826351266,2.5244506658502406,-0.7930384920400783,0.08387756303484165,1.6777725529414507,0.0650237178429915,1.1352730573871115,0.5524693262745284,0.33834226550266694,-0.054892460656954675,0.5932770876494948,1.2846587668975304,1
-0.8130941863973514,-1.4692847479255242,-0.009903292284735086,-0.5317452075923682,-1.1200634960557228,-0.6136695615629019,1.0991648035240769,1.0205436952733893,1.5030090301053793,1.2852862655119774,1.2752307995939438,0.44201655637743986,0.034511230430491764,0.40824516956114854,-0.14357929205155193,0.38464508056888186,-0.7930384920400783,1.9879461096045528,2.127376718508747,1.8651471632968133,2.110590546545882,0.13401511008032735,1.085381753504736,1.0658744681002026,-0.7770096480225759,1.5054526904271275,1
0.8820270268626367,0.6280320030710668,-2.13829716427383,-1.7102404601321604,0.8325283987868527,-0.6136695615629019,-0.9097816785925635,-0.9798698523458265,-0.6653319973266479,-0.77803678980547,-0.7841717752726938,-1.6486015001254593,-1.135995585116071,1.4892447361309347,-0.6791392353884177,-0.7372862048898254,-0.7930384920400783,0.6931794979371492,-1.1734209414585632,-0.7294441714913767,-0.46645127104308604,-0.6655313387193071,0.20520651516566465,0.5054910037216239,-0.7127774572879482,-0.5258514060451654,0
-0.8130941863973514,0.6280320030710668,0.2626988785118972,1.22444379619242,1.7003470187168839,-0.6136695615629019,1.0991648035240769,1.0205436952733893,1.5030090301053793,-0.77803678980547,1.2752307995939438,0.39223993598451395,-0.14404065668678048,-1.0206623034908673,-0.7594732268889476,-0.6550683396959048,0.15153994698257475,1.3024814328394567,-0.06390394028494778,-0.39757783797195706,-0.13998516588533882,-1.178635913338387,0.30875654320555485,0.45295505393613217,-0.28456285239042595,-0.462066494803282,0
0.8820270268626367,0.6280320030710668,-0.009903292284735086,0.05750241867752872,-0.03529022114318089,-0.6136695615629019,-0.9097816785925635,-0.9798698523458265,-0.6653319973266479,-0.77803678980547,-0.7841717752726938,1.9443654627821205,-0.05972448777029082,-0.8280704266882042,-0.9956064746329292,-0.3561721422721731,-0.7300665961052347,0.08387756303484165,-0.371657683245278,-0.4780302824615134,-0.4990978815588608,-0.6032613660713606,-1.9249654902263762,-1.9146650830633625,0.5397502620373045,-0.5896363172870496,0
0.8820270268626367,0.6280320030710668,-0.009903292284735086,0.3463492943000267,0.6155737438043443,-0.6136695615629019,1.0991648035240769,1.0205436952733893,1.5030090301053793,1.2852862655119774,1.2752307995939438,0.953358202232045,0.7983165253210454,0.8307047702895707,-1.2146991787252834,-1.4806727360181902,-0.03737574082195601,0.6170167560743608,0.7631456976104491,1.120962051768418,1.4515370967586794,1.4765557203700557,0.2643779597598878,-0.06189725396168701,0.432696610812924,1.2012477291196817,1
0.8820270268626367,0.6280320030710668,-0.009903292284735086,0.05750241867752872,-0.03529022114318089,-0.6136695615629019,1.0991648035240769,1.0205436952733893,-0.6653319973266479,1.2852862655119774,1.2752307995939438,0.4691674402281271,0.287459737179961,0.3958198871867832,-0.9956064746329292,-0.11380072716926136,0.025596155112887577,-1.0585635649069849,-0.7984424330018884,-0.6489917270018204,-1.035726541911908,-0.5820895753710585,-0.18310608998392597,0.3899119141935422,-1.2266349831649743,-1.1342613286600554,0
0.8820270268626367,0.6280320030710668,0.5248163504317366,-0.24289833196987018,-1.3370181510382313,-0.6136695615629019,-0.9097816785925635,-0.9798698523458265,-0.6653319973266479,-0.77803678980547,1.2752307995939438,-1.0060305823258668,-1.0368000922731422,0.749940434856196,-0.664533055115594,0.18252616196716062,-0.41520711643101715,-0.5254243718674659,-1.06857497692298,-0.9708015049600456,-0.9337058840501119,-0.20348814167154314,-2.3761477552573287,-2.4190102010040833,1.8779209023420613,-0.8398694306205926,0
0.8820270268626367,0.6280320030710668,0.2626988785118972,-0.24289833196987018,-0.9031088410732144,-0.6136695615629019,-0.9097816785925635,-0.9798698523458265,-0.6653319973266479,-0.77803678980547,-0.7841717752726938,-0.40871113761075284,-0.5904203744799613,0.8307047702895707,-0.8325041282530655,-0.20287008112934185,-0.7930384920400783,0.08387756303484165,-0.9563281207731199,-0.025485282207759166,-0.5929568867917133,-0.8921940391578327,-0.8894652098274678,-1.1371330262380848,0.9144380413226364,-0.025385179378079437,0
-0.8130941863973514,0.6280320030710668,-0.009903292284735086,0.3463492943000267,0.6155737438043443,-0.6136695615629019,1.0991648035240769,1.0205436952733893,-0.6653319973266479,-0.77803678980547,1.2752307995939438,0.7633020152772361,0.6792819339095308,-0.16331781965965775,1.3657260028068876,0.09003106362399986,-0.35223522049617356,-1.0585635649069849,-0.3297192974310444,0.12536305121015878,-1.1193834813585808,0.20998447671082213,-0.993015237867358,-0.8044053442633038,0.03659810128271566,-1.0361306959802343,0
0.8820270268626367,0.6280320030710668,0.2626988785118972,0.6351961699225247,0.6155737438043443,-0.6136695615629019,1.0991648035240769,-0.9798698523458265,-0.6653319973266479,1.2852862655119774,1.2752307995939438,-0.4901637891628137,-0.8185700080186982,-0.11982933134937883,-0.9469192070568504,-1.273415200841849,-0.47817901236586074,1.2263186909766683,-0.44443311745233,-1.6345341719988848,-0.10325772905509231,-0.25953111705469506,0.11275113298719071,-0.2790458464083863,1.2677150903630918,-0.22164644473772124,0
-0.8130941863973514,0.6280320030710668,-0.27202076420457444,-1.1209928338622634,-1.7709274610032455,-0.6136695615629019,-0.9097816785925635,-0.9798698523458265,1.5030090301053793,1.2852862655119774,-0.7841717752726938,1.3244202815247677,-0.8086504587344052,0.8679806174126669,-0.7278265029644964,0.37522428351541187,0.7812589063310098,-0.5254243718674659,-0.5535962687629081,-1.3931768385302161,-0.7929173762008335,-1.5833907355500398,-0.9856188072930806,-0.7168454279541508,-0.5629023455738148,-0.23636603963969421,0
0.8820270268626367,0.6280320030710668,-0.009903292284735086,-0.5317452075923682,-1.1200634960557228,1.6295414709068945,1.0991648035240769,-0.9798698523458265,-0.6653319973266479,1.2852862655119774,-0.7841717752726938,-1.3635172196932457,-1.3036359680206213,-0.4118234671469648,2.226273457214079,-0.7998060398810357,-2.071367979517402,0.08387756303484165,2.139711537865874,0.74886949600422,1.2964656968087491,0.8999357736500702,0.6305012731866448,0.8277114957393062,-1.1195813319405938,0.946108084152148,1
0.8820270268626367,0.6280320030710668,-0.5446229350012067,-0.5317452075923682,-0.03529022114318089,-0.6136695615629019,1.0991648035240769,1.0205436952733893,-0.6653319973266479,-0.77803678980547,1.2752307995939438,-0.9155276361569101,-1.2203117540325608,0.5821991228022637,1.8769423123557143,1.235942559764267,-0.47817901236586074,0.6170167560743608,0.30860760430030165,-0.2165598378704555,-0.4113601157977163,-0.23213232908959872,0.08316541069007861,0.015155472390367651,0.4434019759353622,-0.5651036591170944,0
0.8820270268626367,0.6280320030710668,0.5248163504317366,1.5248445468398173,1.9173016736993922,-0.6136695615629019,-0.9097816785925635,-0.9798698523458265,-0.6653319973266479,1.2852862655119774,-0.7841717752726938,0.9488330549235973,-0.15891998061321996,-1.4741851101552026,-0.5817647002362601,1.7892002776316906,-0.03737574082195601,-1.1347263067697735,1.4995344132309587,0.6684170515146637,0.6006848101913005,0.9808867380924007,0.28286903619558257,0.7506587693872521,-2.008126637102952,1.2208738556556462,1
-0.8130941863973514,0.6280320030710668,1.8563731077845207,0.9355969205699219,-1.5539728060207396,-0.6136695615629019,1.0991648035240769,1.0205436952733893,1.5030090301053793,1.2852862655119774,-0.7841717752726938,0.3243627263577963,0.8181556238896311,-0.14467989609810955,2.226273457214079,-0.1377809378508216,-0.16331953269164318,0.08387756303484165,0.8778595176317345,1.5835636075833666,1.4025671809850169,1.421758144439863,-0.856181272243217,-0.7343574112159814,-0.7341881875328238,1.1570889444137622,1
0.8820270268626367,0.6280320030710668,-0.009903292284735086,-0.5317452075923682,-1.1200634960557228,-0.6136695615629019,-0.9097816785925635,-0.9798698523458265,-0.6653319973266479,-0.77803678980547,1.2752307995939438,1.9941420831750472,0.5255289200029907,0.8741932585998494,-1.000475201390537,-0.5069048951276939,0.025596155112887577,-0.5254243718674659,-1.1721874595228505,-0.9205187271540729,-0.7541495262133509,-1.0341695767951509,-0.35692220847945766,-0.6117735283831673,1.1606614391387113,-0.7613649244767362,0
0.8820270268626367,0.6280320030710668,-0.5446229350012067,0.05750241867752872,1.0494830537693587,-0.6136695615629019,1.0991648035240769,-0.9798698523458265,-0.6653319973266479,-0.77803678980547,-0.7841717752726938,1.772409865061103,-0.5805008251956684,-0.2068063079699364,-1.148971367497577,-0.7920981150191057,-0.7930384920400783,-0.44926163000467745,0.5324845756321653,-0.7294441714913767,-0.8480085314462033,-0.7078749201199106,-0.612099063292046,-0.6573046848639268,0.5932770876494948,-0.8104302408166466,0
-0.8130941863973514,-1.4692847479255242,-0.5446229350012067,-0.5317452075923682,-0.03529022114318089,-0.6136695615629019,1.0991648035240769,-0.9798698523458265,-0.6653319973266479,-0.77803678980547,-0.7841717752726938,2.080119882035556,1.6464379891280891,0.613262328738177,-0.5330774326601816,0.6321551122464135,2.355556304702098,-0.5254243718674659,-0.9668127172266782,-1.0009711716436294,-0.9214634051066964,-1.0827401554605491,0.01659753552157695,0.23930885814179928,-0.3595004082474919,-0.7466453295747625,0
0.8820270268626367,-1.4692847479255242,0.5248163504317366,0.05750241867752872,-0.9031088410732144,1.6295414709068945,1.0991648035240769,-0.9798698523458265,1.5030090301053793,-0.77803678980547,1.2752307995939438,-0.01502332177579126,-0.29779367059332057,1.0667851354025126,-0.7180890494492805,0.17224892881792045,-0.16331953269164318,-0.5254243718674659,1.0351284644351095,1.241640718502752,1.0863031416134499,1.0356843140225942,-1.0336956060258864,-0.7343574112159814,-1.2480457134098508,1.1472758811457806,1
-0.8130941863973514,0.6280320030710668,1.5942556358646813,1.22444379619242,-0.686154186090706,1.6295414709068945,1.0991648035240769,1.0205436952733893,1.5030090301053793,1.2852862655119774,1.2752307995939438,-0.7164211545852054,-0.630098571617133,1.464394171382204,2.226273457214079,0.7049521803868638,-0.7930384920400783,-1.0585635649069849,1.0560976573422265,1.5835636075833666,0.9332721548207554,1.5923778694952366,2.17265704792359,2.081569497286376,-0.5521969804513773,1.1129301597078438,1
0.8820270268626367,0.6280320030710668,0.5248163504317366,1.22444379619242,1.266437708751867,-0.6136695615629019,1.0991648035240769,1.0205436952733893,-0.6653319973266479,1.2852862655119774,-0.7841717752726938,1.2701185138233935,-0.5557019519849361,-0.36212233764950336,-0.6304519678123389,-1.0952764929216876,-0.7930384920400783,-1.2108890486325619,-1.0599406033729906,0.40694660692360557,-1.162232157660535,0.32580662583600295,-0.8931634251146066,-1.0530755065812978,1.1927775345060259,-1.2961768725817597,0
-0.8130941863973514,-1.4692847479255242,-1.6035775215573584,-1.1209928338622634,1.0494830537693587,1.6295414709068945,-0.9097816785925635,-0.9798698523458265,-0.6653319973266479,-0.77803678980547,-0.7841717752726938,1.0891126214854805,0.6495232860566521,-0.32484649052640724,-0.04620475689939444,-0.22513741961936212,-0.7930384920400783,2.3306784479871006,-0.5357107806950733,0.26615482906688237,0.557836133889346,-0.555936186858921,-0.8709741333917731,-1.4033151718179095,1.6852243301381766,0.19540874415151757,0
-0.8130941863973514,0.6280320030710668,-0.009903292284735086,-0.24289833196987018,-0.4691995311081977,-0.6136695615629019,-0.9097816785925635,-0.9798698523458265,-0.6653319973266479,-0.77803678980547,-0.7841717752726938,-0.28653216028266115,0.014672131861905932,-0.00800178998009081,-0.5695928833422406,-0.829781303232986,-0.16331953269164318,1.3024814328394567,-1.0426718562730122,-0.9305752827152675,-0.1420255790425747,-0.7091203195728698,0.2347922374627757,0.6140652999449734,-1.1516974273079077,-0.10388968552193588,0
0.8820270268626367,0.6280320030710668,1.0595359931482098,0.6351961699225247,-0.686154186090706,-0.6136695615629019,-0.9097816785925635,-0.9798698523458265,-0.6653319973266479,-0.77803678980547,-0.7841717752726938,-1.2006119165891238,-1.1260760358317783,0.03548669833018811,-0.3115503651890234,-0.08125615553000123,-0.47817901236586074,-1.1347263067697735,-0.10029165738847358,-0.6992745048077932,-1.0622519129559749,-1.159954921544003,1.237008580277433,1.3530709935942236,-0.10257164530897875,-1.0361306959802343,0
0.8820270268626367,0.6280320030710668,-1.0688578788408853,-0.5317452075923682,1.0494830537693587,1.6295414709068945,1.0991648035240769,-0.9798698523458265,1.5030090301053793,-0.77803678980547,-0.7841717752726938,-1.300165157374976,-1.135995585116071,1.4706068125693863,0.5161331836043145,0.3032836514707314,-0.7930384920400783,0.08387756303484165,1.6296667574486534,1.6237898298281448,1.2372937152489076,0.45781896784964965,-0.8709741333917731,-1.126625836280986,0.3577590549558573,1.2846587668975304,1
-0.8130941863973514,0.6280320030710668,0.5248163504317366,0.3463492943000267,-0.2522448761256893,-0.6136695615629019,-0.9097816785925635,-0.9798698523458265,-0.6653319973266479,-0.77803678980547,1.2752307995939438,1.8764882531554037,0.3519368075278648,-1.2815932333525395,-1.0662030126182434,-0.29108299899365253,1.6628654494188193,1.3024814328394567,-0.41852999680236247,-1.071367060571991,0.11302606561191537,-0.2869299050197918,-1.7474511564437059,-1.9531914462393898,0.8287951203431323,0.20031527578550906,0
0.8820270268626367,-1.4692847479255242,-1.0688578788408853,-1.1209928338622634,-0.2522448761256893,-0.6136695615629019,1.0991648035240769,-0.9798698523458265,-0.6653319973266479,-0.77803678980547,1.2752307995939438,-0.08742567871095666,0.5800864410666017,-0.4118234671469648,0.7327915243178645,-1.3162370056303492,-0.7930384920400783,1.2263186909766683,-1.052539711758714,-1.1618760606227418,-0.08489401063996906,0.16265929749838257,-2.1616512686032694,-2.0337465692438106,0.20788394324172468,-0.5601971274831029,0
0.8820270268626367,0.6280320030710668,0.5248163504317366,0.05750241867752872,-0.9031088410732144,1.6295414709068945,1.0991648035240769,1.0205436952733893,1.5030090301053793,1.2852862655119774,-0.7841717752726938,-1.8069816559211334,-0.8334493319451375,2.5236494937968508,-0.550117976311809,-0.6593505201747549,-0.7930384920400783,-0.2969361462791006,0.8797097405353037,1.855090607735619,1.1067072731858085,1.0282119173048403,-0.11283999952828659,0.1552513384850123,-1.1945188877976605,0.9215754259821928,1
0.8820270268626367,0.6280320030710668,1.5942556358646813,2.385608236194863,1.266437708751867,1.6295414709068945,1.0991648035240769,1.0205436952733893,1.5030090301053793,-0.77803678980547,-0.7841717752726938,-1.4042435454692763,-0.9177655008616272,0.1411015985122936,-0.7351295931009082,-0.37158799199603315,-0.47817901236586074,0.08387756303484165,0.20006119395758007,0.9701137183504995,1.027131160053608,0.8874817791204809,2.1911481243592847,1.5141812396030658,0.9893755971797031,1.667368234348831,1
0.8820270268626367,0.6280320030710668,-0.5446229350012067,-0.5317452075923682,-0.03529022114318089,-0.6136695615629019,-0.9097816785925635,1.0205436952733893,1.5030090301053793,1.2852862655119774,-0.7841717752726938,1.1841407149628849,0.9371902153011461,0.5387106344919848,0.22157521476903833,-0.8434842807653061,-0.5411509083007043,-0.5254243718674659,1.908433674919734,0.5879646070251073,1.0842627284562136,0.9148805670855779,1.2037246426931834,1.2339895074137766,-0.7663042829001384,1.1129301597078438,1
0.8820270268626367,0.6280320030710668,1.0595359931482098,1.8136914224623153,1.266437708751867,-0.6136695615629019,-0.9097816785925635,-0.9798698523458265,-0.6653319973266479,1.2852862655119774,-0.7841717752726938,2.1027456185777953,0.5056898214344049,-0.07634084303910019,-1.044293742209008,-0.6216673319608745,-0.7930384920400783,-0.5254243718674659,-0.5906007268342905,-0.568539282512264,-0.8908572077481576,0.19005808546347927,-1.8694922609192919,-2.3069335081283673,2.0170906489337557,-0.8447759622545834,0
0.8820270268626367,-1.4692847479255242,-0.8067404069210461,-1.1209928338622634,-0.686154186090706,-0.6136695615629019,1.0991648035240769,1.0205436952733893,-0.6653319973266479,-0.77803678980547,1.2752307995939438,-1.087483233877928,-1.0070414444202633,1.924129619233722,0.17288794719295958,0.8197146172200445,0.12005399901515294,-1.1347263067697735,0.007638011986391754,-0.5785958380734586,-1.2724144681512748,-0.5434821923293317,0.5972173356023941,0.48447662380742745,0.5825717225270566,-0.7711779877447177,0
-0.8130941863973514,-1.4692847479255242,0.7869338223515759,0.6351961699225247,-0.2522448761256893,-0.6136695615629019,-0.9097816785925635,-0.9798698523458265,-0.6653319973266479,-0.77803678980547,-0.7841717752726938,0.13883168671143503,-0.25315569881400257,1.2158885238948964,-0.6182801509183193,-0.6319445651101148,-1.4227574513885135,-1.4393772742209272,-0.8268125175232814,-0.39757783797195706,-1.290778186566398,-0.47000362460475464,0.005502889660160705,0.354887947669881,-0.6485452665533197,-0.9478131265683958,0
-0.8130941863973514,0.6280320030710668,2.11849057970436,0.6351961699225247,-2.421791425950771,1.6295414709068945,1.0991648035240769,1.0205436952733893,1.5030090301053793,1.2852862655119774,-0.7841717752726938,-1.0467569081018973,-0.9971218951359705,-1.0206623034908673,1.2050580198058278,-0.8957268826072764,-0.8560103879749219,0.08387756303484165,0.9407670963530843,1.5735070520221717,1.1638388415884147,0.5300521361212674,2.498099993191819,2.442316352480087,-0.8840632992469564,1.5054526904271275,1
0.8820270268626367,-1.4692847479255242,-0.27202076420457444,-0.5317452075923682,-0.686154186090706,-0.6136695615629019,1.0991648035240769,-0.9798698523458265,1.5030090301053793,-0.77803678980547,-0.7841717752726938,-0.8612258684555363,-1.0268805429888492,-0.3807602612110515,0.043866688116350964,-1.3967419986327296,-0.10034763675679959,-0.6015871137302543,0.4886959669143628,-1.3026678384794652,-0.8337256393455519,-0.9395192183702721,-0.04997033964692367,-0.19849072340396523,0.7966790249758177,-0.7564583928427447,0
-0.8130941863973514,-1.4692847479255242,-2.1487818631506217,-2.2821572738647085,0.8325283987868527,-0.6136695615629019,-0.9097816785925635,-0.9798698523458265,-0.6653319973266479,-0.77803678980547,-0.7841717752726938,2.292801805532604,-0.4217880366469819,-0.9523232504318577,-0.8252010381166537,-1.5560391124459505,-0.7930384920400783,-0.5254243718674659,-1.1740376824264198,-0.9909146160824347,-0.905140099848809,-0.39029805961538294,-1.1964170786600008,-1.9531914462393898,2.830698398239049,-0.7466453295747625,0
-0.8130941863973514,0.6280320030710668,-1.3414600496375193,-1.1209928338622634,0.3986190888218359,1.6295414709068945,1.0991648035240769,-0.9798698523458265,1.5030090301053793,1.2852862655119774,-0.7841717752726938,0.3243627263577963,0.08410897685195634,1.271802294579541,1.1953205662906123,-0.11722647155234131,0.15153994698257475,0.08387756303484165,-0.659058974266348,-0.9808580605212401,-0.6562096946660267,0.8115124124899864,1.1260621216632645,0.8697402555677002,0.7966790249758177,-0.44244036826731825,0
-0.8130941863973514,-1.4692847479255242,0.2626988785118972,-0.24289833196987018,-0.9031088410732144,-0.6136695615629019,-0.9097816785925635,-0.9798698523458265,-0.6653319973266479,-0.77803678980547,1.2752307995939438,-0.9969802877089712,-0.3424316423726387,-0.7224555265060987,-0.1849634694912188,-1.9756927993732534,-0.7930384920400783,0.08387756303484165,-0.7534203423483732,-0.48808683802270797,-0.701098784125217,-1.1512371253732905,-0.49745438939073744,-0.6187783216878991,0.7110361039963136,-0.5847297856530581,0
-0.8130941863973514,-1.4692847479255242,0.5248163504317366,0.05750241867752872,-0.9031088410732144,1.6295414709068945,1.0991648035240769,1.0205436952733893,-0.6653319973266479,1.2852862655119774,-0.7841717752726938,0.8900061399137755,1.2149375952613477,0.25914178106876445,0.9518842284102188,0.1345657406040401,-0.7930384920400783,0.08387756303484165,0.6138943833892067,1.0405096072788615,1.200566278418661,1.1789052511128713,0.8006191763950368,0.5930509200307769,-0.10257164530897875,1.4024155261133144,1
-0.8130941863973514,0.6280320030710668,0.5248163504317366,0.9355969205699219,0.8325283987868527,1.6295414709068945,1.0991648035240769,1.0205436952733893,1.5030090301053793,1.2852862655119774,-0.7841717752726938,0.007602414766447829,1.8944267212354118,0.9735955175947723,-0.778948133919379,-0.9214199654803765,-0.6670947001703911,-1.0585635649069849,2.0046452659053284,0.9801702739116943,0.7965644732859487,1.114144479559007,0.5232530298596149,0.6946204229493944,-0.9804115853488995,0.8430709198383364,1
-0.8130941863973514,0.6280320030710668,-1.0688578788408853,-0.5317452075923682,1.0494830537693587,1.6295414709068945,1.0991648035240769,1.0205436952733893,-0.6653319973266479,-0.77803678980547,1.2752307995939438,-0.49468893647126166,-0.8284895573029911,1.464394171382204,0.5136988202255106,1.4397743505575287,-0.7300665961052347,-0.9824008230441965,0.7594452518033107,0.25609827350568765,0.7679986890846457,0.16888629476317724,1.8139301650711115,2.053550324067447,-1.676260318307373,1.47601350062318,1
0.8820270268626367,0.6280320030710668,0.2626988785118972,0.3463492943000267,0.1816644338393275,1.6295414709068945,-0.9097816785925635,1.0205436952733893,1.5030090301053793,-0.77803678980547,1.2752307995939438,-1.4449698712453067,-0.8731275290823092,-0.48637516139315684,2.226273457214079,1.5819427424553492,-0.7930384920400783,-0.5254243718674659,1.1109876034814437,1.6640160520729224,1.1169093389719884,1.4653471252934256,-0.2755614721623999,-0.13194518700900934,-1.1088759668181556,1.637929044544885,1
-0.8130941863973514,0.6280320030710668,-0.27202076420457444,0.3463492943000267,1.266437708751867,-0.6136695615629019,-0.9097816785925635,1.0205436952733893,-0.6653319973266479,1.2852862655119774,-0.7841717752726938,-1.1960867692806758,-1.1756737822532428,1.464394171382204,-0.21661019341566992,1.2881851616062374,2.0406968250278803,0.08387756303484165,-1.2788836469620033,-0.8702359493481002,-0.6154014315213083,-1.4775317820485308,-1.2038135092342792,-0.8429317074393309,-0.5843130758186912,-0.7172061397708165,0
0.8820270268626367,0.6280320030710668,-0.5446229350012067,-1.4098397094847614,-1.7709274610032455,-0.6136695615629019,-0.9097816785925635,-0.9798698523458265,-0.6653319973266479,-0.77803678980547,1.2752307995939438,-0.8204995426795056,-0.23827637488756306,1.905491695672174,-0.7205234128280845,1.4791704109629489,-0.47817901236586074,-1.1347263067697735,-0.8039931017125957,-0.18639017118687187,-1.13978761293094,-1.2807586684810195,-0.5825133409949339,-0.874453277310626,1.2463043601182162,-0.574916722385076,0
-0.8130941863973514,0.6280320030710668,-0.5446229350012067,-1.1209928338622634,-1.3370181510382313,-0.6136695615629019,-0.9097816785925635,-0.9798698523458265,-0.6653319973266479,-0.77803678980547,-0.7841717752726938,1.3379957234501112,0.5056898214344049,-1.2194668214807127,-0.7351295931009082,1.8577151652932908,1.2220621778749143,-0.5254243718674659,-0.40557843647737857,-1.3931768385302161,-0.8949380340626295,-1.0615683647602474,0.1756207928685526,-0.19498832675159933,1.27842045548553,-0.38846852029341633,0
0.8820270268626367,-1.4692847479255242,-0.5446229350012067,-0.8321459582397654,-0.686154186090706,-0.6136695615629019,-0.9097816785925635,1.0205436952733893,1.5030090301053793,-0.77803678980547,-0.7841717752726938,-0.01502332177579126,-0.45154668449986063,-0.27514536102894577,-0.9712628408448898,-0.972806131226577,-0.16331953269164318,-0.44926163000467745,0.8840269273102983,1.1310186073296122,0.9026659574622166,0.6384018885286948,-0.4493775906579316,-0.5172088187692822,-0.3059735826353016,1.3190044883354672,1
-0.8130941863973514,0.6280320030710668,1.5942556358646813,1.22444379619242,-0.686154186090706,1.6295414709068945,1.0991648035240769,-0.9798698523458265,-0.6653319973266479,1.2852862655119774,-0.7841717752726938,-0.3544093699093788,2.48463990365084,-1.2381047450422609,2.226273457214079,-0.530028669713484,2.355556304702098,0.845504981662726,1.7036756735914185,2.207070052377428,1.5576385809349471,1.6272490541780869,0.8634888362763986,0.9502953785721203,-1.130286697063032,1.667368234348831,1
-0.8130941863973514,-1.4692847479255242,-0.009903292284735086,-0.5317452075923682,-1.1200634960557228,-0.6136695615629019,-0.9097816785925635,-0.9798698523458265,1.5030090301053793,1.2852862655119774,-0.7841717752726938,0.16598257056212226,-1.111196711905339,-1.2132541802935302,-0.8008574043286144,-1.2314498321491185,1.5998935534839758,0.6931794979371492,-0.5252261842415149,-0.7193876159301823,-0.27465243426290964,-0.16612615808277517,-1.7918297398893728,-1.687009300659565,0.1436517525070962,-0.38846852029341633,0
-0.8130941863973514,0.6280320030710668,-0.27202076420457444,-0.24289833196987018,-0.03529022114318089,1.6295414709068945,-0.9097816785925635,1.0205436952733893,-0.6653319973266479,-0.77803678980547,1.2752307995939438,-0.21412980334749612,0.30233906110640024,-0.7721566560035601,-0.6061083340242995,-0.3159196457709826,2.355556304702098,1.2263186909766683,-0.8194116259090052,0.04491060672060242,-0.021641202765655412,-1.2097708996623604,-0.23118288871673284,-0.41914171250303095,0.304232229343667,0.715501097354568,0
-0.8130941863973514,0.6280320030710668,0.2626988785118972,0.05750241867752872,-0.4691995311081977,1.6295414709068945,-0.9097816785925635,1.0205436952733893,1.5030090301053793,1.2852862655119774,1.2752307995939438,0.8447546668292973,2.48463990365084,-0.20059366678275384,2.226273457214079,-1.2579993511179888,-0.35223522049617356,0.08387756303484165,1.9022662652411706,2.7098978304371544,1.3984863546705453,2.216322995427662,-0.778518751213299,-0.4051321258935663,-1.5370905717156778,1.1914346658517003,1
-0.8130941863973514,0.6280320030710668,1.8563731077845207,0.9355969205699219,-1.5539728060207396,-0.6136695615629019,-0.9097816785925635,1.0205436952733893,1.5030090301053793,1.2852862655119774,-0.7841717752726938,-0.38608540106851374,0.6941612578359698,0.15973952207384148,2.226273457214079,-0.13264232127620137,0.2774837388522616,-0.5254243718674659,2.4271128288869446,1.2818669407475303,0.9781612442799458,1.7355988065855137,0.7673352388107859,0.7821803392585474,-0.744893552655262,1.3190044883354672,1
-0.8130941863973514,0.6280320030710668,-2.1487818631506217,-2.2821572738647085,-0.686154186090706,-0.6136695615629019,-0.9097816785925635,-0.9798698523458265,-0.6653319973266479,-0.77803678980547,-0.7841717752726938,0.9307324656898059,0.9173511167325603,2.5236494937968508,1.6821932420513994,-0.1009541857327114,-0.9819541798446089,0.08387756303484165,-0.6257549620021039,0.32649416243404966,-0.5807144078482978,0.3581870116129351,-0.7711223206390205,-0.9059748471819208,0.7645629296085038,-0.5356644693131477,0
0.8820270268626367,-1.4692847479255242,0.2626988785118972,-0.5317452075923682,-1.5539728060207396,-0.6136695615629019,-0.9097816785925635,-0.9798698523458265,-0.6653319973266479,-0.77803678980547,-0.7841717752726938,1.0981629161023758,-0.2779545720247347,-0.6354785498855411,-0.33832836235586666,-0.4169791050718432,2.0406968250278803,0.6931794979371492,-0.1786177603062332,-0.7696703937361548,-0.3501477210806385,-0.5497091895941264,-0.9745241614316632,-0.8534388973964291,-0.09186628018654054,-0.27561829271162247,0
-0.8130941863973514,0.6280320030710668,-0.009903292284735086,0.9355969205699219,1.7003470187168839,-0.6136695615629019,-0.9097816785925635,1.0205436952733893,-0.6653319973266479,-0.77803678980547,1.2752307995939438,1.4194483750021725,-0.630098571617133,0.9301070292844934,-0.04620475689939444,0.3195559372903613,-0.7930384920400783,0.08387756303484165,0.25926832687179197,-0.32718194904359527,-0.7174220893831044,-0.152426764100227,-0.3791115002022912,-0.6187783216878991,0.9893755971797031,-0.4522534315352998,0
0.8820270268626367,0.6280320030710668,-0.009903292284735086,-0.5317452075923682,-1.1200634960557228,1.6295414709068945,1.0991648035240769,1.0205436952733893,1.5030090301053793,1.2852862655119774,-0.7841717752726938,-0.9472036673160451,-1.2103922047482678,-0.5360762908906184,-0.28964109477978806,-1.44984103657047,-0.7930384920400783,-0.5254243718674659,0.44244039432513477,-0.6489917270018204,-0.803119441987013,0.4204569842608817,0.16452614700713528,0.3198639811462199,-0.1668038360436072,-0.7564583928427447,0
0.8820270268626367,-1.4692847479255242,-0.27202076420457444,0.05750241867752872,0.6155737438043443,-0.6136695615629019,1.0991648035240769,1.0205436952733893,-0.6653319973266479,-0.77803678980547,-0.7841717752726938,-1.3092154519918717,-0.783851585523673,0.47037158143297536,-0.9615253873296742,-1.0884250041555277,-0.7930384920400783,0.08387756303484165,-1.6051396189580247,-0.23667294899284458,-0.37871350528194153,-1.4600961897071056,0.009201104947299452,-0.09692122048534817,0.6896253737514371,-0.8398694306205926,0
0.8820270268626367,0.6280320030710668,-0.5446229350012067,-1.1209928338622634,-1.3370181510382313,-0.6136695615629019,1.0991648035240769,1.0205436952733893,1.5030090301053793,1.2852862655119774,-0.7841717752726938,0.5687206810139793,2.325927115102153,-0.020427072354456177,0.7084478905298254,0.5593580441059629,-0.7867413024465939,-1.1347263067697735,1.6919575952021475,1.1712448295743905,0.7537157969839946,1.7866601841568301,0.32724761964124965,1.0133385183147108,-2.511278797857541,0.8234447933023719,1
-0.8130941863973514,0.6280320030710668,-0.27202076420457444,0.05750241867752872,0.6155737438043443,-0.6136695615629019,-0.9097816785925635,1.0205436952733893,-0.6653319973266479,-0.77803678980547,1.2752307995939438,-1.132734706962406,0.3618563568121577,-0.6354785498855411,-0.4843901650841028,0.07375877780436965,-0.7930384920400783,-0.5254243718674659,-0.11015951287417579,-0.6992745048077932,-0.7215029156975762,-1.0715315603839188,0.15712971643285778,-0.05139006400458876,0.7431521993636274,-0.2854313559796047,0
0.8820270268626367,0.6280320030710668,0.5248163504317366,-0.24289833196987018,-1.3370181510382313,-0.6136695615629019,-0.9097816785925635,1.0205436952733893,1.5030090301053793,1.2852862655119774,1.2752307995939438,1.2339173353558108,0.34201725824357193,1.7812388719285204,-0.6061083340242995,1.3241554776285778,2.355556304702098,0.6931794979371492,-0.12434455513487218,-0.3171253934824007,-0.3317840026655153,-1.086476353819426,-0.856181272243217,-1.2316977358519696,1.4282955671996627,-0.32959014068552367,0
0.8820270268626367,-1.4692847479255242,-1.6035775215573584,-1.7102404601321604,-0.2522448761256893,-0.6136695615629019,1.0991648035240769,1.0205436952733893,-0.6653319973266479,-0.77803678980547,-0.7841717752726938,0.2926866951986613,0.02459168114619885,-0.8715589149984829,-0.5574210664482209,-0.6987465805801751,-0.7930384920400783,2.3306784479871006,-0.8002926559054574,-1.071367060571991,1.229132062619964,-1.1151205412374816,0.8708852668506771,0.9327833953102898,-0.49867015483918703,0.38676347787716864,0
-0.8130941863973514,0.6280320030710668,-0.5446229350012067,-0.5317452075923682,-0.03529022114318089,-0.6136695615629019,1.0991648035240769,1.0205436952733893,-0.6653319973266479,-0.77803678980547,1.2752307995939438,-0.18245377218836117,-0.6251387969749865,2.017319237041462,-0.4283998073716123,-0.829781303232986,0.21451184291741798,0.08387756303484165,-0.4481335632594682,-0.266842615676428,-0.6929371314962733,-0.8535866561161058,0.6563887801966172,0.18327051170394112,1.364063376465035,-0.06463743245000765,0
0.8820270268626367,0.6280320030710668,-0.5446229350012067,-1.1209928338622634,-1.3370181510382313,-0.6136695615629019,-0.9097816785925635,1.0205436952733893,1.5030090301053793,-0.77803678980547,1.2752307995939438,-1.3906681035439328,-1.1508749090425106,0.05412462189173602,-0.3553689060074943,-0.7270089717405853,2.355556304702098,-0.6015871137302543,-0.6584422332984915,-0.3875212824107625,-0.7500686998988791,-1.0428873729658634,-1.425706426462617,-1.1826641827188442,-0.18821456628848288,-0.7368322663067809,0
-0.8130941863973514,-1.4692847479255242,-0.009903292284735086,0.05750241867752872,-0.03529022114318089,-0.6136695615629019,-0.9097816785925635,1.0205436952733893,-0.6653319973266479,1.2852862655119774,-0.7841717752726938,1.030285706475658,-0.08948313562316956,1.464394171382204,-0.5087337988721422,1.2573534621585172,-0.7930384920400783,-0.2969361462791006,-0.7632881978340752,-1.0009711716436294,-0.49705746840162496,-0.7066295206669517,0.3605315572255005,0.029165058999832315,1.2677150903630918,-0.7024865448688435,0
0.8820270268626367,0.6280320030710668,-0.5446229350012067,-1.1209928338622634,-1.3370181510382313,1.6295414709068945,-0.9097816785925635,1.0205436952733893,-0.6653319973266479,-0.77803678980547,-0.7841717752726938,0.8583301087546406,1.0363857081440753,-0.6416911910727238,0.6621949863325505,-0.7458505658475255,-1.6746450351278876,-0.06844792069073524,-0.6880457997555974,-1.0110277272048236,-0.7623111788422946,0.058045743449832564,0.2976618973441386,-0.8359269141345985,2.836051080800266,-0.38846852029341633,0
-0.8130941863973514,0.6280320030710668,1.0595359931482098,-0.24289833196987018,-2.2048367709682624,-0.6136695615629019,1.0991648035240769,-0.9798698523458265,-0.6653319973266479,-0.77803678980547,-0.7841717752726938,0.007602414766447829,-0.35731096629907805,-0.34969705527513795,-0.14357929205155193,0.2459024330541409,2.355556304702098,-0.06844792069073524,-1.1290155917729046,0.3164376068728549,-0.7847557235718898,-0.02290522099249801,1.1112692605147094,1.2164775241519459,-0.41302723385968215,-0.20692684983574755,0
-0.8130941863973514,0.6280320030710668,1.8563731077845207,1.8136914224623153,-0.03529022114318089,-0.6136695615629019,-0.9097816785925635,-0.9798698523458265,-0.6653319973266479,-0.77803678980547,-0.7841717752726938,0.8492798141377451,0.33705748360142535,-0.19438102559557102,-0.6767048720096137,-1.2091824936590985,-0.6670947001703911,-0.5254243718674659,-0.4869882442344199,-0.46797372690031885,-0.8928976209053936,-0.6904393277784858,0.7858263152464807,0.8907546354818967,-0.1668038360436072,-0.653421228528933,0
0.8820270268626367,0.6280320030710668,1.0595359931482098,1.22444379619242,0.1816644338393275,1.6295414709068945,1.0991648035240769,1.0205436952733893,1.5030090301053793,1.2852862655119774,-0.7841717752726938,-0.7661977749781318,-0.9276850501459201,-0.032852354728821545,-0.6596643283579862,0.587620435266373,-0.35223522049617356,0.845504981662726,1.2830583335133718,0.35666382911763306,1.4678604020165664,0.9559787490332221,0.2791708209084438,0.17976811505157522,-0.3809111384923683,1.4711069689891894,1
2.5771482401226247,0.6280320030710668,2.1289752785811515,2.385608236194863,1.9173016736993922,1.6295414709068945,1.0991648035240769,-0.9798698523458265,1.5030090301053793,1.2852862655119774,-0.7841717752726938,0.2700609586564222,-0.3176327691619064,-0.45531195545724357,-0.3578032693862982,-1.3779004045257897,1.0961183860052277,-0.6015871137302543,1.2220009776955907,0.678473607075858,0.9128680232483962,1.2087948379838853,-1.2555885232542239,-0.8044053442633038,-1.6334388578176202,1.0589583117339412,1
0.8820270268626367,0.6280320030710668,0.5248163504317366,-0.5317452075923682,-1.987882115985754,1.6295414709068945,1.0991648035240769,1.0205436952733893,-0.6653319973266479,1.2852862655119774,-0.7841717752726938,-0.5218398203219488,-0.7144147405336226,-0.10119140778783092,0.14124122326850844,-1.4909499691674304,-0.7930384920400783,0.08387756303484165,0.7168901250212211,1.1109054962072231,1.3311527204817601,0.9945861320749493,0.26067974447274905,0.3093567911891216,-0.7127774572879482,1.2208738556556462,1
0.8820270268626367,-1.4692847479255242,0.2626988785118972,-0.5317452075923682,-1.5539728060207396,-0.6136695615629019,-0.9097816785925635,-0.9798698523458265,-0.6653319973266479,-0.77803678980547,-0.7841717752726938,0.6999499529589666,-0.23331660024541673,0.9922334411563205,-0.7375639564797121,-0.11465716326503149,-0.7300665961052347,2.3306784479871006,-1.1302490737086173,-1.021084282766018,0.6578163785939062,0.3768680034073191,0.61201019675095,0.4074238974553728,0.5397502620373045,-0.010665584476105744,0
-0.8130941863973514,0.6280320030710668,0.2626988785118972,-0.5317452075923682,-1.5539728060207396,-0.6136695615629019,-0.9097816785925635,1.0205436952733893,1.5030090301053793,-0.77803678980547,-0.7841717752726938,-0.7842983642119231,-0.49618465627917874,-0.14467989609810955,-0.8738883056927325,-1.1843458468817682,2.355556304702098,-0.5254243718674659,0.8476392102067721,0.38683349580121645,0.9108276100911604,0.6471196846994072,0.367927987799778,0.6140652999449734,-1.1945188877976605,0.8774166412762731,1
-0.8130941863973514,0.6280320030710668,1.5942556358646813,1.8136914224623153,0.3986190888218359,1.6295414709068945,1.0991648035240769,1.0205436952733893,1.5030090301053793,1.2852862655119774,-0.7841717752726938,0.953358202232045,-0.21843727631897725,0.9860207999691379,-0.5574210664482209,-1.139811169901728,-0.7930384920400783,2.3306784479871006,0.8359211318175012,0.8192653849325816,2.2819852517536994,0.9323161594270026,-0.7341401677676309,-0.6152759250355333,-1.1945188877976605,2.1776475242839,1
-0.8130941863973514,-1.4692847479255242,0.2626988785118972,-0.24289833196987018,-0.9031088410732144,-0.6136695615629019,-0.9097816785925635,-0.9798698523458265,-0.6653319973266479,-0.77803678980547,-0.7841717752726938,-0.06932508947716531,-0.9673632472830918,-0.7224555265060987,-0.6596643283579862,-0.672197061611305,0.15153994698257475,-0.6015871137302543,-1.7303380354328683,-0.48808683802270797,-0.9030996866915731,-1.2097708996623604,1.0964763993661535,1.1989655408901154,-0.12398237555385516,-0.8153367724506374,0
0.8820270268626367,0.6280320030710668,-0.5446229350012067,-0.5317452075923682,-0.03529022114318089,1.6295414709068945,-0.9097816785925635,1.0205436952733893,1.5030090301053793,-0.77803678980547,-0.7841717752726938,0.6682739217998316,1.4430872288000847,0.22807857513285087,0.07551341204080231,0.10544691334785994,-0.16331953269164318,0.08387756303484165,1.848609801037666,0.6181342737086912,1.12099016528646,1.3345801827327377,0.61201019675095,0.501988607069258,-0.22033066165579748,1.0491452484659596,1
0.8820270268626367,-4.615259874420411,-0.5446229350012067,-0.5317452075923682,-0.03529022114318089,-0.6136695615629019,1.0991648035240769,1.0205436952733893,-0.6653319973266479,-0.77803678980547,-0.7841717752726938,1.808611043528686,0.21802289218991058,-0.5795647792008971,-0.9858690211177135,0.4454520433685523,-0.8560103879749219,-0.6015871137302543,-0.5258429252093714,-1.5339686163869395,-0.8174023340876645,-1.0951941499901385,-0.3347329167566241,-0.5102040254645498,1.021491692547017,-0.9870653796403239,0
0.8820270268626367,0.6280320030710668,1.0595359931482098,0.6351961699225247,-0.686154186090706,1.6295414709068945,1.0991648035240769,1.0205436952733893,-0.6653319973266479,1.2852862655119774,-0.7841717752726938,0.19765860172125682,2.0630590590683915,0.5635611992407155,-0.3505001792498864,-0.6045386100454745,-1.6116731391930441,-0.6015871137302543,0.5972423772570844,0.5477383847803292,0.9802016574371817,1.1178806779178831,0.5898209050281155,0.8697402555677002,-1.4942691112259259,1.2404999821916107,1
0.8820270268626367,0.6280320030710668,1.8563731077845207,1.22444379619242,-1.1200634960557228,1.6295414709068945,1.0991648035240769,1.0205436952733893,1.5030090301053793,1.2852862655119774,-0.7841717752726938,0.5370446498548443,0.05931010364122394,1.0170840059050512,-0.3042472750526117,-0.47007814300958367,-0.16331953269164318,0.08387756303484165,0.41962097851444913,0.2762113846280767,1.1781217336890661,2.4579304893016944,1.2111210732674609,0.7576635626919839,0.7538575644860656,1.014799527028023,1
0.8820270268626367,0.6280320030710668,-1.3414600496375193,-1.1209928338622634,0.3986190888218359,-0.6136695615629019,1.0991648035240769,-0.9798698523458265,-0.6653319973266479,-0.77803678980547,-0.7841717752726938,-0.5625661460979792,-1.1508749090425106,-0.8591336326241176,-0.07054839068743392,-0.5480138277246541,-0.47817901236586074,0.845504981662726,-1.65016170961154,0.3767769402400222,-0.3542285473951106,-1.2409058859863336,1.4847890045157441,0.9432905852673885,1.6745189650157377,-0.5945428489210404,0
-0.8130941863973514,-1.4692847479255242,0.5248163504317366,0.05750241867752872,-0.9031088410732144,-0.6136695615629019,1.0991648035240769,1.0205436952733893,-0.6653319973266479,-0.77803678980547,1.2752307995939438,-0.838600131913297,-1.2748692750961719,-1.6170758574604043,-0.11923565826351266,-0.29793448775981274,0.9701745941355406,-1.1347263067697735,-0.12372781416701592,0.18570238457732605,-1.2316062050065564,-0.16363535917685745,0.7895245305336195,1.1079032279285956,-0.616429171186005,-1.085196012320145,0
0.8820270268626367,-1.4692847479255242,-1.3414600496375193,-1.7102404601321604,-0.9031088410732144,-0.6136695615629019,-0.9097816785925635,-0.9798698523458265,-0.6653319973266479,-0.77803678980547,-0.7841717752726938,0.8176037829786101,0.9669488631540251,0.5262853521176196,0.05116977825276283,-0.7552713629009955,-0.7930384920400783,-0.6777498555930428,1.3761862196596841,1.120962051768418,0.9495954600786428,1.383150761398136,-1.9064744137906815,-1.7675644236639856,-0.46655405947187245,0.8038186667664075,1
0.8820270268626367,0.6280320030710668,1.0595359931482098,1.22444379619242,0.1816644338393275,-0.6136695615629019,-0.9097816785925635,1.0205436952733893,1.5030090301053793,1.2852862655119774,-0.7841717752726938,-1.8069816559211334,-1.0219207683467026,1.1226989060871566,0.44066791886139256,0.24675886914991102,-0.16331953269164318,-0.5254243718674659,0.4960968585286391,-0.3472950601659843,-0.8622914235468547,-0.9432554167291488,0.3161529737798334,0.8452234790011368,-1.2587510785322884,-0.9625327214703687,0
0.8820270268626367,0.6280320030710668,-0.27202076420457444,0.3463492943000267,1.266437708751867,-0.6136695615629019,1.0991648035240769,-0.9798698523458265,-0.6653319973266479,1.2852862655119774,1.2752307995939438,0.09358021362695684,1.145500750271297,0.060337263078918846,-0.774079407161771,-0.8109397091260458,-1.485729347323357,0.08387756303484165,-0.3765916109881291,-1.1015367272555745,-0.48889581577268143,-0.5995251677124837,-0.9745241614316632,-0.8954676572248226,0.02589273616027821,-0.23636603963969421,0
0.8820270268626367,-1.4692847479255242,0.2626988785118972,0.3463492943000267,0.1816644338393275,1.6295414709068945,1.0991648035240769,1.0205436952733893,1.5030090301053793,1.2852862655119774,-0.7841717752726938,-0.6168679137993532,-0.8136102333765517,0.010636133581457378,0.3213841132999997,0.48056592329512227,-0.7930384920400783,1.8356206258789758,1.6413848358379244,1.2617538296251412,1.9657212123821313,0.9646965452039352,-0.7822169665004378,-0.19498832675159933,-2.4791627024902265,1.8390968415385176,1
-0.8130941863973514,-1.4692847479255242,-1.0688578788408853,-1.1209928338622634,-0.2522448761256893,-0.6136695615629019,1.0991648035240769,-0.9798698523458265,-0.6653319973266479,-0.77803678980547,1.2752307995939438,0.29721184250710947,0.3221781596749861,0.749940434856196,-1.1173246435731259,0.5165362393174626,1.0331464900703842,0.6170167560743608,-1.8462853373898667,-0.8199531715421274,-0.40523887632600863,-1.0802493565546314,0.9485477878805951,1.0658744681002026,-0.2310360267782357,-0.6436081652609508,0
0.8820270268626367,0.6280320030710668,-0.009903292284735086,0.3463492943000267,0.6155737438043443,1.6295414709068945,1.0991648035240769,1.0205436952733893,-0.6653319973266479,1.2852862655119774,1.2752307995939438,-0.3046327495164525,-0.5259433041320574,-0.23786951390584996,-0.6596643283579862,-0.7955238594021858,-0.5411509083007043,0.08387756303484165,-0.40064450873452745,-0.5886523936346532,-0.7215029156975762,-0.5248012005349477,0.7858263152464807,0.8487258756535038,0.047303466405153864,-0.8349628989866018,0
0.8820270268626367,0.6280320030710668,-0.009903292284735086,-1.1209928338622634,-2.2048367709682624,1.6295414709068945,1.0991648035240769,1.0205436952733893,-0.6653319973266479,1.2852862655119774,-0.7841717752726938,2.358868956235942,-0.32259254380405294,2.5236494937968508,-0.7497357733737318,-1.286261742278399,0.21451184291741798,0.5408540142115723,2.0342488323624344,-0.46797372690031885,1.3046273494376925,-0.1212917777762537,-0.37171506962801365,0.2568208414036299,-2.4791627024902265,1.4073220577473065,1
0.8820270268626367,0.6280320030710668,0.7869338223515759,0.05750241867752872,-1.3370181510382313,-0.6136695615629019,-0.9097816785925635,-0.9798698523458265,-0.6653319973266479,-0.77803678980547,-0.7841717752726938,0.1478819813283309,0.06426987828337051,2.5236494937968508,-0.6815735987672216,0.37265497522810176,-0.10034763675679959,1.3024814328394567,-0.8897200962446316,-1.6948735053660522,-0.21139962638859597,-0.570880980294428,0.42340121710686235,0.29534720457965696,0.6360985481392468,-0.7270192030387987,0
2.5771482401226247,0.6280320030710668,0.5248163504317366,0.05750241867752872,-0.9031088410732144,-0.6136695615629019,-0.9097816785925635,1.0205436952733893,-0.6653319973266479,1.2852862655119774,-0.7841717752726938,1.2746436611318412,-0.3176327691619064,0.37718196362523526,-0.5014307087357304,-0.828924867137216,0.15153994698257475,1.9879461096045528,-1.1715707185549942,-0.6791613936854041,0.3272694471216868,-1.3131390542579515,0.7562405929493686,0.9713097584863178,-0.6485452665533197,-0.29524441924758693,0
-0.8130941863973514,-1.4692847479255242,-0.8067404069210461,-0.5317452075923682,0.3986190888218359,-0.6136695615629019,1.0991648035240769,1.0205436952733893,-0.6653319973266479,-0.77803678980547,1.2752307995939438,0.9488330549235973,0.5701668917823087,-0.7963859566335726,-0.7424326832373199,-0.019592756634560934,-0.7930384920400783,-0.5254243718674659,-0.6504246007163587,-0.10593772669731552,-0.8500489446034393,-0.645604947471964,0.4123065712454461,0.3303711711033181,0.6575092783841232,-1.1048221388561092,0
0.8820270268626367,-1.4692847479255242,-1.6035775215573584,-1.1209928338622634,1.0494830537693587,-0.6136695615629019,-0.9097816785925635,-0.9798698523458265,-0.6653319973266479,1.2852862655119774,-0.7841717752726938,-1.4811710497128896,-1.1062369372631924,0.8555553350383012,2.226273457214079,0.21592716970219059,2.0406968250278803,0.08387756303484165,0.12050160910410797,0.32649416243404966,-0.5521486236469947,0.30214403622978314,-0.13502929125112012,-0.6292855116449979,1.9100369977093752,-0.8594955571565571,0
-0.8130941863973514,0.6280320030710668,0.2626988785118972,0.3463492943000267,0.1816644338393275,-0.6136695615629019,1.0991648035240769,1.0205436952733893,-0.6653319973266479,1.2852862655119774,1.2752307995939438,-1.544523112031159,-1.200472655463975,2.5236494937968508,0.002482510676684086,-0.6524990314085949,0.7812589063310098,-0.9062380811814081,-0.2779130561311093,-0.4076343935331516,-0.6541692815087907,-0.3616538721973277,-0.4937561741035987,-0.6643094781686592,1.0429024227918933,-1.0066915061762884,0
-0.8130941863973514,0.6280320030710668,0.2626988785118972,0.9355969205699219,1.266437708751867,1.6295414709068945,-0.9097816785925635,-0.9798698523458265,1.5030090301053793,-0.77803678980547,-0.7841717752726938,-1.358992072384798,-0.5209835294899109,-0.542288932077801,0.2118377612538226,-0.13007301298889157,0.5293713225916359,-0.2969361462791006,-0.31430077323463507,0.014740940037019009,-0.8112810946159568,-0.00297882974515517,0.8967727738606495,0.9152714120484592,0.05800883152759207,-0.6141689754570048,0
0.8820270268626367,0.6280320030710668,-2.13829716427383,-1.9990873357546584,0.1816644338393275,1.6295414709068945,1.0991648035240769,1.0205436952733893,1.5030090301053793,1.2852862655119774,-0.7841717752726938,-1.245863389673602,-0.3325120930883458,2.5236494937968508,0.34329338370923507,-0.5677118579273643,0.7812589063310098,2.3306784479871006,1.2084326764027506,1.6640160520729224,2.488066980634527,0.9323161594270026,-0.13872750653825888,-0.2545290698418234,-0.4451433292269968,1.8636294997084728,1
0.8820270268626367,0.6280320030710668,0.2626988785118972,0.3463492943000267,0.1816644338393275,-0.6136695615629019,-0.9097816785925635,-0.9798698523458265,-0.6653319973266479,-0.77803678980547,-0.7841717752726938,-0.5580409987895314,0.17834469505273892,-0.7038176029445506,-0.9956064746329292,-0.3827216612410431,-0.47817901236586074,1.3024814328394567,-0.9865484281980821,-1.131706393939158,-0.07877277116826106,-1.2072801007564424,0.1090529177000509,0.42843827736956924,-0.8198311085123287,-0.3982815835613986,0
-0.8130941863973514,0.6280320030710668,0.5248163504317366,1.22444379619242,1.266437708751867,1.6295414709068945,1.0991648035240769,1.0205436952733893,-0.6653319973266479,1.2852862655119774,-0.7841717752726938,-0.41776143222764833,-0.3622707409412245,0.2715670634431298,-1.0175157450421646,0.18338259806293045,-0.35223522049617356,0.6170167560743608,0.9006789334424201,-0.4981433935839025,1.5025474256895774,0.9933407326219901,-0.1313310759639814,0.33387356775568405,-2.093769558082457,1.5888637282049747,1
0.8820270268626367,0.6280320030710668,-0.8067404069210461,-0.8321459582397654,-0.03529022114318089,-0.6136695615629019,1.0991648035240769,-0.9798698523458265,-0.6653319973266479,-0.77803678980547,-0.7841717752726938,-1.1779861800468845,-0.8780873037244555,-0.6044153439496278,-1.1173246435731259,1.2830465450316177,-0.6041228042355475,-1.0585635649069849,-1.339941002779784,-1.2121588384287145,-1.2234445523776125,-1.0291879789833152,0.17931900815569132,0.26382563470836173,0.13294638738465875,-0.9772523163723418,0
0.8820270268626367,0.6280320030710668,-0.009903292284735086,0.05750241867752872,-0.03529022114318089,1.6295414709068945,1.0991648035240769,1.0205436952733893,-0.6653319973266479,-0.77803678980547,1.2752307995939438,-0.4222865795360965,0.6247244128459196,1.464394171382204,2.226273457214079,1.2008286798376973,1.1590902819400712,-0.5254243718674659,1.580944220988,2.760180608243127,1.0067270284812484,1.9024823332820104,1.0373049547719302,0.5720365401165803,0.7110361039963136,1.2601261087275752,1
0.8820270268626367,-1.4692847479255242,0.5248163504317366,1.22444379619242,1.266437708751867,1.6295414709068945,1.0991648035240769,1.0205436952733893,1.5030090301053793,1.2852862655119774,-0.7841717752726938,-0.16887833026301755,-0.7094549658914762,-0.9150474033087617,-0.9712628408448898,2.5244506658502406,0.7812589063310098,-0.5254243718674659,-0.7262837397626927,-1.7652693942944138,-0.8316852261883159,-1.289476464651732,-0.6527794314505743,-0.07940923722351759,-1.2266349831649743,-0.9674392531043595,0
-0.8130941863973514,0.6280320030710668,0.5248163504317366,-0.24289833196987018,-1.3370181510382313,-0.6136695615629019,-0.9097816785925635,1.0205436952733893,1.5030090301053793,1.2852862655119774,-0.7841717752726938,-1.1689358854299887,-0.7292940644600621,0.4952221461817061,-0.8592821254199088,1.8842646842621613,1.5998935534839758,0.08387756303484165,0.8007668966496878,0.7790391626878035,1.2597382599785025,1.019494121134128,1.651208692436997,1.083386451362033,1.0107863274245787,1.0491452484659596,1
0.8820270268626367,0.6280320030710668,0.2626988785118972,0.9355969205699219,1.266437708751867,-0.6136695615629019,-0.9097816785925635,1.0205436952733893,-0.6653319973266479,-0.77803678980547,1.2752307995939438,0.012127562074895567,2.48463990365084,0.31505555175340844,-1.044293742209008,0.8359869030396744,-0.47817901236586074,0.08387756303484165,0.34252835753240246,0.8594916071773598,1.092424381085157,0.9273345616151673,0.10535470241291216,0.4319406740219357,-1.5799120322054299,1.2944718301655118,1
-0.8130941863973514,0.6280320030710668,1.0595359931482098,1.22444379619242,0.1816644338393275,1.6295414709068945,-0.9097816785925635,1.0205436952733893,1.5030090301053793,1.2852862655119774,-0.7841717752726938,-0.8702761630724319,-0.39202938879410315,0.886618540974215,-0.09245766109666931,0.6792590975137636,-0.7930384920400783,-0.9824008230441965,0.7323086492176304,0.8896612738609432,0.8414535627451392,0.4241931826197583,-0.09804713837973054,-0.20199312005633166,-0.2952682175128634,1.4318547159172617,1
-0.8130941863973514,0.6280320030710668,1.0595359931482098,1.22444379619242,0.1816644338393275,1.6295414709068945,-0.9097816785925635,-0.9798698523458265,1.5030090301053793,1.2852862655119774,-0.7841717752726938,-0.6259182084162489,1.2050180459770545,-0.5919900615752625,-0.9810002943601055,-0.8015189120725759,2.355556304702098,-0.5254243718674659,1.1708114773635119,1.462884940849032,1.0312119863680798,1.049383708005142,0.4640815852653917,0.45295505393613217,-0.49867015483918703,1.0540517800999505,1
0.8820270268626367,0.6280320030710668,0.5248163504317366,0.6351961699225247,0.1816644338393275,-0.6136695615629019,1.0991648035240769,1.0205436952733893,-0.6653319973266479,1.2852862655119774,-0.7841717752726938,-0.11457656256164349,0.46601162429723325,-0.9647485328062231,0.9762278621982581,-0.07269179457230106,-0.7930384920400783,-1.0585635649069849,0.03539135553992829,-0.05565494889134302,-1.1214238945158166,-0.40773365195680805,1.5217711573871335,1.6507747090453435,-0.24174139190067315,-0.9232804683984405,0
-0.8130941863973514,0.6280320030710668,0.2626988785118972,0.6351961699225247,0.6155737438043443,-0.6136695615629019,1.0991648035240769,1.0205436952733893,-0.6653319973266479,-0.77803678980547,-0.7841717752726938,-0.17792862487991343,-0.08452336098102299,2.3838650670852406,2.226273457214079,-0.9068605518522864,0.7812589063310098,-0.5254243718674659,1.516186419363081,1.0304530517176669,0.8557364548457906,1.8663657491462016,1.026210308910513,0.9923241384005143,-0.6271345363084433,1.2944718301655118,1
-0.8130941863973514,0.6280320030710668,-1.0688578788408853,-0.8321459582397654,0.3986190888218359,-0.6136695615629019,1.0991648035240769,1.0205436952733893,-0.6653319973266479,-0.77803678980547,1.2752307995939438,-1.1553604435046454,-1.2103922047482678,-1.1511277684217034,-0.43570289750802416,-0.7270089717405853,2.355556304702098,0.08387756303484165,-0.7114819565341398,-0.9607449493988511,-0.570512342062118,-0.04283161223984121,1.0003228019005408,0.7366491827777873,0.9037326762001981,-0.5896363172870496,0
-0.8130941863973514,0.6280320030710668,0.5248163504317366,0.9355969205699219,0.8325283987868527,-0.6136695615629019,1.0991648035240769,1.0205436952733893,-0.6653319973266479,1.2852862655119774,1.2752307995939438,-1.544523112031159,-1.200472655463975,2.5236494937968508,0.002482510676684086,-0.6524990314085949,0.7812589063310098,-0.9062380811814081,-1.505227582165292,-0.1260508378197046,-1.1091814155724011,-1.253359880515923,-1.144642064640055,-1.2877360822898276,1.107134613526521,-1.1342613286600554,0
0.8820270268626367,0.6280320030710668,0.2626988785118972,-0.24289833196987018,-0.9031088410732144,-0.6136695615629019,-0.9097816785925635,-0.9798698523458265,-0.6653319973266479,-0.77803678980547,-0.7841717752726938,-0.9698294038582842,-1.1657542329689499,-0.7038176029445506,-0.49656198197812257,0.25189748572453097,0.5293713225916359,-0.44926163000467745,0.23644891106110633,-0.7897835048585439,-0.8561701840751469,-0.1673715575357344,0.3605315572255005,-0.13194518700900934,1.695929695260614,-0.5601971274831029,0
0.8820270268626367,0.6280320030710668,2.11849057970436,1.8136914224623153,-0.4691995311081977,-0.6136695615629019,1.0991648035240769,1.0205436952733893,1.5030090301053793,1.2852862655119774,1.2752307995939438,-0.6983205653514141,-0.9624034726409453,-1.1884036155447995,-1.0686373759970471,-0.7055980693463352,-0.6041228042355475,0.08387756303484165,0.5380352443428725,0.336550717995244,1.1801621468463015,0.19005808546347927,0.7895245305336195,0.6911180262970285,-0.5521969804513773,1.6820878292508048,1
-0.8130941863973514,-1.4692847479255242,-0.5446229350012067,0.05750241867752872,1.0494830537693587,1.6295414709068945,-0.9097816785925635,-0.9798698523458265,-0.6653319973266479,-0.77803678980547,-0.7841717752726938,1.1343640945699585,-0.5854605998378148,-1.1884036155447995,-0.9225755732688111,0.3649470503661717,-0.7930384920400783,-0.9824008230441965,-0.361789827759576,-1.1920457273063254,-1.0908176971572778,-0.5584269857648387,-2.3761477552573287,-2.4190102010040833,1.235598994995778,-0.9478131265683958,0
-0.8130941863973514,-1.4692847479255242,0.2626988785118972,-0.5317452075923682,-1.5539728060207396,-0.6136695615629019,1.0991648035240769,-0.9798698523458265,-0.6653319973266479,-0.77803678980547,-0.7841717752726938,0.2067088963381527,0.17338492041059236,0.5076474285560715,-0.8495446719046931,2.5244506658502406,0.025596155112887577,-0.5254243718674659,-0.5363275216629297,-0.9506883938376566,-0.9806353866665382,-1.0565867669484117,-1.5107653780668122,-1.7955835968829146,1.4175902020772253,-0.7172061397708165,0
0.8820270268626367,0.6280320030710668,0.5248163504317366,1.22444379619242,1.266437708751867,-0.6136695615629019,-0.9097816785925635,-0.9798698523458265,-0.6653319973266479,-0.77803678980547,-0.7841717752726938,1.6095045619569814,-0.06468426241243738,-0.5298636497034357,-0.703482869176457,-0.534310850192334,-0.9189822839097653,0.08387756303484165,-1.1795883511371272,-1.0411973938884072,-0.6908967183390374,-0.6244331567716623,-0.2533721804395664,-0.023370890785659428,-0.25244675702311137,-0.9429065949344043,0
0.8820270268626367,0.6280320030710668,-0.8067404069210461,-0.5317452075923682,0.3986190888218359,1.6295414709068945,-0.9097816785925635,1.0205436952733893,1.5030090301053793,-0.77803678980547,-0.7841717752726938,-1.0693826446441366,-0.7987309094501123,-0.34969705527513795,2.071691382660029,0.4608678930924124,-0.2262914286264864,-0.9824008230441965,1.493367003552395,1.975769274469953,0.7761603417135896,1.0444021101933065,1.4625997127929105,1.5597123960838246,-0.8840632992469564,0.8185382616683812,1
0.8820270268626367,-1.4692847479255242,2.1289752785811515,2.385608236194863,1.4833923637343753,1.6295414709068945,1.0991648035240769,1.0205436952733893,1.5030090301053793,1.2852862655119774,-0.7841717752726938,-0.45396261069523103,0.8131958492474848,-0.6106279851368105,2.226273457214079,-0.2337017805770623,-0.03737574082195601,0.6931794979371492,2.2007688936836556,1.50311116309381,1.606608496708609,2.330899745099883,0.689672717780868,0.44595026063139986,-0.02763408945191206,1.5201722853290998,1
-2.5082153996573395,-1.4692847479255242,-1.6035775215573584,-2.2821572738647085,-1.7709274610032455,-0.6136695615629019,-0.9097816785925635,-0.9798698523458265,-0.6653319973266479,-0.77803678980547,-0.7841717752726938,-0.7480971857443404,-1.1955128808218285,0.47037158143297536,-0.3748438130379258,-1.44555885609162,-0.7930384920400783,-1.1347263067697735,-0.6831118720127466,0.7287563848818309,-0.9214634051066964,-0.6368871513012516,-0.8118026887975489,-0.48568724889798687,-0.6057238060635676,-0.5945428489210404,0
-0.8130941863973514,0.6280320030710668,1.0595359931482098,0.3463492943000267,-1.3370181510382313,-0.6136695615629019,-0.9097816785925635,-0.9798698523458265,-0.6653319973266479,-0.77803678980547,1.2752307995939438,-0.5037392310881573,-1.0169609937045563,-0.4118234671469648,-0.6711058362383646,-0.8563308222018561,0.7182870103961663,-1.2870517904953502,-0.8416143007518345,-0.9708015049600456,-1.115302655044109,-0.4500772333574118,-1.1779260022243059,-1.322760048813489,1.149956074016274,-1.178420113365975,0
-0.8130941863973514,0.6280320030710668,0.2626988785118972,0.3463492943000267,0.1816644338393275,1.6295414709068945,-0.9097816785925635,1.0205436952733893,1.5030090301053793,1.2852862655119774,-0.7841717752726938,-0.7028457126598621,-0.937604599430213,-1.175978333170434,0.0389979613587432,-0.02986998978380078,-0.35223522049617356,2.3306784479871006,0.5966256362892282,1.070679273962445,2.612532183225918,1.0107763249634154,-0.763725890064743,-0.6993334446923203,-1.1516974273079077,2.4720394223233626,1
-0.8130941863973514,0.6280320030710668,-0.5446229350012067,-0.5317452075923682,-0.03529022114318089,-0.6136695615629019,1.0991648035240769,1.0205436952733893,-0.6653319973266479,-0.77803678980547,1.2752307995939438,0.7814026045110274,0.287459737179961,-0.542288932077801,-0.36267199614390605,-0.8734595441172563,-0.7930384920400783,0.6170167560743608,1.184379778656352,1.50311116309381,1.3740013967837146,1.0468929090992243,1.5439604491099672,1.426621323293913,-0.9804115853488995,2.491665548859327,1
-0.8130941863973514,0.6280320030710668,-0.009903292284735086,0.3463492943000267,0.6155737438043443,-0.6136695615629019,1.0991648035240769,1.0205436952733893,-0.6653319973266479,-0.77803678980547,1.2752307995939438,2.7521042573400596,0.5056898214344049,-1.1262772036729727,-0.38701562993194544,0.6090313376606231,-0.47817901236586074,0.6931794979371492,-0.2723623874204017,-0.7495572826137659,-0.27465243426290964,-1.1338015330318656,0.03508861195727174,-0.09341882383298175,0.432696610812924,-0.09898315388794511,0
0.8820270268626367,0.6280320030710668,-1.0688578788408853,-0.24289833196987018,1.7003470187168839,-0.6136695615629019,1.0991648035240769,1.0205436952733893,-0.6653319973266479,-0.77803678980547,1.2752307995939438,0.03927844592558279,-0.7937711348079659,0.010636133581457378,2.226273457214079,2.470066973768845,-0.5411509083007043,0.845504981662726,-1.1536852304871594,-0.266842615676428,-0.32362235003657175,0.14522370515695782,-1.6586939895523705,-1.935679462977559,1.4282955671996627,-0.7073930765028342,0
-0.8130941863973514,0.6280320030710668,0.5248163504317366,0.6351961699225247,0.1816644338393275,-0.6136695615629019,1.0991648035240769,1.0205436952733893,-0.6653319973266479,-0.77803678980547,-0.7841717752726938,-0.5625661460979792,-0.5408226280584968,-0.7038176029445506,-0.6304519678123389,0.36409061427040157,-0.7930384920400783,-0.373098888141889,-0.6220545161949654,-0.9607449493988511,-0.7276241551692839,-0.52231040162903,-0.5936079868563512,-0.7974005509585714,1.107134613526521,-0.8938412785944938,0
-0.8130941863973514,0.6280320030710668,-0.009903292284735086,0.3463492943000267,0.6155737438043443,-0.6136695615629019,1.0991648035240769,1.0205436952733893,-0.6653319973266479,-0.77803678980547,-0.7841717752726938,0.49631832407881393,-0.25315569881400257,-0.790794579565108,-0.43813726088682803,0.4831352315824324,-0.7930384920400783,-0.44926163000467745,-0.6935964684663048,-0.4176909490943462,-0.7765940709429461,0.09540772703860052,0.382720848948334,0.2813376179701923,0.4541073410578004,-0.4522534315352998,0
0.8820270268626367,0.6280320030710668,-0.27202076420457444,0.05750241867752872,0.6155737438043443,-0.6136695615629019,1.0991648035240769,1.0205436952733893,-0.6653319973266479,1.2852862655119774,1.2752307995939438,-1.1417850015793019,-0.6102594730485471,0.6194749699253598,0.46501155264943184,-1.002781394578527,-0.7930384920400783,0.6931794979371492,-0.18910235675979165,-0.830009727103322,-0.5052191210305684,-0.08143899528156802,-0.748933028916187,-0.5417255953358451,-0.24174139190067315,-0.6092624438230133,0
-0.8130941863973514,-1.4692847479255242,-0.5446229350012067,0.05750241867752872,1.0494830537693587,-0.6136695615629019,-0.9097816785925635,1.0205436952733893,-0.6653319973266479,-0.77803678980547,1.2752307995939438,-0.16887833026301755,-0.6598572194700116,0.886618540974215,-0.4843901650841028,0.3169866290030515,0.025596155112887577,0.997830465388303,-0.7435524868626712,-0.5283130602674859,-0.27873326057738135,0.708144257894395,-0.07585784665689702,-0.17397394683740283,0.5718663574046183,-0.5896363172870496,0
0.8820270268626367,0.6280320030710668,-0.009903292284735086,0.3463492943000267,0.6155737438043443,1.6295414709068945,1.0991648035240769,-0.9798698523458265,-0.6653319973266479,1.2852862655119774,-0.7841717752726938,-1.001505435017419,-0.8334493319451375,0.706451946545917,-0.8982319394807718,0.47628374281627245,-0.10034763675679959,2.3306784479871006,0.5503700637000001,0.42705971804599463,3.243019848811817,1.4180219460809862,1.299878240158796,0.6946204229493944,0.5718663574046183,2.452413295787398,1
-0.8130941863973514,-1.4692847479255242,-2.1487818631506217,-1.9990873357546584,1.4833923637343753,-0.6136695615629019,-0.9097816785925635,1.0205436952733893,1.5030090301053793,1.2852862655119774,1.2752307995939438,-1.1553604435046454,-1.145915134400364,-0.7286681676932814,0.002482510676684086,-0.8640387470637861,-0.7867413024465939,-0.5254243718674659,0.29133885720032315,0.39689005136241123,-0.9989991050816615,-1.1163659406904405,-0.8931634251146066,-0.9760227802292432,0.7538575644860656,-0.8006171775486643,0
0.8820270268626367,0.6280320030710668,-0.009903292284735086,-0.24289833196987018,-0.4691995311081977,-0.6136695615629019,-0.9097816785925635,1.0205436952733893,1.5030090301053793,-0.77803678980547,-0.7841717752726938,-0.5806667353317705,0.004752582577613017,0.20322801038412042,1.1222896649264942,-0.2671027883120923,-0.5411509083007043,-0.44926163000467745,1.0098420847529985,1.0203964961564724,1.0618181837266185,1.9298811212471074,1.3812389764758528,1.2690134739374377,-0.42373259898212035,1.255219577093583,1
0.8820270268626367,0.6280320030710668,-1.0688578788408853,-0.5317452075923682,1.0494830537693587,-0.6136695615629019,1.0991648035240769,1.0205436952733893,-0.6653319973266479,-0.77803678980547,-0.7841717752726938,0.2926866951986613,0.8875924688796818,2.5236494937968508,-0.8300697648742617,-0.24312257763053233,2.355556304702098,-0.6015871137302543,-1.389280280208294,-0.11599428225851029,-0.880655141961978,-1.9096853922252803,0.03878682724441154,0.1132225786566188,0.13294638738465875,-0.8251498357186197,0
-0.8130941863973514,0.6280320030710668,-0.009903292284735086,0.05750241867752872,-0.03529022114318089,-0.6136695615629019,-0.9097816785925635,-0.9798698523458265,-0.6653319973266479,-0.77803678980547,1.2752307995939438,-0.5580409987895314,-1.0120012190624097,-0.5112257261418875,-0.5038650721145344,0.436031246315082,-0.7930384920400783,1.6071324002906104,-0.629455407809242,-1.1618760606227418,-0.027762442237363044,-0.03909541388096427,-0.9301455779859962,-1.329764842118221,1.4068848369547864,-0.07445049571798988,0
0.8820270268626367,0.6280320030710668,-0.5446229350012067,-0.24289833196987018,0.6155737438043443,1.6295414709068945,1.0991648035240769,-0.9798698523458265,-0.6653319973266479,1.2852862655119774,-0.7841717752726938,-1.6621769420508026,-0.8284895573029911,-0.3993981847725994,-0.5841990636150641,-0.7081673776336452,-0.08775325756983088,1.0739932072510914,-0.37474138808455987,-0.3171253934824007,-0.1644701237721697,-1.5921085317207524,-1.085470620045832,-0.22300749997052816,-2.179412479061961,-0.6288885703589778,0
-0.8130941863973514,0.6280320030710668,-0.009903292284735086,-0.5317452075923682,-1.1200634960557228,-0.6136695615629019,1.0991648035240769,-0.9798698523458265,1.5030090301053793,-0.77803678980547,1.2752307995939438,-0.30010760220800475,-0.08948313562316956,-0.7038176029445506,-0.3724094496591218,-1.3068162085768789,-1.0449260757794525,-0.6015871137302543,-0.2544768993525669,-0.9506883938376566,-0.9153421656349886,-1.4675685864248593,-2.3761477552573287,-2.4190102010040833,0.7324468342411892,-0.37865545702543413,0
0.8820270268626367,0.6280320030710668,-1.6035775215573584,-1.1209928338622634,1.0494830537693587,1.6295414709068945,-0.9097816785925635,1.0205436952733893,1.5030090301053793,-0.77803678980547,-0.7841717752726938,-1.4223441347030676,-1.2699095004540253,0.7126645877330999,-0.38701562993194544,0.5011203895936025,-0.7930384920400783,-1.9725164672604463,0.5688722927356912,-1.5842513941929122,-1.5845976812083706,-0.7664086944089806,-0.5122472505392934,-0.32807939954151166,0.047303466405153864,-1.193139708267948,0
3.4247088467526186,3.774007129565953,1.0595359931482098,0.9355969205699219,-0.2522448761256893,1.6295414709068945,-0.9097816785925635,1.0205436952733893,-0.6653319973266479,1.2852862655119774,-0.7841717752726938,-0.3046327495164525,-0.6499376701857187,-0.946110609244675,-0.5574210664482209,-0.3655929393256431,-0.2262914286264864,0.08387756303484165,-0.8730680901125094,-1.4937423941421613,-0.5337849052318715,-1.0154885850007669,-0.1276328606768416,0.23580646148943288,-0.7127774572879482,-0.8791216836925209,0
-0.8130941863973514,0.6280320030710668,0.7869338223515759,0.05750241867752872,-1.3370181510382313,-0.6136695615629019,-0.9097816785925635,-0.9798698523458265,-0.6653319973266479,-0.77803678980547,-0.7841717752726938,-1.5942997324240853,-1.1707140076110965,-0.6727543970086373,-0.8933632127231639,-0.8811674689791863,-0.47817901236586074,2.3306784479871006,-0.9421430785124233,-0.9004056160316838,0.29054201029144033,-1.2396604865333747,1.240706795564573,1.0273481049241755,0.3149375944661052,0.3033524400993207,0
0.8820270268626367,0.6280320030710668,0.7869338223515759,0.6351961699225247,-0.2522448761256893,-0.6136695615629019,-0.9097816785925635,-0.9798698523458265,-0.6653319973266479,-0.77803678980547,-0.7841717752726938,0.34246331559158766,2.38544441080791,0.5759864816150808,-0.7180890494492805,-0.7484198741348355,2.355556304702098,0.08387756303484165,-1.2924519482548433,0.10524994008776968,-0.6154014315213083,-0.019169022633621427,1.3960318376244087,1.1114056245809625,0.7645629296085038,-0.27561829271162247,0
-0.8130941863973514,-1.4692847479255242,-1.0688578788408853,-1.1209928338622634,-0.2522448761256893,-0.6136695615629019,1.0991648035240769,-0.9798698523458265,-0.6653319973266479,-0.77803678980547,1.2752307995939438,0.3243627263577963,-0.11924178347604832,-0.734880808880464,1.4387569041710058,-0.13692450175505147,-0.7930384920400783,0.845504981662726,-0.09289076577419726,0.004684384475824242,-0.29097573952079697,-0.3666354700091635,2.06540880459656,1.7838657818352563,0.7859736598533794,-0.5847297856530581,0
-0.8130941863973514,-1.4692847479255242,-0.5446229350012067,-0.5317452075923682,-0.03529022114318089,1.6295414709068945,1.0991648035240769,1.0205436952733893,1.5030090301053793,-0.77803678980547,-0.7841717752726938,2.7521042573400596,-0.3325120930883458,-0.8032198619394734,1.3900696365949272,1.7532299616093503,0.15153994698257475,0.6931794979371492,0.4991805633679212,2.116561052326677,1.692305849312518,2.84774051807784,0.5454423215824484,0.6876156296446616,-1.333688634389355,1.8685360313424637,1
0.8820270268626367,-1.4692847479255242,-0.8067404069210461,-0.24289833196987018,1.0494830537693587,-0.6136695615629019,1.0991648035240769,-0.9798698523458265,-0.6653319973266479,-0.77803678980547,-0.7841717752726938,-0.13267715179543485,-0.5259433041320574,-1.4617598277808372,-0.9956064746329292,0.027511228632789427,-0.7930384920400783,-0.373098888141889,-0.5011732864951165,-0.5081999491450968,-0.6521288683515548,-0.904648033687422,1.5587533102585232,1.7558466086163271,-0.4344379641045586,-0.972345784738351,0
-0.8130941863973514,-1.4692847479255242,-0.009903292284735086,0.05750241867752872,-0.03529022114318089,-0.6136695615629019,-0.9097816785925635,1.0205436952733893,1.5030090301053793,-0.77803678980547,-0.7841717752726938,-0.45848775800367897,-0.6102594730485471,1.0232966470922338,-0.11923565826351266,-0.6918950918140151,0.4663994266567923,-1.4393772742209272,-0.9735968678730985,0.08513682896538059,-1.2254849655348488,-2.0504155304096394,0.9337549267320391,1.1149080212333284,-0.2952682175128634,-0.9576261898363779,0
0.8820270268626367,-1.4692847479255242,1.5942556358646813,1.5248445468398173,-0.03529022114318089,-0.6136695615629019,-0.9097816785925635,-0.9798698523458265,-0.6653319973266479,-0.77803678980547,-0.7841717752726938,0.4103405252183053,0.034511230430491764,-0.5857774203880798,-0.664533055115594,-0.7090238137294153,1.7888092412885064,-0.5254243718674659,-0.1274282599741543,-0.23667294899284458,-0.6949775446535091,-1.181126712244305,0.7488441623750911,0.6420844731639027,0.5932770876494948,-0.8742151520585301,0
0.8820270268626367,0.6280320030710668,-0.009903292284735086,0.3463492943000267,0.6155737438043443,-0.6136695615629019,1.0991648035240769,1.0205436952733893,-0.6653319973266479,1.2852862655119774,1.2752307995939438,-0.9698294038582842,-0.4713857830684465,-0.6851796793830026,-0.4868245284629068,0.22449153065989075,-0.41520711643101715,-0.2969361462791006,-1.0975618024122293,-0.43780406021673524,-0.6256034973074879,-0.9955621937534239,-0.963429515570247,-0.4926920422027192,-0.916179394614271,-0.8398694306205926,0
-0.8130941863973514,0.6280320030710668,-0.8067404069210461,-1.1209928338622634,-0.686154186090706,-0.6136695615629019,1.0991648035240769,1.0205436952733893,-0.6653319973266479,-0.77803678980547,-0.7841717752726938,0.446541703685888,-0.8235297826608446,0.3026302693790431,-0.9956064746329292,-0.22599385571513228,1.1590902819400712,0.08387756303484165,-0.5030235093986855,-0.6489917270018204,-0.6602905209804986,-0.3267826875144775,-0.6157972785791848,-0.6958310480399539,0.5718663574046183,-0.5209448744111747,0
-0.8130941863973514,0.6280320030710668,1.5942556358646813,0.9355969205699219,-1.1200634960557228,1.6295414709068945,1.0991648035240769,1.0205436952733893,-0.6653319973266479,1.2852862655119774,-0.7841717752726938,-1.0739077919525843,-1.155834683684657,-0.6603291146342718,1.1953205662906123,0.2416202525752908,-0.7930384920400783,0.08387756303484165,1.413807418698923,1.0606227184012507,1.1495559494877632,1.142788666977062,0.4677798005525305,0.011653075738001733,0.7966790249758177,1.196341197485691,1
-0.8130941863973514,0.6280320030710668,0.5248163504317366,0.6351961699225247,0.1816644338393275,-0.6136695615629019,1.0991648035240769,1.0205436952733893,-0.6653319973266479,-0.77803678980547,1.2752307995939438,-0.23223039258128708,-0.6995354166071833,-1.1946162567319822,-0.36267199614390605,-1.2922567949487889,-0.7930384920400783,0.6170167560743608,-0.8786187588232168,0.4773424958519676,-0.09305566326891256,-0.7066295206669517,0.7562405929493686,0.3653951376269793,1.4068848369547864,-0.7662714561107269,0
-0.8130941863973514,-1.4692847479255242,-0.5446229350012067,-1.1209928338622634,-1.3370181510382313,1.6295414709068945,-0.9097816785925635,1.0205436952733893,-0.6653319973266479,-0.77803678980547,-0.7841717752726938,2.1796731228214083,-1.1508749090425106,-0.22544423153148457,-0.36267199614390605,0.5567887358186527,2.355556304702098,0.08387756303484165,-0.636239558455662,-0.6489917270018204,-0.5745931683765901,0.33576982145967416,-1.8879833373549866,-2.0127321893296135,1.107134613526521,-0.9674392531043595,0
-0.8130941863973514,0.6280320030710668,-1.0688578788408853,-1.1209928338622634,-0.2522448761256893,-0.6136695615629019,-0.9097816785925635,-0.9798698523458265,-0.6653319973266479,-0.77803678980547,-0.7841717752726938,1.3017945449825286,1.1058225531341255,1.464394171382204,-0.6669674184943979,0.6724076087476036,-0.7930384920400783,0.6170167560743608,-0.25941082709541824,-0.9506883938376566,-0.29709697899250465,-1.0154885850007669,-0.5381347575492668,-0.4471608857219598,0.12224102226222054,-0.7024865448688435,0
0.8820270268626367,0.6280320030710668,1.5942556358646813,1.8136914224623153,0.3986190888218359,1.6295414709068945,1.0991648035240769,1.0205436952733893,1.5030090301053793,1.2852862655119774,-0.7841717752726938,2.7521042573400596,-1.2203117540325608,0.1970153691969376,1.4631005379590452,-0.1514839153831417,-0.7930384920400783,-0.9824008230441965,0.6632336608177163,1.3824324963594756,0.7537157969839946,1.75178899947398,1.1519496286732378,0.6455868698162686,0.8073843900982559,1.2601261087275752,1
0.8820270268626367,0.6280320030710668,-1.0688578788408853,-0.8321459582397654,0.3986190888218359,-0.6136695615629019,-0.9097816785925635,1.0205436952733893,1.5030090301053793,-0.77803678980547,-0.7841717752726938,-0.5218398203219488,-0.5606617266270826,-1.0517255094267806,0.6354169891657073,0.9824374754163454,-0.7930384920400783,-0.06844792069073524,-0.8120107342947286,-0.04559839333014826,-0.6582501078232627,0.005738966425557213,-1.1668313563628898,-1.0565779032336637,0.21858930836416288,-0.8202433040846282,0
-2.5082153996573395,-1.4692847479255242,-0.009903292284735086,-0.5317452075923682,-1.1200634960557228,-0.6136695615629019,-0.9097816785925635,-0.9798698523458265,-0.6653319973266479,-0.77803678980547,1.2752307995939438,0.1478819813283309,-0.42674781128912836,1.5700090715643094,-0.7278265029644964,0.08831819143245989,-0.7930384920400783,-2.201004692848812,-0.8934205420517699,-0.4176909490943462,-1.5397085917491802,0.21870227288153452,-1.1039616964815269,-1.0495731099289318,0.5504556271597427,-1.2422050246078584,0
-0.8130941863973514,0.6280320030710668,-0.009903292284735086,0.9355969205699219,1.7003470187168839,-0.6136695615629019,1.0991648035240769,-0.9798698523458265,-0.6653319973266479,-0.77803678980547,-0.7841717752726938,-0.8023989534457142,-1.2699095004540253,0.16595216326102433,-0.021861123111355178,-0.053850200465361035,-0.7300665961052347,-0.5254243718674659,-1.2233769598549296,0.2862679401892715,-0.6358055630936675,-1.3716728285470214,0.053579688392966535,0.31285918784148753,-0.6057238060635676,-0.447346899901309,0
-0.8130941863973514,-1.4692847479255242,2.11849057970436,2.385608236194863,0.3986190888218359,1.6295414709068945,-0.9097816785925635,1.0205436952733893,-0.6653319973266479,1.2852862655119774,-0.7841717752726938,-0.675694828809175,-1.2203117540325608,0.28399234581749516,0.026826144464723565,0.10373404115631997,0.4663994266567923,-0.5254243718674659,0.510281900789336,0.09519338452657536,-0.8561701840751469,-0.5422367928763728,-0.06476320079547972,0.18327051170394112,-0.28456285239042595,-1.085196012320145,0
0.8820270268626367,0.6280320030710668,0.2626988785118972,0.9355969205699219,1.266437708751867,-0.6136695615629019,-0.9097816785925635,-0.9798698523458265,-0.6653319973266479,-0.77803678980547,-0.7841717752726938,-1.5173722281804722,-1.2351910779590003,-0.48637516139315684,0.36763701749727434,0.13113999622096018,-0.7930384920400783,-0.44926163000467745,0.8667581802103198,1.3723759407982814,1.0026462021667766,1.4603655274815894,0.2680761750470265,0.5089934003739899,-1.290867173899603,1.1669020076817451,1
-0.8130941863973514,0.6280320030710668,0.2626988785118972,-0.5317452075923682,-1.5539728060207396,-0.6136695615629019,-0.9097816785925635,-0.9798698523458265,-0.6653319973266479,-0.77803678980547,-0.7841717752726938,-0.06027479486026944,0.14858604719986018,1.464394171382204,-0.7716450437829672,-0.9376922513000067,-0.7930384920400783,0.08387756303484165,-0.5128913648843875,-0.4780302824615134,-0.5623506894331745,-0.6804761321548142,0.8523941904149823,1.086888848014399,-0.5307862502065009,-0.7417387979407717,0
-0.8130941863973514,0.6280320030710668,0.5248163504317366,1.22444379619242,1.266437708751867,-0.6136695615629019,-0.9097816785925635,-0.9798698523458265,-0.6653319973266479,-0.77803678980547,-0.7841717752726938,-0.9924551404005234,-0.5705812759113755,2.489479967267346,-0.8471103085258891,-1.0044942667700671,-0.7930384920400783,1.9879461096045528,-0.39941102679881474,-0.6791613936854041,0.22116796294541904,-1.067795362025042,-0.0943489230925918,-0.30006022632258283,0.6896253737514371,-0.10388968552193588,0
-0.8130941863973514,0.6280320030710668,-2.13829716427383,-1.7102404601321604,0.8325283987868527,-0.6136695615629019,-0.9097816785925635,-0.9798698523458265,-0.6653319973266479,-0.77803678980547,-0.7841717752726938,2.7521042573400596,0.05931010364122394,0.1411015985122936,-0.33832836235586666,2.5244506658502406,-0.7930384920400783,-0.5254243718674659,-0.05403608479924558,-0.11599428225851029,-0.8520893577606752,-0.47996682022842624,0.19781008459138613,-0.20199312005633166,1.2891258206079683,-0.226552976371712,0
0.8820270268626367,0.6280320030710668,1.0595359931482098,1.22444379619242,0.1816644338393275,-0.6136695615629019,1.0991648035240769,1.0205436952733893,1.5030090301053793,1.2852862655119774,-0.7841717752726938,0.7044751002674142,0.8131958492474848,-0.23165687271866714,0.7084478905298254,-0.38786027781566307,-0.7930384920400783,-1.0585635649069849,0.46711003303938964,0.14547616233254787,0.9822420705944175,1.6596294399550187,1.5328658032485498,1.5457028094743601,-0.7770096480225759,1.127649754609816,1
0.8820270268626367,-1.4692847479255242,-2.13829716427383,-1.7102404601321604,0.8325283987868527,-0.6136695615629019,1.0991648035240769,1.0205436952733893,-0.6653319973266479,-0.77803678980547,-0.7841717752726938,-0.5037392310881573,-1.0863978386946065,-0.7597313736291947,-0.6913110522824373,0.5499372470524929,-0.7930384920400783,0.6170167560743608,0.02984068682922116,-0.29701228236001165,-0.40523887632600863,-1.1313107341259476,-0.19050252055820452,-0.09692122048534817,-0.1453931057987308,-0.24617910290767644,0
-2.5082153996573395,-1.4692847479255242,2.11849057970436,1.22444379619242,-1.3370181510382313,1.6295414709068945,1.0991648035240769,-0.9798698523458265,1.5030090301053793,1.2852862655119774,-0.7841717752726938,0.0030772674580000913,1.2347766938299336,-0.5919900615752625,2.226273457214079,-0.7055980693463352,2.355556304702098,-0.5254243718674659,0.9500182108709303,1.2718103851863358,0.9781612442799458,2.23002238941021,0.5195548145724761,0.29884960123202287,0.12224102226222054,1.073677906635915,1
0.8820270268626367,-1.4692847479255242,-0.27202076420457444,0.3463492943000267,1.266437708751867,1.6295414709068945,1.0991648035240769,-0.9798698523458265,1.5030090301053793,-0.77803678980547,-0.7841717752726938,-1.4630704604790983,-1.2203117540325608,-1.0579381506139633,-0.7521701367525356,1.7266804426404805,0.21451184291741798,-0.5254243718674659,-1.0112180669123372,-1.1819891717451307,-0.6806946525528579,-0.9943167943004652,-0.2755614721623999,0.09921299204715464,-0.6806613619206335,-0.9527196582023865,0
-0.8130941863973514,0.6280320030710668,-1.0688578788408853,-1.1209928338622634,-0.2522448761256893,-0.6136695615629019,1.0991648035240769,1.0205436952733893,-0.6653319973266479,-0.77803678980547,-0.7841717752726938,-0.31368304413334835,-0.02004629063311916,-0.138467254910927,1.4387569041710058,0.7503432934626738,-0.7300665961052347,-1.4393772742209272,0.023673277150657337,0.678473607075858,-1.1785554629184225,0.03936475165544859,0.7636370235236472,0.670103646382831,0.5397502620373045,-0.8742151520585301,0
0.8820270268626367,0.6280320030710668,-0.27202076420457444,-0.24289833196987018,-0.03529022114318089,-0.6136695615629019,1.0991648035240769,1.0205436952733893,-0.6653319973266479,-0.77803678980547,1.2752307995939438,0.7768774572025797,2.48463990365084,0.6256876111125423,0.3189497499211958,-0.9556774093111767,2.355556304702098,0.08387756303484165,-0.10460884416346822,-0.27689917123762253,-0.6521288683515548,-0.22092373401296825,-0.22378645814245535,-0.43665369576486157,0.5932770876494948,0.21012833905349126,0
0.8820270268626367,0.6280320030710668,-0.27202076420457444,-0.24289833196987018,-0.03529022114318089,-0.6136695615629019,-0.9097816785925635,-0.9798698523458265,-0.6653319973266479,-0.77803678980547,-0.7841717752726938,0.47821773484502256,-0.7987309094501123,0.33990611650213914,-0.9956064746329292,-0.9779447478011969,-0.7930384920400783,2.1402715933301297,-1.2301611105013497,-1.021084282766018,0.40684556025388785,0.05929114290279143,0.382720848948334,-0.15646196357557224,1.6531082347708628,-0.13823540695987332,0
0.8820270268626367,0.6280320030710668,0.2626988785118972,0.6351961699225247,0.6155737438043443,1.6295414709068945,1.0991648035240769,-0.9798698523458265,-0.6653319973266479,-0.77803678980547,-0.7841717752726938,0.12978139209453957,0.3965747793071828,-0.10119140778783092,0.2848686626179406,0.3949223137181217,2.355556304702098,1.3024814328394567,-0.9248743314124448,-0.23667294899284458,-0.06448987906760992,-0.152426764100227,0.5639333980181432,-0.05839485730932059,1.942153093076689,-0.3246836090515329,0
-0.8130941863973514,-3.566601498922115,-0.5446229350012067,-1.1209928338622634,-1.3370181510382313,-0.6136695615629019,1.0991648035240769,1.0205436952733893,-0.6653319973266479,-0.77803678980547,-0.7841717752726938,-0.45396261069523103,-1.0665587401260206,-0.3745476200238687,-0.550117976311809,0.4488777877516323,-1.4227574513885135,-1.1347263067697735,-0.4203802197059314,-1.4434596163361888,-1.1989595944907818,-0.4762306218695493,-0.6047026327177675,-0.4051321258935663,-0.1668038360436072,-0.7908041142806822,0
0.8820270268626367,-1.4692847479255242,0.5248163504317366,0.6351961699225247,0.1816644338393275,1.6295414709068945,1.0991648035240769,1.0205436952733893,1.5030090301053793,1.2852862655119774,-0.7841717752726938,0.3379381682831399,-0.6796963180385974,-0.7038176029445506,2.226273457214079,0.34610545625923167,1.4739497616142885,2.3306784479871006,1.9016495242733138,0.8092088293713873,2.694148709515355,0.12031571609777916,0.8782816974249547,0.6841132329922957,-0.5307862502065009,2.275778156963721,1
2.5771482401226247,0.6280320030710668,-0.009903292284735086,0.05750241867752872,-0.03529022114318089,1.6295414709068945,-0.9097816785925635,-0.9798698523458265,1.5030090301053793,-0.77803678980547,-0.7841717752726938,-1.331841188534111,-0.8136102333765517,-0.49880044376752225,-0.4162279904775927,1.045813746503326,0.025596155112887577,1.3024814328394567,-1.101878989187224,-1.463572727458578,-0.15426805798599033,-1.64192450983911,1.0483996006333465,1.0238457082718095,-0.07045554994166489,-0.0450113059140432,0
-0.8130941863973514,-1.4692847479255242,-0.27202076420457444,0.05750241867752872,0.6155737438043443,-0.6136695615629019,1.0991648035240769,1.0205436952733893,-0.6653319973266479,-0.77803678980547,1.2752307995939438,-0.5263649676303964,1.0562248067126612,-1.3623575687859144,-0.703482869176457,-0.2696720965994024,-0.2262914286264864,-1.0585635649069849,-0.23659141128473216,-0.30706883792120615,-1.1193834813585808,-1.6755502950690009,-0.04997033964692367,-0.13894998031374167,0.7645629296085038,-1.124448265392073,0
-0.8130941863973514,0.6280320030710668,1.0595359931482098,0.6351961699225247,-0.686154186090706,1.6295414709068945,-0.9097816785925635,-0.9798698523458265,1.5030090301053793,1.2852862655119774,-0.7841717752726938,-0.7164211545852054,0.4560920750129403,-0.9398979680574925,2.226273457214079,-0.1514839153831417,1.1590902819400712,1.6071324002906104,1.9577729523482446,0.8192653849325816,2.047337738671568,1.5724514782478933,-0.2755614721623999,-0.9550084003150466,1.2141882647509017,2.104049549774034,1
-0.8130941863973514,0.6280320030710668,0.2626988785118972,0.05750241867752872,-0.4691995311081977,-0.6136695615629019,-0.9097816785925635,-0.9798698523458265,-0.6653319973266479,-0.77803678980547,-0.7841717752726938,-1.1463101488877496,-1.0665587401260206,-0.2999959257776765,-0.9956064746329292,-1.3273706748753593,-0.7930384920400783,-1.8201909835348695,-0.5357107806950733,-1.282554727357076,-1.3887180181137222,-0.9382738189173132,-1.3480439054326978,-1.2176881492425053,0.25070540373147676,-0.972345784738351,0
-0.8130941863973514,-1.4692847479255242,-0.5446229350012067,-1.4098397094847614,-1.7709274610032455,-0.6136695615629019,-0.9097816785925635,-0.9798698523458265,-0.6653319973266479,-0.77803678980547,1.2752307995939438,-1.3454166304594544,-0.9971218951359705,-0.4118234671469648,-0.3188534553254353,-0.27566714926979247,0.5293713225916359,-0.6015871137302543,-1.1715707185549942,-0.8903490604704892,-0.7908769630435976,-1.213507098021237,-1.0669795436101372,-0.8639460873535273,-0.04904481969678847,-0.8987478102284853,0
0.8820270268626367,0.6280320030710668,-0.009903292284735086,0.3463492943000267,0.6155737438043443,-0.6136695615629019,1.0991648035240769,1.0205436952733893,1.5030090301053793,1.2852862655119774,-0.7841717752726938,2.7521042573400596,0.3618563568121577,-0.138467254910927,0.3798088343912942,-0.6105336627158646,-0.41520711643101715,0.08387756303484165,1.3903712619203805,1.1813013851355847,1.280142391550862,1.0070401266045386,-0.1720114441225097,-0.12143799705191108,-0.7341881875328238,1.3926024628453328,1
-0.8130941863973514,0.6280320030710668,-0.009903292284735086,-0.5317452075923682,-1.1200634960557228,-0.6136695615629019,-0.9097816785925635,1.0205436952733893,-0.6653319973266479,-0.77803678980547,1.2752307995939438,-0.5806667353317705,-0.1093222341917554,-1.3064437981012704,-0.49656198197812257,2.5244506658502406,-0.5411509083007043,0.08387756303484165,-0.18848561579193496,0.19575894013852035,-0.5807144078482978,-0.503629409834646,-1.4331028570368942,-1.3157552555087566,-0.006223359207036408,-0.2658052294436402,0
0.8820270268626367,-1.4692847479255242,0.7869338223515759,0.6351961699225247,-0.2522448761256893,-0.6136695615629019,-0.9097816785925635,-0.9798698523458265,-0.6653319973266479,-0.77803678980547,-0.7841717752726938,-0.34083392798403517,-0.7243342898179156,0.09761311020201467,0.9470155016526111,-0.3570285783679429,1.1590902819400712,2.3306784479871006,-0.10645906706703741,-1.3831202829690215,0.5517148944176384,-1.612034922968095,-1.4737832251954226,-1.5153918646936253,0.34705368983341983,0.04821279513178624,0
-0.8130941863973514,-1.4692847479255242,2.1289752785811515,2.1025382980848133,-0.9031088410732144,-0.6136695615629019,-0.9097816785925635,-0.9798698523458265,-0.6653319973266479,-0.77803678980547,-0.7841717752726938,0.007602414766447829,-0.029965839917412074,-0.48016252020597416,-0.9883033844965173,0.33068960653537127,1.0331464900703842,0.08387756303484165,-1.828399849322032,-1.2423285051122979,-0.2828140868918531,-0.3753532661798759,0.20890473045280342,0.34438075771278276,-0.038339454574350264,-0.9429065949344043,0
-0.8130941863973514,0.6280320030710668,-0.009903292284735086,0.05750241867752872,-0.03529022114318089,-0.6136695615629019,-0.9097816785925635,1.0205436952733893,1.5030090301053793,-0.77803678980547,1.2752307995939438,-1.132734706962406,0.3618563568121577,-0.6354785498855411,-0.4843901650841028,0.07375877780436965,-0.7930384920400783,-0.5254243718674659,-1.0864604649908147,-0.015428726646564847,-0.9704333208803586,-1.087721753272385,-1.1076599117686656,-0.9935347634910737,0.21858930836416288,-0.9036543418624761,0
0.8820270268626367,0.6280320030710668,2.11849057970436,2.385608236194863,1.4833923637343753,1.6295414709068945,1.0991648035240769,1.0205436952733893,1.5030090301053793,1.2852862655119774,-0.7841717752726938,0.636597890640697,-0.19859817775039162,1.464394171382204,-0.24095382720370942,-0.8631823109680161,-0.7930384920400783,0.5408540142115723,0.4029689723823269,1.5533939408997828,1.3495164388968834,1.6496662443313477,0.09426005655149591,0.540514970245285,-2.083064192960019,1.6232094496429115,1
0.8820270268626367,0.6280320030710668,0.5248163504317366,0.9355969205699219,0.8325283987868527,1.6295414709068945,-0.9097816785925635,-0.9798698523458265,1.5030090301053793,1.2852862655119774,1.2752307995939438,0.3469884629000354,1.864668073382533,-1.0517255094267806,0.22157521476903833,1.8902597369325513,-0.35223522049617356,-0.5254243718674659,1.954689247508962,1.9455996077863693,1.0352928126825518,1.6982368229967457,1.5032800809514388,1.297032647156366,-0.22033066165579748,1.3778828679433592,1
0.8820270268626367,0.6280320030710668,-0.5446229350012067,-1.1209928338622634,-1.3370181510382313,-0.6136695615629019,-0.9097816785925635,-0.9798698523458265,1.5030090301053793,-0.77803678980547,1.2752307995939438,1.25654307189805,0.48585072286581904,-0.7410934500676467,0.3189497499211958,0.5216748558920825,1.0961183860052277,0.845504981662726,-0.1163269225527396,-0.45791717133912435,-0.3195415237221,-0.2146967367481736,-0.19789895113248201,-0.5312184053787463,0.9679648669348266,0.17087608598156237,0
-0.8130941863973514,0.6280320030710668,-0.5446229350012067,0.05750241867752872,1.0494830537693587,-0.6136695615629019,-0.9097816785925635,-0.9798698523458265,-0.6653319973266479,-0.77803678980547,-0.7841717752726938,-1.0920083811863757,-1.2203117540325608,-0.5298636497034357,0.22157521476903833,-0.22599385571513228,0.4663994266567923,-0.6777498555930428,-0.6387065223270878,0.02479749559821333,-0.8969784472198654,-0.775126490579693,-1.4478957181854504,-1.0916018697573249,-0.4344379641045586,-0.9772523163723418,0
2.5771482401226247,0.6280320030710668,-1.6035775215573584,-1.1209928338622634,1.0494830537693587,-0.6136695615629019,1.0991648035240769,-0.9798698523458265,-0.6653319973266479,-0.77803678980547,-0.7841717752726938,-0.9245779307738058,-1.0764782894103138,-0.020427072354456177,-0.21661019341566992,0.5799125104044429,0.08856805104773116,0.08387756303484165,-1.1061961759622188,-0.9104621715928783,-0.5521486236469947,-0.9295560227466007,0.06837254954152258,0.14824654518027996,0.1543571176295344,-0.9380000633004135,0
0.8820270268626367,0.6280320030710668,-0.009903292284735086,-1.1209928338622634,-2.2048367709682624,-0.6136695615629019,1.0991648035240769,1.0205436952733893,-0.6653319973266479,-0.77803678980547,-0.7841717752726938,1.1117383580277194,0.5205691453608442,-0.7038176029445506,-1.0248188351785765,-0.33133549549484265,-0.7300665961052347,1.3024814328394567,-1.6883996496186349,-1.021084282766018,-0.06244946591037368,-0.4998932114757691,-0.45307580594507035,-0.6257831149926315,0.48622343642511423,0.2837263135633569,0
-0.8130941863973514,0.6280320030710668,2.1289752785811515,2.385608236194863,0.6155737438043443,-0.6136695615629019,-0.9097816785925635,-0.9798698523458265,-0.6653319973266479,-0.77803678980547,-0.7841717752726938,0.9352576129982537,0.41641387787576867,2.5236494937968508,0.6110733553776678,1.3310069663947377,-0.7930384920400783,-0.5254243718674659,-0.42284718357735707,-1.3630071718466323,-0.9337058840501119,0.2647820526410152,-0.534436542262127,-0.5627399752500415,0.3898751503231719,-0.476786089705255,0
-0.8130941863973514,0.6280320030710668,0.5248163504317366,0.3463492943000267,-0.2522448761256893,-0.6136695615629019,-0.9097816785925635,-0.9798698523458265,-0.6653319973266479,-0.77803678980547,-0.7841717752726938,0.6139721540984575,2.3804846361657637,0.6691760994228212,-0.11923565826351266,1.2376554319558073,2.355556304702098,-0.5254243718674659,-0.12372781416701592,0.5477383847803292,-0.9602312550941788,-0.46751282569883695,-1.3221563984227256,-1.1581474061522814,0.20788394324172468,-1.1538874551960199,0
0.8820270268626367,0.6280320030710668,1.0595359931482098,0.05750241867752872,-1.7709274610032455,-0.6136695615629019,-0.9097816785925635,-0.9798698523458265,-0.6653319973266479,-0.77803678980547,-0.7841717752726938,-0.17792862487991343,-0.7937711348079659,0.7126645877330999,-0.3724094496591218,-0.699603016675945,-0.7930384920400783,0.5408540142115723,-0.9520109339981253,-0.8501228382257111,-0.4195217684266598,-0.44135943718669945,-1.0780741894715544,-0.9094772438342873,-0.3702057733699301,0.07274545330174147,0
-0.8130941863973514,0.6280320030710668,-0.009903292284735086,0.3463492943000267,0.6155737438043443,-0.6136695615629019,-0.9097816785925635,1.0205436952733893,-0.6653319973266479,-0.77803678980547,1.2752307995939438,-0.1643531829545698,-1.1707140076110965,-0.9398979680574925,-0.5574210664482209,-1.5260638490940002,-0.7930384920400783,-0.5254243718674659,-0.5215257384343767,-0.32718194904359527,-0.9622716682514149,-0.7651632949560218,0.32724761964124965,0.7226395961683227,-0.7984203782674523,-1.080289480686154,0
0.8820270268626367,-1.4692847479255242,-0.009903292284735086,-0.5317452075923682,-1.1200634960557228,1.6295414709068945,1.0991648035240769,1.0205436952733893,1.5030090301053793,1.2852862655119774,1.2752307995939438,-1.3544669250763501,-0.8235297826608446,0.0851878278276493,-0.705917232555261,0.37608071961118167,-0.47817901236586074,0.6170167560743608,0.17662503717903774,1.3019800518699194,1.4576583362303868,1.3345801827327377,0.17192257758141383,0.12723216526608347,-0.5307862502065009,1.485826563891163,1
-0.8130941863973514,-1.4692847479255242,-0.009903292284735086,0.6351961699225247,1.266437708751867,-0.6136695615629019,-0.9097816785925635,-0.9798698523458265,-0.6653319973266479,-0.77803678980547,-0.7841717752726938,1.1117383580277194,0.0989883007783956,0.20322801038412042,2.226273457214079,-0.20800869770396208,0.7182870103961663,0.08387756303484165,-0.2951818032310878,-0.25678606011523347,-0.5317444920746356,0.8937087763852755,0.06837254954152258,-0.1704715501850364,1.0000809623021405,-0.6485146968949416,0
-0.8130941863973514,-1.4692847479255242,1.8563731077845207,2.1025382980848133,0.3986190888218359,1.6295414709068945,1.0991648035240769,1.0205436952733893,-0.6653319973266479,1.2852862655119774,1.2752307995939438,0.36961419944227447,-1.1855933315375358,-1.1262772036729727,-0.34806581587108243,-0.7741129570079357,0.025596155112887577,0.08387756303484165,0.7952162279389803,0.36672038467882784,1.2311724757771996,1.3059359953146823,1.577244386694218,1.128917607842793,0.6575092783841232,1.0638648433679334,1
-0.8130941863973514,0.6280320030710668,1.5942556358646813,0.9355969205699219,-1.1200634960557228,-0.6136695615629019,-0.9097816785925635,-0.9798698523458265,-0.6653319973266479,-0.77803678980547,1.2752307995939438,0.7814026045110274,0.08410897685195634,-0.25029479628021506,-0.3431970891134746,-0.3142067735794426,-0.16331953269164318,0.08387756303484165,-0.15764856739911629,-0.568539282512264,-0.29097573952079697,-0.33051888587335443,-1.0669795436101372,-1.3087504622040242,1.1285453437713975,-0.5013187478752102,0
-0.8130941863973514,0.6280320030710668,0.2626988785118972,0.3463492943000267,0.1816644338393275,-0.6136695615629019,-0.9097816785925635,-0.9798698523458265,-0.6653319973266479,-0.77803678980547,-0.7841717752726938,-0.06932508947716531,2.440001931871522,0.613262328738177,0.08038213879841008,-1.309385516864189,-0.10034763675679959,-0.6015871137302543,0.2796207788110522,0.2762113846280767,-0.7765940709429461,-0.6804761321548142,-1.2407956621056688,-0.7903957576538391,-0.7341881875328238,-1.0312241643462436,0
0.8820270268626367,0.6280320030710668,-0.009903292284735086,0.3463492943000267,0.6155737438043443,-0.6136695615629019,-0.9097816785925635,1.0205436952733893,1.5030090301053793,-0.77803678980547,1.2752307995939438,-0.4901637891628137,-0.8185700080186982,-0.11982933134937883,-0.9469192070568504,-1.273415200841849,-0.47817901236586074,1.2263186909766683,-0.23350770644545046,-0.6489917270018204,0.05181367089483761,-1.141273929749619,-2.061799455850517,-2.0442537592009087,0.4969288015475524,-0.4915056846072287,0
0.8820270268626367,0.6280320030710668,-1.0688578788408853,-1.1209928338622634,-0.2522448761256893,-0.6136695615629019,-0.9097816785925635,-0.9798698523458265,-0.6653319973266479,-0.77803678980547,-0.7841717752726938,-0.5399404095557401,-0.3275523184461993,1.0605724942153296,-0.23365073706729755,-0.7998060398810357,-0.7930384920400783,0.08387756303484165,0.16367347685405428,0.4371162736071894,-0.5603102762759385,-0.2246599323718452,-0.33103470146948427,-0.6467974949068285,1.2141882647509017,-0.4277207733653446,0
-0.8130941863973514,-1.4692847479255242,-0.009903292284735086,0.05750241867752872,-0.03529022114318089,1.6295414709068945,1.0991648035240769,1.0205436952733893,1.5030090301053793,1.2852862655119774,-0.7841717752726938,-1.2368130950567064,-0.12916133276034122,0.07897518664046675,-0.14357929205155193,-0.7064545054421051,0.907202698200697,0.08387756303484165,0.10755004877912408,0.9600571627893053,1.2821828047080976,0.8152486108488634,-0.59730620214349,-0.48918964555035327,-0.7555989177777002,1.2012477291196817,1
0.8820270268626367,0.6280320030710668,-1.0688578788408853,-0.8321459582397654,0.3986190888218359,-0.6136695615629019,1.0991648035240769,-0.9798698523458265,-0.6653319973266479,-0.77803678980547,-0.7841717752726938,0.06642932977626963,2.48463990365084,-0.9585358916190404,2.226273457214079,0.7160858496318737,0.5293713225916359,2.3306784479871006,0.4313390569037201,0.3767769402400222,0.6394526601787829,-0.49740241256985135,-1.2592867385413637,-0.8709508806582597,-0.9482954899815849,-0.07935702735198065,0
0.8820270268626367,0.6280320030710668,0.5248163504317366,0.05750241867752872,-0.9031088410732144,-0.6136695615629019,-0.9097816785925635,-0.9798698523458265,-0.6653319973266479,-0.77803678980547,1.2752307995939438,1.5823536781062941,-0.11924178347604832,1.1226989060871566,-0.4551778045384556,1.1117593258776166,0.2774837388522616,2.3306784479871006,-1.098795284347942,-1.2423285051122979,0.45581547602755,-0.8809854440812022,-0.03147926321122888,0.0887058020900559,-0.3059735826353016,-0.10879621715592665,0
-0.8130941863973514,-1.4692847479255242,-1.0688578788408853,-0.5317452075923682,1.0494830537693587,1.6295414709068945,-0.9097816785925635,1.0205436952733893,1.5030090301053793,-0.77803678980547,-0.7841717752726938,-0.5942421772571139,-0.9078459515773343,-0.9398979680574925,-0.9883033844965173,-1.3684796074723193,-0.7930384920400783,-1.2870517904953502,1.6494024684200579,2.2271831634998165,0.6476143128077264,1.9846786971773,0.719258440077979,0.3653951376269793,0.4434019759353622,1.1914346658517003,1
0.8820270268626367,0.6280320030710668,1.8563731077845207,0.3463492943000267,-2.421791425950771,1.6295414709068945,-0.9097816785925635,-0.9798698523458265,-0.6653319973266479,-0.77803678980547,-0.7841717752726938,0.04380359323403053,0.23290221611634984,-0.05149027829036945,0.8910251439401204,1.781492352769761,-0.7930384920400783,-1.9725164672604463,-0.7972089510661755,-0.17633361562567731,-1.5417490049064164,-0.6443595480190051,0.2939636820569988,0.5124957970263563,-0.07045554994166489,-1.4482793532354825,0
-0.8130941863973514,0.6280320030710668,0.2626988785118972,-0.5317452075923682,-1.5539728060207396,-0.6136695615629019,-0.9097816785925635,-0.9798698523458265,-0.6653319973266479,1.2852862655119774,-0.7841717752726938,-0.6213930611078009,0.7883969760367526,-0.6044153439496278,-0.43570289750802416,-0.9342665069169266,0.6553151144613227,0.08387756303484165,-0.21192177257047728,-0.9909146160824347,-0.6398863894081395,-0.5957889693536067,1.5735461714070793,1.503674049645967,0.33634832471098164,-0.8545890255225657,0
0.8820270268626367,-1.4692847479255242,-1.6035775215573584,-1.9990873357546584,-1.1200634960557228,-0.6136695615629019,-0.9097816785925635,-0.9798698523458265,-0.6653319973266479,-0.77803678980547,1.2752307995939438,-1.2775394208327369,-1.0368000922731422,-0.6106279851368105,-0.664533055115594,2.5244506658502406,1.410977865679445,-1.0585635649069849,-0.21253851353833356,-1.8356652832227756,-0.7582303525278228,0.06302734126166801,-1.0262991754516089,-1.1791617860664778,1.107134613526521,-1.1146352021240908,0
-0.8130941863973514,0.6280320030710668,-0.009903292284735086,0.6351961699225247,1.266437708751867,1.6295414709068945,1.0991648035240769,1.0205436952733893,1.5030090301053793,1.2852862655119774,-0.7841717752726938,0.21575919095504817,1.1355812009870045,1.0232966470922338,0.07551341204080231,1.504007057740279,-0.7930384920400783,-0.5254243718674659,-0.887253132373206,-1.352950616285438,-0.6460076288798472,-0.1885433482360361,1.2444050108517117,1.4581428931652072,-0.4344379641045586,-0.9772523163723418,0
-0.8130941863973514,0.6280320030710668,-1.0688578788408853,-0.5317452075923682,1.0494830537693587,1.6295414709068945,-0.9097816785925635,1.0205436952733893,1.5030090301053793,-0.77803678980547,-0.7841717752726938,0.48274288215347033,-0.2581154734561489,-0.18195574322120567,0.07551341204080231,-0.9599595897900268,-0.7930384920400783,0.08387756303484165,1.450195135802449,0.7086432737594419,1.155677188959471,2.04321247146637,-0.748933028916187,-0.6643094781686592,-0.6271345363084433,1.1325562862438068,1
-0.8130941863973514,-1.4692847479255242,0.7869338223515759,0.6351961699225247,-0.2522448761256893,-0.6136695615629019,-0.9097816785925635,-0.9798698523458265,-0.6653319973266479,-0.77803678980547,-0.7841717752726938,-0.1507777410292262,-0.11428200883390174,1.2407390886436274,0.8204286059548065,0.4677193818585723,0.15153994698257475,0.3885285304859954,1.4162743825703483,1.1712448295743905,1.280142391550862,0.9584695479391405,-0.5529276186978218,-1.2632193057232648,1.61028677428111,1.4809200322571723,1
-0.8130941863973514,-1.4692847479255242,-1.3414600496375193,-1.1209928338622634,0.3986190888218359,-0.6136695615629019,-0.9097816785925635,1.0205436952733893,1.5030090301053793,-0.77803678980547,-0.7841717752726938,0.7714472804324425,1.2248571445456404,0.756774340162097,1.3900696365949272,-0.8092268369345059,0.21451184291741798,0.08387756303484165,0.18464266976117075,-0.8702359493481002,-0.6562096946660267,-0.5820895753710585,0.582424474453838,0.7611659593443508,-0.3595004082474919,-0.653421228528933,0
-0.8130941863973514,0.6280320030710668,-0.009903292284735086,0.05750241867752872,-0.03529022114318089,-0.6136695615629019,-0.9097816785925635,-0.9798698523458265,1.5030090301053793,-0.77803678980547,1.2752307995939438,0.709000247575862,0.38665523002288993,1.464394171382204,2.226273457214079,0.7700413236653844,-0.7930384920400783,-0.5254243718674659,-0.3907766532488255,-0.3171253934824007,-0.8724934893330343,0.07174513743238074,0.7044655789294241,0.4389454673266675,1.0429024227918933,-0.7908041142806822,0
0.8820270268626367,0.6280320030710668,1.8563731077845207,1.8136914224623153,-0.03529022114318089,1.6295414709068945,1.0991648035240769,1.0205436952733893,1.5030090301053793,1.2852862655119774,1.2752307995939438,-1.3544669250763501,-0.5705812759113755,2.402502990646788,0.6938417102570018,-0.08896408039193127,-0.47817901236586074,1.9879461096045528,1.3644681412704132,1.2516972740639467,2.1432371570616566,0.9547333495802636,1.4958836503771602,1.174448764323552,0.06871419665003027,1.5397984118650643,1
2.5771482401226247,0.6280320030710668,-0.009903292284735086,0.6351961699225247,1.266437708751867,-0.6136695615629019,-0.9097816785925635,1.0205436952733893,-0.6653319973266479,-0.77803678980547,-0.7841717752726938,-0.4132362849192006,-0.029965839917412074,-1.3623575687859144,-0.2604287342341409,0.36409061427040157,-0.47817901236586074,-0.6015871137302543,0.313541532043153,-0.48808683802270797,-0.7908769630435976,-1.2047893018505245,0.689672717780868,0.5335101769405528,0.818089755220694,-1.0557568225161988,0
0.8820270268626367,-1.4692847479255242,-0.009903292284735086,-0.5317452075923682,-1.1200634960557228,-0.6136695615629019,-0.9097816785925635,-0.9798698523458265,-0.6653319973266479,-0.77803678980547,1.2752307995939438,0.7859277518194755,-0.7788918108815265,0.3212681929405913,-0.8665852155563205,-0.28937012680211255,2.355556304702098,-0.5254243718674659,-0.7805569449340535,-0.4176909490943462,-0.5847952341627695,0.3395060198185511,-0.9079562862631626,-0.877955673962992,0.5076341666699906,-1.0312241643462436,0
-0.8130941863973514,0.6280320030710668,-0.009903292284735086,0.05750241867752872,-0.03529022114318089,-0.6136695615629019,-0.9097816785925635,-0.9798698523458265,-0.6653319973266479,-0.77803678980547,1.2752307995939438,0.6682739217998316,-0.5904203744799613,-0.6665417558214546,-0.9225755732688111,0.9139225877547452,-0.7930384920400783,-0.5254243718674659,-1.2116588814656586,-1.5842513941929122,-0.570512342062118,-1.0540959680424937,-0.8228973346589662,-0.7168454279541508,0.09012492689490592,-0.6337951019929686,0
0.8820270268626367,0.6280320030710668,1.0595359931482098,1.5248445468398173,0.8325283987868527,1.6295414709068945,-0.9097816785925635,-0.9798698523458265,1.5030090301053793,1.2852862655119774,1.2752307995939438,-0.11457656256164349,0.46601162429723325,-0.9647485328062231,0.9762278621982581,-0.07269179457230106,-0.7930384920400783,-1.0585635649069849,-0.6713937936234754,-0.3372385046047898,-1.0785752182138622,0.303389435682742,0.5750280438795605,0.6736060430351979,0.05800883152759207,-1.026317632712252,0
0.8820270268626367,0.6280320030710668,1.0595359931482098,0.05750241867752872,-1.7709274610032455,-0.6136695615629019,-0.9097816785925635,-0.9798698523458265,-0.6653319973266479,-0.77803678980547,-0.7841717752726938,0.5053686186957098,-0.3424316423726387,-0.138467254910927,-0.8544133986623009,1.4509080198025384,1.5369216575491322,-0.5254243718674659,-1.2887515024477052,-0.23667294899284458,-0.8235235735593722,-0.6132245616950318,0.28286903619558257,-0.17397394683740283,1.7066350603830531,-0.8349628989866018,0
-0.8130941863973514,0.6280320030710668,-1.0688578788408853,-1.7102404601321604,-1.5539728060207396,-0.6136695615629019,-0.9097816785925635,-0.9798698523458265,-0.6653319973266479,-0.77803678980547,1.2752307995939438,0.6094470067900097,0.6991210324781166,-0.7721566560035601,-0.8276354014954577,2.5244506658502406,-0.41520711643101715,-1.4393772742209272,-1.0309537778837412,0.2762113846280767,-1.1601917445032992,-0.9009118353285452,0.8523941904149823,0.9818169484434155,-0.07045554994166489,-1.0459437592482166,0
-0.8130941863973514,0.6280320030710668,1.0595359931482098,1.5248445468398173,0.8325283987868527,-0.6136695615629019,-0.9097816785925635,1.0205436952733893,1.5030090301053793,1.2852862655119774,1.2752307995939438,-0.6892702707345184,0.23290221611634984,0.7810036407921093,-0.9931721112541253,0.6047491571817732,0.025596155112887577,0.08387756303484165,-0.005930289306448389,1.2014144962579738,1.3821630494126582,0.8102670130370272,0.9559442184548725,1.132420004495159,-1.205224252920098,1.1669020076817451,1
0.8820270268626367,-1.4692847479255242,-0.009903292284735086,0.05750241867752872,-0.03529022114318089,1.6295414709068945,1.0991648035240769,1.0205436952733893,1.5030090301053793,1.2852862655119774,1.2752307995939438,-1.5490482593396069,-0.937604599430213,0.9549575940332241,-0.7180890494492805,-0.0016075986233907464,0.4034275307219487,0.08387756303484165,1.1874634834956337,1.7042422743177006,1.147515536330527,0.6682914753997092,0.06467433425438383,0.5825437300736785,-2.0188320022253903,0.9657342106881125,1
0.8820270268626367,0.6280320030710668,1.8563731077845207,1.5248445468398173,-0.4691995311081977,-0.6136695615629019,-0.9097816785925635,-0.9798698523458265,-0.6653319973266479,-0.77803678980547,1.2752307995939438,-1.132734706962406,-0.9624034726409453,-1.175978333170434,0.3554652006032547,-0.4246870299337733,-0.7930384920400783,-0.5254243718674659,-0.15394812159197835,0.14547616233254787,-0.752109113056115,0.18507648765164347,0.8191102528307316,1.090391244666765,-0.5843130758186912,-0.8496824938885749,0
-0.8130941863973514,0.6280320030710668,-0.27202076420457444,-0.5317452075923682,-0.686154186090706,1.6295414709068945,-0.9097816785925635,1.0205436952733893,-0.6653319973266479,-0.77803678980547,1.2752307995939438,0.31983757904934856,-0.14404065668678048,-0.1757431020340231,0.16315049367774384,-1.0858556958682177,-0.7930384920400783,0.6931794979371492,-0.40742865938094774,-1.5540817275093286,-0.19099549481623684,-1.030433378436274,-1.422008211175477,-1.872636323234969,1.8565101720971848,-0.574916722385076,0
-2.5082153996573395,0.6280320030710668,0.5248163504317366,0.6351961699225247,0.1816644338393275,1.6295414709068945,-0.9097816785925635,1.0205436952733893,-0.6653319973266479,1.2852862655119774,1.2752307995939438,0.8311792249039537,0.9719086377961714,-0.15710517847247493,0.19723158098099905,0.9190612043293654,-0.47817901236586074,-1.744028241672081,0.6885200404998278,0.6684170515146637,0.4109263865683596,1.4553839296697542,-0.2459757498652889,0.48447662380742745,-2.4470466071229127,0.5830247432368104,1
0.8820270268626367,0.6280320030710668,1.5942556358646813,2.385608236194863,1.266437708751867,-0.6136695615629019,-0.9097816785925635,1.0205436952733893,-0.6653319973266479,-0.77803678980547,-0.7841717752726938,-0.28653216028266115,-0.00020719206453333018,-0.34969705527513795,-0.33832836235586666,0.4523035321347122,-0.7930384920400783,1.2263186909766683,-0.586283540059296,-0.9104621715928783,-0.12978310009915908,-0.7165927162906233,-0.9338437932731349,-0.6502998915591944,-0.5414916153289391,-0.40318811519538933,0
0.8820270268626367,0.6280320030710668,-0.8067404069210461,-0.8321459582397654,-0.03529022114318089,-0.6136695615629019,1.0991648035240769,1.0205436952733893,-0.6653319973266479,-0.77803678980547,1.2752307995939438,-0.7254714492021012,0.054350328999077595,0.07897518664046675,-0.21661019341566992,-0.3775830446664232,-0.41520711643101715,-1.2870517904953502,-0.24584252580257765,-1.523912060825745,-1.3377076891828243,-0.47996682022842624,0.2791708209084438,0.6210700932497056,-0.616429171186005,-1.099915607222118,0
-0.8130941863973514,-1.4692847479255242,-2.1487818631506217,-2.2821572738647085,0.6155737438043443,1.6295414709068945,-0.9097816785925635,-0.9798698523458265,-0.6653319973266479,-0.77803678980547,-0.7841717752726938,1.7905104542948942,0.9669488631540251,1.0108713647178682,-1.0929810097850867,-0.3433256008356228,-0.7930384920400783,0.08387756303484165,-1.7445230776935652,-1.5741948386317175,-0.3950368105398289,-0.8075068763566251,-0.6897615843219639,-0.5872567518166044,0.02589273616027821,-0.5209448744111747,0
0.8820270268626367,0.6280320030710668,1.8563731077845207,1.5248445468398173,-0.4691995311081977,-0.6136695615629019,1.0991648035240769,1.0205436952733893,1.5030090301053793,1.2852862655119774,-0.7841717752726938,-0.051224500243373966,1.5770011441380387,-0.2068063079699364,1.0005714959862972,0.6903927667587738,0.15153994698257475,0.08387756303484165,1.6093143055093933,1.221527607380363,1.172000494217358,1.515163103411783,0.32724761964124965,0.4704670371979628,-1.001822315593775,1.1718085393157358,1
-0.8130941863973514,0.6280320030710668,0.2626988785118972,0.3463492943000267,0.1816644338393275,-0.6136695615629019,-0.9097816785925635,1.0205436952733893,-0.6653319973266479,1.2852862655119774,-0.7841717752726938,0.9216821710729105,-0.1787590791818058,-1.5052483160911159,-0.36267199614390605,0.29300641832149127,-0.16331953269164318,-1.0585635649069849,-1.0710419407944054,0.44717282916838375,-0.9785949735093022,-0.829924066509886,-0.024082832636951382,-0.12143799705191108,0.7645629296085038,-1.0655698857841804,0
-0.8130941863973514,0.6280320030710668,2.11849057970436,1.8136914224623153,-0.4691995311081977,-0.6136695615629019,1.0991648035240769,1.0205436952733893,1.5030090301053793,1.2852862655119774,-0.7841717752726938,0.012127562074895567,2.4102432840186427,-0.734880808880464,2.226273457214079,1.9339379778168215,1.9147530331581937,-0.5254243718674659,3.0379947575486823,2.926113775002837,1.0210099205818999,1.144034066430021,-0.5085490352521547,-0.49619443885508513,-0.34879504312505366,0.9117623627142099,1
-2.5082153996573395,0.6280320030710668,-0.009903292284735086,-0.24289833196987018,-0.4691995311081977,1.6295414709068945,1.0991648035240769,1.0205436952733893,-0.6653319973266479,-0.77803678980547,1.2752307995939438,0.12073109747764367,2.48463990365084,-0.7410934500676467,1.1466332987145338,-1.3162370056303492,0.6553151144613227,-1.0585635649069849,2.127376718508747,1.83497749661323,0.6863821627952091,1.248647620478571,1.3294639624559073,1.4896644630365024,-1.162402792430346,1.0540517800999505,1
-0.8130941863973514,0.6280320030710668,1.321653465068049,1.22444379619242,-0.2522448761256893,-0.6136695615629019,-0.9097816785925635,-0.9798698523458265,-0.6653319973266479,-0.77803678980547,1.2752307995939438,-0.019548469084238997,1.3339721866728622,0.3274808341277738,0.17288794719295958,0.7366403159303541,2.355556304702098,-0.5254243718674659,-0.5443451542450626,-1.2021022828675196,-0.6562096946660267,0.5574509240863642,0.8043173916821755,0.8277114957393062,0.17576784787441083,-0.8349628989866018,0
-0.8130941863973514,-1.4692847479255242,0.5248163504317366,-0.5317452075923682,-1.987882115985754,-0.6136695615629019,-0.9097816785925635,-0.9798698523458265,-0.6653319973266479,-0.77803678980547,-0.7841717752726938,0.8221289302870578,0.5800864410666017,-0.4056108259597821,0.012219964191899834,-0.4666523986265037,-0.35223522049617356,0.08387756303484165,-0.8669006804339459,-1.8356652832227756,-0.37463267896746977,-2.0504155304096394,1.4404104210700759,0.8627354622629674,1.7173404255054905,-0.41790771009736305,0
-0.8130941863973514,0.6280320030710668,-0.5446229350012067,-0.5317452075923682,-0.03529022114318089,1.6295414709068945,-0.9097816785925635,-0.9798698523458265,1.5030090301053793,-0.77803678980547,1.2752307995939438,1.175090420345989,1.9985819887204872,0.5821991228022637,1.3243418253672208,-0.06327099751883104,0.08856805104773116,1.3024814328394567,0.9802385182958923,1.3019800518699194,1.6331338677526765,1.6284944536310453,-1.4700850099082838,-1.5714302111314828,-0.08116091506410233,1.4563873740872169,1
0.8820270268626367,0.6280320030710668,-0.009903292284735086,0.3463492943000267,0.6155737438043443,1.6295414709068945,1.0991648035240769,1.0205436952733893,-0.6653319973266479,1.2852862655119774,-0.7841717752726938,-1.5399979647227113,-1.0219207683467026,-0.6603291146342718,0.11689758948046919,-0.9505387927365568,2.355556304702098,-0.06844792069073524,3.0379947575486823,0.41700316248480035,1.5249919704191726,1.6147950596484975,2.2946981523991763,2.011521564239054,-0.10257164530897875,1.3729763363093683,1
0.8820270268626367,0.6280320030710668,0.5248163504317366,0.6351961699225247,0.1816644338393275,-0.6136695615629019,-0.9097816785925635,-0.9798698523458265,-0.6653319973266479,-0.77803678980547,1.2752307995939438,-0.7254714492021012,-1.1161564865474853,-0.716242885318916,-0.28720673140098407,-0.1994443367462619,-0.41520711643101715,2.3306784479871006,-0.40557843647737857,0.5175687180967458,0.35175440500851807,-0.3790894645387528,-0.7748205359261593,-0.6502998915591944,-0.28456285239042595,0.0531193267657777,0
-0.8130941863973514,0.6280320030710668,-1.6035775215573584,-1.1209928338622634,1.0494830537693587,-0.6136695615629019,1.0991648035240769,-0.9798698523458265,-0.6653319973266479,-0.77803678980547,-0.7841717752726938,0.21123404364660042,-0.8681677544401626,0.37718196362523526,2.226273457214079,0.8222839255073546,-0.7930384920400783,-2.201004692848812,-0.11694366352059585,-0.266842615676428,-1.6927395785418744,0.13276971062736848,0.17192257758141383,-0.33158179619387806,2.0813228396683847,-1.3059899358497418,0
-0.8130941863973514,-1.4692847479255242,-0.8067404069210461,-0.24289833196987018,1.0494830537693587,-0.6136695615629019,-0.9097816785925635,-0.9798698523458265,-0.6653319973266479,-0.77803678980547,-0.7841717752726938,0.21575919095504817,0.168425145768446,2.4211409142083364,1.7795677772035567,1.3815366960451683,2.355556304702098,0.5408540142115723,1.0332782415315402,2.2573528301834003,1.5555981677777109,1.274801008990709,1.7399658593283325,2.1901437935097254,-2.329287590776094,1.5348918802310734,1
0.8820270268626367,0.6280320030710668,-1.6035775215573584,-0.8321459582397654,1.7003470187168839,-0.6136695615629019,-0.9097816785925635,-0.9798698523458265,-0.6653319973266479,-0.77803678980547,-0.7841717752726938,0.6818493637251751,2.48463990365084,-0.5050130849547049,1.4874441717470843,0.9156354599462849,-0.47817901236586074,0.08387756303484165,-1.065491272083698,0.7689826071266092,-0.4623704447286143,-0.3105924946260116,-0.397602576637986,-0.11443320374717875,-0.4344379641045586,-0.8496824938885749,0
-0.8130941863973514,-1.4692847479255242,-0.8067404069210461,-0.24289833196987018,1.0494830537693587,-0.6136695615629019,-0.9097816785925635,-0.9798698523458265,-0.6653319973266479,-0.77803678980547,-0.7841717752726938,-1.4449698712453067,-1.0764782894103138,-0.6727543970086373,-1.0199501084209683,1.9108142032310316,-0.7930384920400783,-0.9062380811814081,-1.8462853373898667,-1.0512539494496018,-0.9194229919494605,-0.5795987764651408,0.23109402217563696,0.3688975342793452,-0.11327701043141696,-0.8055237091826551,0
0.8820270268626367,0.6280320030710668,-1.0688578788408853,-0.24289833196987018,1.7003470187168839,-0.6136695615629019,-0.9097816785925635,-0.9798698523458265,-0.6653319973266479,-0.77803678980547,1.2752307995939438,1.2384424826642588,-1.1905531061796821,2.5236494937968508,-0.19226655962763067,-0.8845932133622663,-0.7930384920400783,-1.0585635649069849,0.5997093411285098,0.6181342737086912,0.7394329048833431,0.8986903741971116,-0.8487848416689384,-0.6432950982544621,-1.0125276807162134,1.2012477291196817,1
-2.5082153996573395,-1.4692847479255242,-2.1487818631506217,-2.2821572738647085,-0.686154186090706,-0.6136695615629019,-0.9097816785925635,-0.9798698523458265,-0.6653319973266479,-0.77803678980547,1.2752307995939438,1.4737501427035462,-1.091357613336753,0.5387106344919848,-1.000475201390537,0.2527539218203011,-0.8560103879749219,-1.1347263067697735,1.46869736483814,0.5879646070251073,0.6945438154241527,0.5387699322919802,0.7044655789294241,1.079884054709667,-1.751197874164439,1.1178366913418345,1
-0.8130941863973514,0.6280320030710668,1.8563731077845207,1.22444379619242,-1.1200634960557228,1.6295414709068945,1.0991648035240769,1.0205436952733893,1.5030090301053793,1.2852862655119774,1.2752307995939438,2.7521042573400596,-0.29779367059332057,-0.3186338493392247,-0.9956064746329292,-0.8058010925514257,0.025596155112887577,0.6931794979371492,1.5488736906594684,0.35666382911763306,1.5147899046329927,2.368261728688651,0.5121583839981976,0.9012618254389955,-1.9974212719805147,1.6428355761788758,1
0.8820270268626367,0.6280320030710668,0.5248163504317366,0.6351961699225247,0.1816644338393275,-0.6136695615629019,1.0991648035240769,1.0205436952733893,-0.6653319973266479,-0.77803678980547,1.2752307995939438,0.24743522211418315,-0.8830470783666021,-0.06391556066473482,0.3749401076336862,-1.108979470454008,-0.10034763675679959,-1.1347263067697735,1.534688648398772,1.8953168299803966,0.7496349706695224,1.7306172087736784,0.6083119814638103,0.6841132329922957,-0.6699559967981953,0.7989121351324167,1
0.8820270268626367,-1.4692847479255242,-0.8067404069210461,-1.1209928338622634,-0.686154186090706,-0.6136695615629019,-0.9097816785925635,1.0205436952733893,1.5030090301053793,-0.77803678980547,1.2752307995939438,-1.087483233877928,-1.0070414444202633,1.924129619233722,0.17288794719295958,0.8197146172200445,0.12005399901515294,-1.1347263067697735,0.12975272362195348,-0.8199531715421274,-1.13978761293094,-1.6518877054627812,-0.6897615843219639,-0.8079077409156696,0.8716165808328843,-0.9281870000324313,0
0.8820270268626367,0.6280320030710668,0.2626988785118972,-0.5317452075923682,-1.5539728060207396,-0.6136695615629019,-0.9097816785925635,-0.9798698523458265,-0.6653319973266479,-0.77803678980547,-0.7841717752726938,-0.9924551404005234,-1.111196711905339,-0.47394987901879165,-0.6694017818732019,0.02322904815393934,0.907202698200697,2.3306784479871006,-0.6775612033020392,-0.830009727103322,0.6700588575373218,-0.8411326615865166,-0.15721858297395366,-0.4016297292412004,0.6682146435065615,0.2346609972234465,0
0.8820270268626367,0.6280320030710668,-1.0688578788408853,-0.5317452075923682,1.0494830537693587,1.6295414709068945,-0.9097816785925635,-0.9798698523458265,1.5030090301053793,-0.77803678980547,-0.7841717752726938,0.1840831597959136,-0.3523511916569316,-1.0206623034908673,-1.148971367497577,-0.13606806565928162,0.5293713225916359,-0.373098888141889,1.5427062809809051,0.11530649564896445,1.1352730573871115,0.5163527421387193,0.04988147310582779,0.09921299204715464,-0.8412418387572044,1.5692376016690102,1
-0.8130941863973514,0.6280320030710668,-2.1487818631506217,-2.2821572738647085,0.8325283987868527,-0.6136695615629019,-0.9097816785925635,-0.9798698523458265,1.5030090301053793,-0.77803678980547,1.2752307995939438,0.2610106640395268,0.54040824392943,-0.34969705527513795,0.09985704582884157,-0.039290786837270796,0.08856805104773116,0.08387756303484165,-0.12002736835987754,-0.07576806001373211,-0.4317642473700754,-0.445095635545576,-0.2163900275681768,-0.33858658949860987,0.6253931830168087,-0.48659915297323725,0
-0.8130941863973514,0.6280320030710668,-0.5446229350012067,-0.5317452075923682,-0.03529022114318089,-0.6136695615629019,-0.9097816785925635,1.0205436952733893,-0.6653319973266479,-0.77803678980547,-0.7841717752726938,-1.7798307720704465,-0.5805008251956684,0.2342912163200337,-1.0929810097850867,-1.1166873953159377,2.355556304702098,1.2263186909766683,-0.7608212339626494,-1.373063727407827,-0.19099549481623684,-0.6007705671654425,0.0128993202344382,0.14124175187554763,-0.2310360267782357,-0.38846852029341633,0
-0.8130941863973514,0.6280320030710668,0.2626988785118972,0.3463492943000267,0.1816644338393275,-0.6136695615629019,-0.9097816785925635,1.0205436952733893,-0.6653319973266479,1.2852862655119774,-0.7841717752726938,0.5460949444717402,1.1603800741977366,2.5236494937968508,-0.9883033844965173,1.0441008743117857,-0.41520711643101715,0.08387756303484165,-1.2832008337369978,-1.0009711716436294,-0.7215029156975762,-0.7477277026145966,-0.504850819965016,-0.5172088187692822,0.41128588056804755,-0.6632342917969153,0
0.8820270268626367,0.6280320030710668,-0.009903292284735086,0.05750241867752872,-0.03529022114318089,-0.6136695615629019,-0.9097816785925635,-0.9798698523458265,-0.6653319973266479,-0.77803678980547,-0.7841717752726938,2.111795913194691,-0.1539602059710734,0.3896072459996006,0.17288794719295958,2.5244506658502406,-0.6041228042355475,1.2263186909766683,-0.5646976061843227,-1.2724981717958816,0.09466234719679212,-0.6742491348900196,1.699285491169803,1.76285140192106,-0.26315212214554956,-0.48659915297323725,0
-0.8130941863973514,-1.4692847479255242,1.0595359931482098,1.22444379619242,0.1816644338393275,-0.6136695615629019,-0.9097816785925635,1.0205436952733893,-0.6653319973266479,1.2852862655119774,1.2752307995939438,0.02570300400023918,-0.32259254380405294,-0.8529209914369349,-1.0199501084209683,-0.7381426409855955,-0.8560103879749219,-0.5254243718674659,0.09398174748628393,0.3164376068728549,0.9516358732358786,0.8401565999080419,0.23109402217563696,0.41793108741247104,-1.1195813319405938,1.1669020076817451,1
-0.8130941863973514,0.6280320030710668,1.0595359931482098,0.9355969205699219,-0.2522448761256893,1.6295414709068945,1.0991648035240769,1.0205436952733893,-0.6653319973266479,1.2852862655119774,-0.7841717752726938,0.2293346328803918,0.18330446969488526,2.5236494937968508,2.226273457214079,-0.7569842350925354,0.907202698200697,0.845504981662726,0.9494014699030736,1.5232242742161992,1.5453961019915319,2.344599139082431,2.52768571548893,2.585914615227097,-1.3015725390220412,1.6183029180089206,1
0.8820270268626367,-1.4692847479255242,0.2626988785118972,0.3463492943000267,0.1816644338393275,-0.6136695615629019,1.0991648035240769,-0.9798698523458265,-0.6653319973266479,-0.77803678980547,1.2752307995939438,0.33341302097469216,-0.11924178347604832,-0.2068063079699364,-0.776513770540575,0.14227366546597014,1.2850340738097579,0.08387756303484165,-0.000996361563597508,-1.4937423941421613,-0.6358055630936675,0.0680089390735038,-1.2629849538285025,-1.028558730014735,-0.24174139190067315,-0.6092624438230133,0
0.8820270268626367,0.6280320030710668,-0.27202076420457444,0.3463492943000267,1.266437708751867,-0.6136695615629019,1.0991648035240769,1.0205436952733893,-0.6653319973266479,1.2852862655119774,-0.7841717752726938,1.0257605591672105,1.3240526373885697,2.1291467784107505,-0.19226655962763067,0.00610032623853929,-0.7930384920400783,-0.44926163000467745,-0.5418781903736372,-0.940631838276462,-0.7153816762258685,-0.9009118353285452,-1.466386794621145,-1.42082715507974,0.4541073410578004,-0.8251498357186197,0
0.8820270268626367,0.6280320030710668,-0.009903292284735086,0.3463492943000267,0.6155737438043443,-0.6136695615629019,1.0991648035240769,1.0205436952733893,-0.6653319973266479,1.2852862655119774,1.2752307995939438,-2.1644682932885124,-0.8632079797980162,-0.5547142144521664,-0.7107859593128688,-0.972806131226577,0.2774837388522616,-1.6678654998092926,-0.13606263352414358,0.3767769402400222,-1.3519905812834758,1.07553709651728,1.7325694287540538,1.713817848787934,0.19717857811928646,-0.9576261898363779,0
0.8820270268626367,0.6280320030710668,0.2626988785118972,0.6351961699225247,0.6155737438043443,-0.6136695615629019,-0.9097816785925635,1.0205436952733893,-0.6653319973266479,1.2852862655119774,1.2752307995939438,-0.7526223330527881,-0.3325120930883458,-0.3993981847725994,-0.5038650721145344,-1.1046972899751577,-0.7930384920400783,-1.4393772742209272,-0.96989642206596,-1.0512539494496018,-1.3295460365538805,-1.3355562444112123,2.0912963116065333,2.263694123209414,-0.7234828224103855,-0.32959014068552367,0
0.8820270268626367,0.6280320030710668,1.0595359931482098,1.22444379619242,0.1816644338393275,-0.6136695615629019,1.0991648035240769,1.0205436952733893,-0.6653319973266479,-0.77803678980547,-0.7841717752726938,-0.010498174467343522,-0.21347750167683088,-0.43667403189569554,2.226273457214079,-1.2288805238618086,-0.7930384920400783,-0.44926163000467745,0.470810478846528,0.6885301626370528,-0.8214831604021363,0.14397830570399858,-0.21269181228103803,-0.3876201426317357,0.9465541366899503,-0.8938412785944938,0
0.8820270268626367,0.6280320030710668,-1.6035775215573584,-1.7102404601321604,-0.2522448761256893,-0.6136695615629019,1.0991648035240769,-0.9798698523458265,-0.6653319973266479,-0.77803678980547,1.2752307995939438,0.9714587914658364,0.5602473424980158,-1.0206623034908673,-0.4113592637199848,-1.0849992597724476,-0.7930384920400783,0.08387756303484165,0.23583217009324964,-0.36740817128837344,-0.48073416314373757,-1.6219981185917667,0.11275113298719071,0.23930885814179928,-0.1453931057987308,-0.5798232540190674,0
0.8820270268626367,0.6280320030710668,1.0595359931482098,0.05750241867752872,-1.7709274610032455,-0.6136695615629019,1.0991648035240769,1.0205436952733893,1.5030090301053793,1.2852862655119774,1.2752307995939438,0.8990564345306714,-0.411868487362689,0.1970153691969376,-0.8982319394807718,0.12171919916749015,0.15153994698257475,0.845504981662726,-0.4462833403558992,-0.18639017118687187,-0.06448987906760992,-1.5036851705606682,-0.3236382708952068,-0.0829116338758835,-0.5629023455738148,-0.26089869780964947,0
0.8820270268626367,0.6280320030710668,0.2626988785118972,-0.5317452075923682,-1.5539728060207396,-0.6136695615629019,-0.9097816785925635,1.0205436952733893,1.5030090301053793,1.2852862655119774,1.2752307995939438,0.9443079076151496,0.7090405817624094,-0.25029479628021506,-0.14357929205155193,-0.1788898704477819,1.2220621778749143,0.6170167560743608,0.710105974374801,1.120962051768418,1.443375444129736,0.8538559938905897,-0.6675722925991303,-0.3876201426317357,-1.3443939995117933,1.3533502097734038,1
-0.8130941863973514,0.6280320030710668,-0.5446229350012067,-0.5317452075923682,-0.03529022114318089,-0.6136695615629019,1.0991648035240769,-0.9798698523458265,-0.6653319973266479,1.2852862655119774,1.2752307995939438,-0.7435720384358925,-1.0417598669152885,0.20944065157130295,-1.0345562886937922,0.2142142975106506,-0.7930384920400783,0.5408540142115723,-1.2683990505084448,0.30638105131166055,-0.392996397382593,-0.6518319447367587,-1.2888724608384747,-1.3017456688992919,0.34705368983341983,-0.211833381469739,0
-0.8130941863973514,0.6280320030710668,-0.5446229350012067,-0.5317452075923682,-0.03529022114318089,-0.6136695615629019,1.0991648035240769,1.0205436952733893,-0.6653319973266479,-0.77803678980547,-0.7841717752726938,-0.11005141525319576,-0.09940268490746249,-1.0517255094267806,-0.07054839068743392,0.250184613532991,-0.16331953269164318,-0.5254243718674659,-0.5289266300486533,-0.18639017118687187,-0.9153421656349886,-0.8647952511927363,-1.392422488878366,-1.333267238770587,0.26141076885391495,-0.5111318111431925,0
-0.8130941863973514,0.6280320030710668,2.1289752785811515,2.385608236194863,-0.2522448761256893,-0.6136695615629019,-0.9097816785925635,-0.9798698523458265,-0.6653319973266479,-0.77803678980547,-0.7841717752726938,-0.3544093699093788,0.4908104975079654,0.8369174114767536,-0.8252010381166537,-1.3487815772696095,-0.47817901236586074,0.7693422397999377,-0.6430237091020822,0.19575894013852035,-0.29097573952079697,-0.2283961307307218,-1.4922743016311175,-1.200176165980675,-0.34879504312505366,-0.7073930765028342,0
-0.8130941863973514,0.6280320030710668,-0.009903292284735086,0.6351961699225247,1.266437708751867,-0.6136695615629019,-0.9097816785925635,1.0205436952733893,-0.6653319973266479,1.2852862655119774,-0.7841717752726938,-0.27748186566576566,-0.5061042055634717,0.6816013817971867,1.3900696365949272,0.5388035778074829,-0.28926332456132997,0.08387756303484165,0.8901943369888617,1.6539594965117281,1.5290727967336442,1.4354575384224109,1.0336067394847905,1.3635781835513223,-1.8368407951439438,1.5152657536951089,1
-2.5082153996573395,-1.4692847479255242,0.7869338223515759,0.05750241867752872,-1.3370181510382313,-0.6136695615629019,1.0991648035240769,-0.9798698523458265,1.5030090301053793,-0.77803678980547,1.2752307995939438,-0.3906105483769615,1.2149375952613477,-0.8591336326241176,2.226273457214079,-0.8135090174133558,2.355556304702098,1.9879461096045528,-0.9378258917374287,0.9600571627893053,0.16811722085728514,-0.04034081333392313,-0.15721858297395366,-0.45416567902669214,1.0750185181592071,-0.34430973558749733,0
0.8820270268626367,0.6280320030710668,1.0595359931482098,0.6351961699225247,-0.686154186090706,-0.6136695615629019,-0.9097816785925635,-0.9798698523458265,-0.6653319973266479,-0.77803678980547,-0.7841717752726938,-0.7888235115203709,-0.5457824027006433,-0.5547142144521664,-0.4649152580536713,-0.657637647983215,-0.41520711643101715,1.3024814328394567,-0.09720795254919189,-0.7495572826137659,-0.07673235801102518,-0.9407646178232311,-0.3680168543408739,-0.5977639417737027,0.8716165808328843,-0.24617910290767644,0
0.8820270268626367,-1.4692847479255242,-0.27202076420457444,0.3463492943000267,1.266437708751867,-0.6136695615629019,1.0991648035240769,1.0205436952733893,-0.6653319973266479,-0.77803678980547,-0.7841717752726938,0.48274288215347033,0.5602473424980158,-0.23786951390584996,-0.5038650721145344,0.6201650069056334,0.21451184291741798,-0.6015871137302543,-1.405932286340416,-1.1015367272555745,-1.0459286076980876,0.14397830570399858,-0.6712705078862691,-0.962013193619779,1.4604116625669765,-1.0655698857841804,0
0.8820270268626367,0.6280320030710668,-0.009903292284735086,0.3463492943000267,0.6155737438043443,-0.6136695615629019,1.0991648035240769,1.0205436952733893,1.5030090301053793,-0.77803678980547,1.2752307995939438,-0.8204995426795056,-0.6796963180385974,-1.082788715362694,0.27026248234511707,-0.03243929807111089,-0.7930384920400783,0.5408540142115723,0.9716041447459031,1.5131677186550045,1.4209308994001402,0.4951809514384176,0.20150829987852487,-0.09341882383298175,0.33634832471098164,1.2061542607536726,1
0.8820270268626367,0.6280320030710668,-0.009903292284735086,0.3463492943000267,0.6155737438043443,-0.6136695615629019,1.0991648035240769,1.0205436952733893,-0.6653319973266479,-0.77803678980547,-0.7841717752726938,0.40581537790985717,-0.6896158673228904,-1.2132541802935302,-0.9712628408448898,-1.8934749341793329,-0.7930384920400783,0.08387756303484165,-0.7287507036341181,-1.2423285051122979,-0.5501082104897589,-1.0951941499901385,-1.0004116684416366,-1.0670850931907625,0.7645629296085038,-0.8987478102284853,0
-0.8130941863973514,0.6280320030710668,0.2626988785118972,0.6351961699225247,0.6155737438043443,-0.6136695615629019,-0.9097816785925635,1.0205436952733893,-0.6653319973266479,-0.77803678980547,-0.7841717752726938,-1.408768692777724,-1.1955128808218285,-0.10740404897501346,0.27026248234511707,0.6852541501841536,-0.7930384920400783,-0.5254243718674659,0.6354803172641798,0.879604718299749,0.8741001732609138,1.6484208448783886,1.3738425459015753,1.9940095809772234,-2.511278797857541,0.9117623627142099,1
0.8820270268626367,0.6280320030710668,-0.5446229350012067,0.05750241867752872,1.0494830537693587,-0.6136695615629019,1.0991648035240769,1.0205436952733893,-0.6653319973266479,-0.77803678980547,1.2752307995939438,-0.11910170987009124,0.2824999625378144,-0.8839841973728483,-0.8300697648742617,0.00610032623853929,-0.7930384920400783,1.2263186909766683,-1.1913064295263982,-0.7897835048585439,-0.26445036847672987,-0.32802808696743635,0.5454423215824484,0.6666012497304651,-0.40232186873724396,-0.12351581205790034,0
-0.8130941863973514,0.6280320030710668,-2.1487818631506217,-2.2821572738647085,0.8325283987868527,-0.6136695615629019,-0.9097816785925635,1.0205436952733893,-0.6653319973266479,-0.77803678980547,-0.7841717752726938,-0.5806667353317705,0.9917477363647573,-0.7721566560035601,2.226273457214079,0.5225312919878526,-0.10034763675679959,0.08387756303484165,1.047463283792237,2.2975790524281785,1.7351545256144725,1.4641017258404665,0.3161529737798334,0.3233663777985858,-0.5307862502065009,1.0540517800999505,1
-2.5082153996573395,-1.4692847479255242,-1.6035775215573584,-1.7102404601321604,-0.2522448761256893,-0.6136695615629019,-0.9097816785925635,-0.9798698523458265,1.5030090301053793,-0.77803678980547,-0.7841717752726938,-0.7978738061372666,0.0196319065040525,0.7934289231664746,2.226273457214079,-1.3967419986327296,-0.7930384920400783,-0.5254243718674659,0.18155896492188905,0.7086432737594419,-0.8602510103896188,-0.9195928271229292,-0.9819205920059418,-1.172156992761746,1.0321970576694552,-0.6730473550648968,0
-0.8130941863973514,-1.4692847479255242,-0.009903292284735086,0.05750241867752872,-0.03529022114318089,-0.6136695615629019,-0.9097816785925635,-0.9798698523458265,-0.6653319973266479,-0.77803678980547,-0.7841717752726938,2.7521042573400596,0.8449384069572221,-0.8964094797472136,-0.043770393520590554,-0.5497266999161942,0.907202698200697,-0.06844792069073524,-0.5110411419808184,-0.4277475046555407,-0.8541297709179111,-0.29315690228458646,0.7895245305336195,0.9327833953102898,-0.5093755199616244,-0.11370274878991811,0
-0.8130941863973514,-1.4692847479255242,-1.0688578788408853,-0.5317452075923682,1.0494830537693587,-0.6136695615629019,1.0991648035240769,1.0205436952733893,-0.6653319973266479,-0.77803678980547,-0.7841717752726938,-0.0557496475518217,0.47097139893937956,0.17837744563538968,-0.14357929205155193,-0.2816622019401825,-0.2262914286264864,-0.8300753393186197,-0.40866214131666045,0.004684384475824242,-0.7582303525278228,-1.6929858874104258,-1.226002800957113,-1.063582696538396,0.02589273616027821,-0.7368322663067809,0
-0.8130941863973514,0.6280320030710668,-0.009903292284735086,0.6351961699225247,1.266437708751867,-0.6136695615629019,1.0991648035240769,-0.9798698523458265,1.5030090301053793,1.2852862655119774,-0.7841717752726938,-0.5851918826402183,0.9619890885118784,-0.5857774203880798,1.6821932420513994,1.951066699732222,2.355556304702098,-1.0585635649069849,0.11310071748983165,0.22592860682210422,-1.0010395182388974,-0.9357830200113952,-1.4183099958883383,-1.5539182278696524,1.1285453437713975,-1.1146352021240908,0
0.8820270268626367,0.6280320030710668,-0.5446229350012067,0.05750241867752872,1.0494830537693587,1.6295414709068945,1.0991648035240769,-0.9798698523458265,1.5030090301053793,-0.77803678980547,-0.7841717752726938,1.066486884943241,0.47097139893937956,-0.5795647792008971,2.226273457214079,-0.6936079640055551,0.4034275307219487,-2.201004692848812,0.9987407473315837,2.5389363858968474,0.2252487892598908,2.0544210665430005,-1.2186063703828343,-0.6117735283831673,-1.8582515253888194,0.46526798402102504,1
-0.8130941863973514,-1.4692847479255242,0.5248163504317366,-0.24289833196987018,-1.3370181510382313,-0.6136695615629019,-0.9097816785925635,-0.9798698523458265,-0.6653319973266479,-0.77803678980547,-0.7841717752726938,1.261068219206498,2.48463990365084,0.15973952207384148,-0.43570289750802416,0.05834292808050957,0.4034275307219487,0.08387756303484165,-0.19033583869550413,-0.9808580605212401,-0.5868356473200054,0.01570216204922881,-0.7156490913319362,-1.172156992761746,1.8350994418523086,-0.7662714561107269,0
0.8820270268626367,-1.4692847479255242,-0.27202076420457444,0.3463492943000267,1.266437708751867,1.6295414709068945,1.0991648035240769,1.0205436952733893,1.5030090301053793,1.2852862655119774,-0.7841717752726938,0.2700609586564222,0.19322401897917818,0.6381128934869077,-0.21661019341566992,-0.7355733326982853,2.0406968250278803,-0.2969361462791006,-0.1403798202991382,-0.7294441714913767,-0.6888563051818015,-0.17733475315940564,1.041003170059069,0.42843827736956924,1.9956799186888792,-0.6583277601629238,0
0.8820270268626367,0.6280320030710668,-1.3414600496375193,-1.1209928338622634,0.3986190888218359,-0.6136695615629019,1.0991648035240769,1.0205436952733893,-0.6653319973266479,1.2852862655119774,-0.7841717752726938,0.7180505421927579,0.21306311754776402,-1.1138519212986073,-0.9347473901628308,-0.9128556045226764,1.8517811372233501,0.08387756303484165,1.0530139525029443,0.7086432737594419,1.2189299968337843,0.8214756081136579,0.33834226550266694,0.1762657183992088,-0.1453931057987308,1.3337240832374408,1
-0.8130941863973514,0.6280320030710668,-0.27202076420457444,0.3463492943000267,1.266437708751867,-0.6136695615629019,-0.9097816785925635,-0.9798698523458265,-0.6653319973266479,1.2852862655119774,-0.7841717752726938,0.6863745110336229,0.2824999625378144,1.2221011650820797,-0.9469192070568504,-0.45637516547726353,-0.41520711643101715,0.08387756303484165,-0.5616139013450411,-0.9305752827152675,-0.6154014315213083,0.5263159377623909,1.7066819217440816,1.6507747090453435,0.19717857811928646,-0.682860418332879,0
0.8820270268626367,0.6280320030710668,-0.009903292284735086,0.05750241867752872,-0.03529022114318089,-0.6136695615629019,-0.9097816785925635,1.0205436952733893,-0.6653319973266479,-0.77803678980547,-0.7841717752726938,0.09810536093540459,-0.43666736057342126,-0.48016252020597416,-1.0199501084209683,-0.05470663656113117,0.025596155112887577,0.08387756303484165,-0.8095437704233032,-0.7998400604197384,-0.4480875526279628,-0.28443910611387374,-0.993015237867358,-0.8499365007440631,0.12224102226222054,-0.9281870000324313,0
0.8820270268626367,0.6280320030710668,-0.5446229350012067,-0.5317452075923682,-0.03529022114318089,-0.6136695615629019,1.0991648035240769,-0.9798698523458265,1.5030090301053793,1.2852862655119774,-0.7841717752726938,-0.8702761630724319,-1.046719641557435,-0.22544423153148457,0.09985704582884157,0.46429363747549235,-0.7930384920400783,-1.4393772742209272,1.1541594712313896,2.0863913856430933,0.6843417496379729,2.085556052866974,-0.0018935409141178424,-0.04788766735222234,-0.3059735826353016,1.0295191219299953,1
0.8820270268626367,0.6280320030710668,-0.009903292284735086,-1.1209928338622634,-2.2048367709682624,-0.6136695615629019,-0.9097816785925635,1.0205436952733893,-0.6653319973266479,-0.77803678980547,-0.7841717752726938,-0.07385023678561305,-0.7491331630286479,-0.23786951390584996,-0.19226655962763067,-0.7432812575602155,0.21451184291741798,-1.0585635649069849,-1.098178543380086,-1.071367060571991,-1.1561109181888274,-0.059021805128307105,1.7695515816254435,1.713817848787934,0.2400000386090393,-0.8251498357186197,0
0.8820270268626367,0.6280320030710668,-0.8067404069210461,-0.5317452075923682,0.3986190888218359,-0.6136695615629019,1.0991648035240769,1.0205436952733893,-0.6653319973266479,-0.77803678980547,-0.7841717752726938,2.442131666711383,0.7189601310467024,-0.5795647792008971,2.226273457214079,0.8659621663916247,-0.7930384920400783,0.08387756303484165,-0.6313056307128112,-0.2165598378704555,-0.7255837420120481,-0.5173288038171943,-0.7230455219062147,-0.20199312005633166,-1.1838135226752224,-0.682860418332879,0
0.8820270268626367,0.6280320030710668,-0.5446229350012067,-0.5317452075923682,-0.03529022114318089,-0.6136695615629019,-0.9097816785925635,-0.9798698523458265,1.5030090301053793,1.2852862655119774,1.2752307995939438,-0.18245377218836117,-0.15891998061321996,-0.16331781965965775,0.9275405946221795,0.11743701868864007,0.5293713225916359,-2.0486792091232346,0.6138943833892067,0.7388129404430253,0.24769333398948618,1.0506291074581011,0.4640815852653917,0.4109262941077387,-0.3166789477577398,0.916668894348202,1
-0.8130941863973514,-1.4692847479255242,-0.5446229350012067,-0.8321459582397654,-0.686154186090706,-0.6136695615629019,1.0991648035240769,1.0205436952733893,1.5030090301053793,1.2852862655119774,1.2752307995939438,-0.7797732169034751,-0.1787590791818058,-1.1076392801114248,-0.5330774326601816,2.5244506658502406,0.025596155112887577,1.2263186909766683,1.3996223764382265,0.8192653849325816,1.9147108834512334,1.4292305411576163,1.1556478439603766,1.587731569302754,-2.168707113939523,1.5152657536951089,1
-0.8130941863973514,0.6280320030710668,1.8563731077845207,1.22444379619242,-1.1200634960557228,-0.6136695615629019,-0.9097816785925635,-0.9798698523458265,-0.6653319973266479,-0.77803678980547,-0.7841717752726938,-0.8023989534457142,-1.0814380640524601,0.5759864816150808,-0.5622897932058288,0.4634372013797222,-0.6670947001703911,-0.5254243718674659,-0.5357107806950733,-0.20650328230926096,-0.8418872919744956,-0.017923623180662564,-2.2208227131974922,-2.3139383014330996,0.775268294730942,-0.3099640141495599,0
0.8820270268626367,0.6280320030710668,-0.009903292284735086,-0.5317452075923682,-1.1200634960557228,-0.6136695615629019,1.0991648035240769,-0.9798698523458265,-0.6653319973266479,-0.77803678980547,1.2752307995939438,0.709000247575862,1.2694951163249584,-0.6106279851368105,0.4698802794070396,0.018946867675089556,-0.7930384920400783,0.08387756303484165,-0.3106003274274971,-0.6489917270018204,-0.3868751579108854,-0.4986478120228102,0.22369759160135946,0.14474414852791406,0.5504556271597427,-0.7809910510126999,0
0.8820270268626367,0.6280320030710668,0.7869338223515759,0.6351961699225247,-0.2522448761256893,-0.6136695615629019,-0.9097816785925635,-0.9798698523458265,-0.6653319973266479,-0.77803678980547,1.2752307995939438,-0.6349685030331446,-0.7888113601658194,-0.7286681676932814,-0.7984230409498104,-0.2653899161205523,-0.47817901236586074,-0.6015871137302543,-0.9705131630338165,-1.3227809496018543,-0.8337256393455519,-0.7726356916737752,-1.6586939895523705,-1.7745692169687177,0.89302731107776,-0.6239820387249864,0
-0.8130941863973514,0.6280320030710668,-1.6035775215573584,-1.1209928338622634,1.0494830537693587,-0.6136695615629019,-0.9097816785925635,-0.9798698523458265,-0.6653319973266479,-0.77803678980547,-0.7841717752726938,-1.490221344329785,-1.091357613336753,0.1224636749507454,0.27026248234511707,-0.359597886655253,-0.7930384920400783,-2.0486792091232346,-0.5406447084379242,-0.43780406021673524,-1.3805563654847786,-0.5272919994408655,-0.28665611802381724,-0.33158179619387806,0.6789200086289989,-1.139167860294046,0
0.8820270268626367,0.6280320030710668,0.5248163504317366,0.05750241867752872,-0.9031088410732144,1.6295414709068945,1.0991648035240769,-0.9798698523458265,-0.6653319973266479,-0.77803678980547,1.2752307995939438,0.6954248056505188,0.47593117358152615,0.17216480444820687,-0.26773182437055254,-1.43442518684661,1.2220621778749143,1.3024814328394567,-1.070425199826549,-1.0814236161331854,0.05589449720930973,-0.5235558010819888,1.869403394378196,1.6087459492169505,0.561160992282181,-0.16276806512982855,0
-2.5082153996573395,-1.4692847479255242,0.5248163504317366,-0.24289833196987018,-1.3370181510382313,-0.6136695615629019,-0.9097816785925635,-0.9798698523458265,-0.6653319973266479,-0.77803678980547,-0.7841717752726938,-0.06479994216871758,-0.9624034726409453,-0.3993981847725994,-0.9931721112541253,-0.670484189419765,0.907202698200697,-0.5254243718674659,-0.5252261842415149,-0.7998400604197384,-0.9235038182639324,-1.4862495782192433,-0.2792596874495397,-0.15996436022793817,0.13294638738465875,-1.0606633541501895,0
0.8820270268626367,0.6280320030710668,0.2626988785118972,0.3463492943000267,0.1816644338393275,1.6295414709068945,1.0991648035240769,-0.9798698523458265,-0.6653319973266479,1.2852862655119774,-0.7841717752726938,-1.3544669250763501,-0.7044951912493297,-0.5982027027624451,-0.7546045001313395,2.5244506658502406,-0.7930384920400783,-0.44926163000467745,1.2435869115705638,1.0002833850340835,0.9373529811352271,1.4304759406105754,0.8819799127120934,1.4511380998604753,-2.511278797857541,1.4220416526492787,1
0.8820270268626367,0.6280320030710668,-0.27202076420457444,-0.5317452075923682,-0.686154186090706,-0.6136695615629019,1.0991648035240769,-0.9798698523458265,-0.6653319973266479,-0.77803678980547,1.2752307995939438,-0.03764905831803035,-0.9872023458516777,-1.0393002270524152,-0.8495446719046931,0.00952607062161924,-0.7930384920400783,-1.2870517904953502,-0.7614379749305059,0.034854051159408095,-1.1499896787171195,-0.4201876464863974,-1.4774814404825614,-1.3928079818608112,0.3898751503231719,-0.9478131265683958,0
-0.8130941863973514,0.6280320030710668,1.5942556358646813,0.3463492943000267,-1.987882115985754,1.6295414709068945,1.0991648035240769,-0.9798698523458265,-0.6653319973266479,1.2852862655119774,-0.7841717752726938,-0.9426785200075971,-1.121116261189632,-0.6230532675111758,0.5891640849684324,-1.1021279816878478,0.08856805104773116,0.6931794979371492,1.4045563041810774,0.42705971804599463,1.8698217939920434,0.7467516409361221,1.7732497969125822,1.885435284753874,-1.3015725390220412,1.5643310700350195,1
0.8820270268626367,0.6280320030710668,-0.009903292284735086,-0.5317452075923682,-1.1200634960557228,-0.6136695615629019,-0.9097816785925635,-0.9798698523458265,-0.6653319973266479,-0.77803678980547,-0.7841717752726938,0.04832874054247827,2.48463990365084,1.0295092882794163,-1.0296875619361843,-0.2962216155682724,-0.03737574082195601,-0.14461066255352367,-0.9137729939910301,-1.3831202829690215,-0.7255837420120481,-0.552199988500044,1.4293157752086596,1.4476357032081093,0.06871419665003027,-0.8202433040846282,0
-0.8130941863973514,-1.4692847479255242,1.8563731077845207,1.5248445468398173,-0.4691995311081977,1.6295414709068945,-0.9097816785925635,-0.9798698523458265,1.5030090301053793,1.2852862655119774,1.2752307995939438,-0.16887833026301755,1.6712368623388214,-0.734880808880464,2.226273457214079,-1.1689299971579081,2.355556304702098,1.6071324002906104,1.7493145052127899,1.975769274469953,1.9085896439795254,1.364469769603752,-0.14982215239967617,-0.05139006400458876,-0.9697062202264612,1.5839571965709838,1
-0.8130941863973514,-1.4692847479255242,1.0595359931482098,1.22444379619242,0.1816644338393275,-0.6136695615629019,1.0991648035240769,1.0205436952733893,1.5030090301053793,1.2852862655119774,-0.7841717752726938,-0.22318009796439162,-0.575541050553522,-0.3745476200238687,1.170976932502573,-0.511187075606544,0.7812589063310098,-0.5254243718674659,2.146495688512294,0.05496716228179718,1.1617984284311784,1.7530343989269386,-0.6379865703020182,-0.5102040254645498,-0.916179394614271,1.446574310819234,1
-0.8130941863973514,-1.4692847479255242,-0.009903292284735086,0.3463492943000267,0.6155737438043443,-0.6136695615629019,1.0991648035240769,1.0205436952733893,-0.6653319973266479,-0.77803678980547,1.2752307995939438,0.06190418246782188,0.15354582184200674,0.0851878278276493,-0.9225755732688111,-0.998499214099677,-0.7930384920400783,2.3306784479871006,-0.42778111132020796,-0.9004056160316838,1.2842232178653339,-0.45256803226332953,0.10535470241291216,-0.17397394683740283,0.7110361039963136,0.29353937683133846,0
0.8820270268626367,0.6280320030710668,-0.5446229350012067,0.3463492943000267,1.7003470187168839,-0.6136695615629019,-0.9097816785925635,-0.9798698523458265,-0.6653319973266479,-0.77803678980547,-0.7841717752726938,0.8221289302870578,1.5323631723587205,-0.8839841973728483,-0.703482869176457,1.2068237325080873,-0.7930384920400783,0.08387756303484165,-1.452187858929644,-0.7294441714913767,-0.5521486236469947,-0.3753532661798759,1.0890799687918749,0.7401515794301533,1.0857238832816454,-0.45715996316929125,0
-0.8130941863973514,0.6280320030710668,0.5248163504317366,0.3463492943000267,-0.2522448761256893,-0.6136695615629019,1.0991648035240769,-0.9798698523458265,-0.6653319973266479,1.2852862655119774,-0.7841717752726938,0.7497265733518929,2.48463990365084,-0.4677372378316089,0.4309304653461768,0.3521005089296214,0.4034275307219487,1.3024814328394567,1.3138953819061905,1.4025456074818647,1.9718424518538393,0.7915860212426432,0.023993966095855496,-0.2965578296702169,0.3149375944661052,1.5103592220611182,1
0.8820270268626367,-1.4692847479255242,1.0595359931482098,1.8136914224623153,1.266437708751867,1.6295414709068945,-0.9097816785925635,-0.9798698523458265,1.5030090301053793,-0.77803678980547,-0.7841717752726938,-1.2956400100665282,-1.0368000922731422,-1.0206623034908673,0.09985704582884157,-0.6113900988116348,-0.7930384920400783,-0.5254243718674659,0.9950403015244453,1.1310186073296122,0.7904432338142411,0.7554694371068345,0.6526905649094784,0.8207067024345744,-1.1409920621854703,1.2061542607536726,1
0.8820270268626367,0.6280320030710668,1.5942556358646813,1.22444379619242,-0.686154186090706,-0.6136695615629019,-0.9097816785925635,-0.9798698523458265,-0.6653319973266479,1.2852862655119774,1.2752307995939438,-0.06027479486026944,0.2031435682634711,2.5236494937968508,-0.8641508521775166,-1.6699451131833614,-0.7300665961052347,-0.6015871137302543,-0.27729631516325304,-0.5182565047062914,-0.9153421656349886,-0.4376232388278225,0.7488441623750911,0.5685341434642139,0.8073843900982559,-0.8742151520585301,0
-0.8130941863973514,-1.4692847479255242,-0.009903292284735086,0.05750241867752872,-0.03529022114318089,-0.6136695615629019,-0.9097816785925635,-0.9798698523458265,1.5030090301053793,-0.77803678980547,-0.7841717752726938,-1.381617808927037,-1.0764782894103138,1.464394171382204,-0.7521701367525356,1.6436061413507896,2.355556304702098,2.3306784479871006,-0.4943891358486962,-0.48808683802270797,0.5496744812604025,-0.16488075862981633,-0.4493775906579316,-0.7413622045207132,1.0321970576694552,-0.1431419385938641,0
-0.8130941863973514,0.6280320030710668,-0.009903292284735086,-1.1209928338622634,-2.2048367709682624,-0.6136695615629019,-0.9097816785925635,-0.9798698523458265,-0.6653319973266479,-0.77803678980547,-0.7841717752726938,1.0755371795601367,-0.5705812759113755,2.5236494937968508,-0.6547956016003783,-0.28337507413172247,-0.6041228042355475,-0.5254243718674659,-0.6121866607092635,-0.035541837768953935,-0.9724737340375945,-0.29315690228458646,-1.788131524602234,-1.6239661609169747,0.1436517525070962,-0.8202433040846282,0
-0.8130941863973514,0.6280320030710668,1.5942556358646813,0.9355969205699219,-1.1200634960557228,-0.6136695615629019,-0.9097816785925635,-0.9798698523458265,-0.6653319973266479,-0.77803678980547,1.2752307995939438,-0.6711696815007272,-0.8334493319451375,1.5886469951258575,-0.6718361452520059,0.9379027984363054,-0.7930384920400783,-0.5254243718674659,-0.15333138062412166,-0.8601793937869057,-0.9704333208803586,-0.1163101799644179,-1.0965652659072493,-1.214185752590139,0.9144380413226364,-0.888934746960503,0
-0.8130941863973514,-1.4692847479255242,-0.5446229350012067,-1.1209928338622634,-1.3370181510382313,-0.6136695615629019,-0.9097816785925635,1.0205436952733893,-0.6653319973266479,-0.77803678980547,-0.7841717752726938,0.6999499529589666,2.48463990365084,-0.8404957090625695,2.226273457214079,-0.49577122588268385,0.4663994266567923,0.08387756303484165,0.0797967052255871,-0.035541837768953935,-0.49705746840162496,0.3295428241948795,-1.1224527729172216,-1.6449805408311715,2.0063852838113183,-0.54547753258113,0
-0.8130941863973514,-1.4692847479255242,-0.009903292284735086,0.6351961699225247,1.266437708751867,1.6295414709068945,-0.9097816785925635,1.0205436952733893,1.5030090301053793,1.2852862655119774,-0.7841717752726938,0.19313345441280907,2.48463990365084,-0.8280704266882042,-0.9347473901628308,2.5244506658502406,-0.7930384920400783,2.3306784479871006,1.9294028678268509,-0.24672950455403914,2.9451195278553732,0.7766412278071362,0.8708852668506771,0.3303711711033181,0.6146878178943712,2.0549842334341237,1
-0.8130941863973514,0.6280320030710668,-0.009903292284735086,0.05750241867752872,-0.03529022114318089,-0.6136695615629019,-0.9097816785925635,-0.9798698523458265,1.5030090301053793,-0.77803678980547,1.2752307995939438,0.3243627263577963,0.823115398531778,0.8307047702895707,0.9762278621982581,-0.23027603619398204,-0.35223522049617356,1.8356206258789758,-0.6991471371770122,1.1712448295743905,0.28442077081973266,-0.09762918817003392,-1.425706426462617,-1.630970954221707,0.9893755971797031,-0.3050574825155684,0
-0.8130941863973514,0.6280320030710668,-0.27202076420457444,0.05750241867752872,0.6155737438043443,-0.6136695615629019,-0.9097816785925635,1.0205436952733893,1.5030090301053793,1.2852862655119774,-0.7841717752726938,-0.5173146730135008,-0.8136102333765517,-0.15710517847247493,-0.6061083340242995,-1.2100389297548684,-0.7930384920400783,0.845504981662726,1.6611205468093289,1.090792385084834,1.6555784124822714,0.7243344507828612,1.4995818656643,1.5351956195172622,-1.001822315593775,1.4956396271591446,1
-0.8130941863973514,0.6280320030710668,-0.27202076420457444,0.05750241867752872,0.6155737438043443,-0.6136695615629019,1.0991648035240769,1.0205436952733893,-0.6653319973266479,-0.77803678980547,1.2752307995939438,0.3379381682831399,0.07418942756766342,-0.49880044376752225,-0.38701562993194544,0.09003106362399986,-0.7930384920400783,-0.5254243718674659,-0.7102484745984269,0.19575894013852035,-0.8337256393455519,0.00324816751963949,-0.44198116008365307,-0.03387808074275818,-0.6485452665533197,-1.193139708267948,0
0.8820270268626367,-1.043401039811409,-2.1466528273557253,-2.2821572738647085,1.0868966621604583,-0.1581603819710385,-0.5018425455073521,1.0205436952733893,-0.6653319973266479,-0.77803678980547,-0.36598696619833676,-0.3501289498301022,1.6636605531550668,-0.7611133692335816,2.1108486142776943,-0.7036938097661416,-0.7930384920400783,2.1064258031807697,1.3614731719736535,1.4252754756178472,2.023073478421432,1.5582755283140872,-0.08103534770375309,-0.09501991918123007,-0.8787761594857451,2.128677334506793,1
-0.8130941863973514,0.6280320030710668,-0.31755716015292035,0.023829020779018828,0.6403701115704952,1.6295414709068945,-0.9097816785925635,1.0205436952733893,1.5030090301053793,-0.77803678980547,1.1575432956566152,0.5510077029066044,0.8174430095613159,-1.183607211555366,-0.1999163724081034,0.24966616882549997,-0.5555453843321871,0.08387756303484165,1.1076937422709694,1.0215446312662124,1.2557153521565663,1.4549235816487343,-0.5257729976732379,-0.9251870061149621,0.7758747141362026,1.201948399296269,1
0.8820270268626367,-1.4692847479255242,-0.864261819265465,-1.1843799866353526,-0.7731821904102552,-0.6136695615629019,-0.9097816785925635,0.21810874001914238,0.6332125635726645,-0.77803678980547,-0.7841717752726938,0.3189721634788664,0.11746086529636945,0.046336174230861615,-0.5611298091362487,-0.8855454234117704,-0.4159215536932022,-0.5409161477889285,1.0814490154602014,1.1269845756058405,0.9214910016021818,0.9371463802303668,-1.0338694450863235,-1.0187696310621632,-0.3703879573021879,1.1123456641286422,1
-0.2957176517863871,0.6280320030710668,-2.1455817750808834,-2.2821572738647085,0.4352214214998481,0.0709922439184405,-0.29662094353368307,1.0205436952733893,-0.6653319973266479,-0.77803678980547,-0.15561108048656802,-0.3859255527675825,0.8312851537166226,-0.6811394545981401,2.0527819340947566,0.2859668257003738,-0.3117673225348698,0.43256780839780173,1.5031890210675243,2.2392602191271798,1.7108666969163877,1.4549789735822143,0.547546934211863,0.45805839062403914,-0.3870189459686099,1.311629929668309,1
0.8820270268626367,0.6280320030710668,-0.10515095455006018,0.2759152521768561,0.6674398612958607,-0.6136695615629019,1.0991648035240769,1.0205436952733893,1.2438225413445525,1.2852862655119774,-0.5380069351613419,2.59389082114829,0.3541492732595075,0.1797413128557901,0.49474779693106263,-0.5433778555449573,-0.2872452807902486,0.011046386063784053,1.4898200554249115,1.1608659942246087,1.260386897037987,1.0712010656900408,-0.30639636630030265,-0.24996325248020712,-0.7201121978334509,1.368556441350144,1
0.2452616051789892,0.6280320030710668,-1.3069343125007125,-0.9744421785024842,0.5616153645872536,1.6295414709068945,-0.15512906506959068,1.0205436952733893,1.5030090301053793,-0.002957836683257442,-0.7841717752726938,-1.08808103059232,-0.7316586158564371,-0.12565671808834392,2.129759513197338,0.6596888460806192,0.2941216027373219,-1.1540621770269206,1.680561411876032,1.877548960426665,0.7133095604162716,0.7230034065395041,1.0500014910750992,1.026869640745935,-0.4618134567401353,0.8424988053665396,1
-0.8130941863973514,-0.8492472664592231,-0.0873940466308607,0.46441043695655104,1.0740203958154821,1.6295414709068945,-0.9097816785925635,1.0205436952733893,1.5030090301053793,0.675298465594547,-0.17534300144119108,0.30015633263321256,2.0110326075933944,-0.9511270495561226,-0.722441843751304,1.8736222758006453,-0.7185720372424513,1.6664484210252266,1.6803408998667257,0.13382173863158664,2.4474672664534,0.9666231556062934,0.46198470273268405,-0.04548862356917549,0.6874797485302232,1.8040414999610759,1
-0.6342686286818987,-1.248029869649511,-1.913763828121057,-2.004864918997165,-0.35476217738764043,-0.6136695615629019,1.0991648035240769,1.0205436952733893,1.5030090301053793,-0.77803678980547,1.2752307995939438,-0.4885823827928502,-0.5377268176434529,-0.9438576352739494,-0.07814584021473861,2.2547134516389105,-0.7930384920400783,0.13208595551159463,1.603275839403341,0.21779459733630163,1.1654083199949883,0.5464257315743137,0.3239070675795074,-0.05895677082416184,0.5661725779741893,1.2763769921285433,1
0.10814559185051831,0.6280320030710668,1.8563731077845207,1.255832634872616,-0.9644360322417349,-0.6136695615629019,1.0991648035240769,1.0205436952733893,1.5030090301053793,1.2852862655119774,-0.7841717752726938,0.12024405293185877,1.2305619304885513,-0.17844345321038757,1.5601468143954833,0.3123028402395916,0.0077957096670330794,0.08387756303484165,1.2753799080979982,1.386809557232392,1.2772621575284988,1.4725205105865637,-0.2130285812122918,-0.07957697486600646,-0.8796380838929005,1.1650885353794809,1
-0.8130941863973514,0.6280320030710668,1.4774512433212663,1.22444379619242,-0.49658750732828033,1.6295414709068945,0.6603296556252982,-0.9798698523458265,-0.19167863525919776,1.2852862655119774,-0.7841717752726938,-0.4137178793010542,2.2051187455883614,-1.0969671710935136,1.52567517664614,-0.5893331169545081,2.355556304702098,0.5460385742841998,1.587276585590198,2.044509931244907,1.4426457254551919,1.501019895307612,0.7762421417379807,0.8416561406130731,-0.9923161034262707,1.5333951199304274,1
0.8820270268626367,0.6280320030710668,-0.4748498218427032,-0.4114376104843234,0.037164000673844455,0.6952217607106693,-0.9097816785925635,1.0205436952733893,1.5030090301053793,-0.77803678980547,-0.7841717752726938,-0.8658276067330244,-0.4640720420709446,-0.11939826500118142,1.6762561226987982,0.1576608625294672,-0.35743353409208556,-0.7603430455436573,1.2919740648292353,1.5778470083778382,0.8951396745991976,1.4132129269276286,1.428712156750798,1.4386334031746613,-0.6923309832765203,1.000420373592095,1
0.8820270268626367,-1.4692847479255242,0.23088082371835986,0.3126351617652749,0.15634154268342287,1.6295414709068945,1.0991648035240769,1.0205436952733893,1.5030090301053793,1.2852862655119774,-0.5437988399524436,-0.7256717623717315,-0.8280828236778541,0.1208570899427438,0.20005707488311875,0.42428675466061605,-0.6533872876509231,1.6311576291431398,1.588403253121335,1.3134009663210493,1.8702204577222759,0.9301002222012512,-0.6833680331524722,-0.10423498639667317,-2.425433022343619,1.7371581813957224,1
-0.2632900608760551,-0.789030502268822,0.8861023393994027,-0.5317452075923682,-2.574228087405813,1.6295414709068945,1.0991648035240769,1.0205436952733893,-0.6653319973266479,1.2852862655119774,-0.7841717752726938,0.2608643869452162,-0.027439972043725114,0.6124009238528749,1.5500036334983296,-0.5008707298258803,0.10045428348733215,0.08387756303484165,0.7577271273780751,1.6612812049603365,1.2553288784926562,1.1006101350698048,0.8903565726545104,1.0358451943209088,-1.1829311183385123,1.3700543694201992,1
0.8820270268626367,0.6280320030710668,1.3984071533120948,1.6345466231888481,0.42510663891144057,1.3556724239906712,1.0991648035240769,1.0205436952733893,1.5030090301053793,1.2852862655119774,-0.7841717752726938,2.7521042573400596,-1.0271480853869008,0.1560569817819936,1.3308436695262502,-0.20752836014085474,-0.7469098321702261,-0.8522210757462718,0.7520084033222947,1.357876810363477,0.8179861432147041,1.660864132819718,0.9903099291922957,0.5519423726157763,0.6191769470726324,1.2762998758480144,1
-0.8130941863973514,0.6280320030710668,0.5248163504317366,0.3463492943000267,-0.2522448761256893,0.8302902296874873,-0.19399839020206044,0.30780067299677105,-0.6653319973266479,1.2852862655119774,0.5414701144388054,0.8866303873088901,2.48463990365084,-0.30777361529394814,0.7505994791940127,0.618373466098922,-0.04245907036820709,0.8612463384838969,1.3730480085651817,1.046507146888668,1.597518219103089,1.2685774818374564,-0.2830968775550132,-0.5625888647209409,0.3080465277926164,1.3619170061049615,1
0.8820270268626367,0.6280320030710668,-0.009903292284735086,0.3463492943000267,0.6155737438043443,-0.6136695615629019,1.0991648035240769,1.0205436952733893,1.5030090301053793,1.2852862655119774,-0.592294027887682,2.584512284122219,0.40252203091533356,-0.048167986912738936,0.23124603784143938,-0.6916058762473757,-0.38000397833260935,0.13355097252337272,1.3319316785912805,1.1756794754096755,1.2961115033458805,1.0507856261942425,-0.13135236326986738,-0.11589049322667103,-0.6254677123343819,1.3747736440865166,1
0.420729878118584,0.6280320030710668,0.3340294957484571,0.7752436385885384,0.8531552008278653,-0.003219497452465969,-0.9097816785925635,1.0205436952733893,-0.6653319973266479,-0.2165400455547547,1.2752307995939438,0.27072965040229047,2.48463990365084,0.16965878995707026,-0.5076940287132763,0.8168756647815952,-0.42676896129956826,0.2289619308717953,0.6318760817769926,0.8567548940914305,1.173492665519439,1.0920464519099957,-0.046612247951551014,0.12122515818786744,-1.0671756161449215,1.2904661536948072,1
0.28481907655123073,0.6280320030710668,0.08613714564878941,0.1592660266100951,0.041145047201696955,1.6295414709068945,0.391393110570709,1.0205436952733893,0.09859596867314813,1.2852862655119774,-0.7841717752726938,-0.9616435827210528,-0.8091087179970199,-0.2585368123457338,-0.1344404807697466,0.13986980083640518,0.25955890253518016,2.3306784479871006,0.5862397534620722,1.3442476046762069,2.546454411037702,0.6582777381328311,0.07223293922037155,0.12412033402122657,-1.089293594268587,2.1034016227300416,1
-0.8130941863973514,-1.468193352536415,-0.8061838953190198,-0.24244139179137209,1.0492572573463996,-0.6136695615629019,-0.9087362690584494,-0.9788288831545273,-0.6653319973266479,-0.77803678980547,-0.7841717752726938,0.21555432487235152,0.16829351718453409,2.421121516715013,1.779800232563111,1.3803458667612185,2.3547370765522,0.5402991474688543,1.0335295358381336,2.2567143797631286,1.5552339758423988,1.2751088456727258,1.7395944373596162,2.1895204757166695,-2.3284018294840427,1.5347667711678066,1
0.2843800793557736,0.6280320030710668,0.5248163504317366,0.7278465588783212,0.4500711258690666,1.6295414709068945,-0.9097816785925635,-0.27458633566634183,0.7385195139212125,1.2852862655119774,1.2752307995939438,0.5639664004345365,2.0832508325396315,-0.7582140804707207,0.4704766213553775,1.493795848648424,-0.33003329116523145,-0.12263520995989802,1.7611643921634825,1.5591261238633887,1.1604659998760312,1.6398379779091579,0.8135299233257177,0.5894716293825001,-0.03538612310077091,1.3432850630080864,1
-1.9915742235495957,-0.8300619098008736,1.9587135939504992,1.22444379619242,-1.1386470129118011,1.6295414709068945,1.0991648035240769,-0.9798698523458265,0.8421393236489727,1.2852862655119774,-0.7841717752726938,-0.10587795965351272,1.615711575444582,-0.7889137077167109,2.226273457214079,-0.6520878068321849,2.355556304702098,-0.10759079865276061,1.1797188805790686,1.5568600032572963,1.1547750760197208,2.046308373914052,0.6243794584307485,0.497398064871473,-0.2595059519115366,1.2546235916725101,1
-0.8130941863973514,0.6280320030710668,0.6128610693955064,0.9831572493032176,0.7253598373584202,1.6295414709068945,0.7683800065926499,1.0205436952733893,1.5030090301053793,1.2852862655119774,-0.7841717752726938,-0.1369454314235253,1.51794833976461,0.9592742493055207,-0.6659134594422543,-0.6578587887550318,-0.6878320826687515,-1.0460229236678618,1.7951475947996114,0.9652674372912233,0.8039557246076615,1.0005399601343958,0.4209523206003122,0.546987755086271,-0.8675987195926286,0.9400176180984516,1
0.8820270268626367,-1.4692847479255242,0.11710494339063882,0.19207923421039624,0.06579124812892026,1.6295414709068945,1.0991648035240769,1.0205436952733893,1.5030090301053793,1.2852862655119774,0.31573335019811877,-1.1147355733021462,-0.8798343123479777,0.5149882340979108,-0.23378750464911768,0.2230421469354517,-0.15401864864066295,0.9000331905495939,1.398950244323315,1.4980822261313327,1.528726217930039,0.8063897335722588,-0.3299012834061823,0.22028331802400652,-2.2333049460650893,1.3726431011234164,1
0.8820270268626367,0.6280320030710668,-0.29619684790709044,0.17966623437838436,0.9442969346079922,1.6295414709068945,1.0991648035240769,-0.9798698523458265,1.5030090301053793,0.22232406800841786,-0.7841717752726938,-1.067608891140282,-0.9845027990610419,0.7055398517626505,-0.08697575560657189,0.4116576081820868,-0.7930384920400783,-0.21153027661281718,1.5501288989107167,1.3848795721376501,1.0325182505641886,0.9686396738675018,-0.9713824476493773,-1.0332321585049906,-0.22874279586814078,1.3084471028133287,1
0.8820270268626367,-1.4692847479255242,0.3603558558263613,0.05750241867752872,-0.6361991035958426,1.6295414709068945,1.0991648035240769,-0.3646147257800123,1.5030090301053793,-0.14343296548306772,1.2752307995939438,-0.4868341172181738,-0.4945764580665561,1.0323910131468468,-0.7180890494492805,0.11877692553014921,0.010991442479630686,-0.33802505160127794,1.0819812272271006,1.3839202882003305,1.1051298685689208,0.9226875150880349,-0.6958765898392096,-0.32932607190960306,-1.485111802191744,1.091440204784093,1
-0.8130941863973514,0.6280320030710668,0.9154759262760532,1.1466248853205514,0.35701521362119937,1.6295414709068945,-0.36854671836918984,1.0205436952733893,1.5030090301053793,1.2852862655119774,-0.7841717752726938,-0.6337648466251323,0.22397008793683754,0.9100512112322988,-0.27740666151028603,0.2480164154900817,-0.7591076811450306,-1.0029200050779448,1.075091826496778,0.9140455147943866,0.829359888391848,0.610074571735478,0.06933878993504554,0.039565627080202004,-0.47985429122814877,1.2732290993128856,1
-0.8130941863973514,0.6280320030710668,-1.813230175482529,-1.352024796778381,0.8854925672385426,1.6295414709068945,1.0991648035240769,1.0205436952733893,1.5030090301053793,1.2852862655119774,-0.7841717752726938,-1.287074265425349,-0.7787948146244704,-0.12486624852355668,1.4486446897001755,0.9907726340057309,0.6825258254972602,-1.0675118915594144,1.7539559746173494,1.4516072088911254,0.7259039408089345,0.30100115520711557,0.4797918510223994,0.2489748277721422,0.20341169868988299,0.9733567023258337,1
-0.8130941863973514,0.6280320030710668,1.3701665614573733,1.566750886489638,0.362107563830561,1.6295414709068945,0.7610771063790249,1.0205436952733893,1.5030090301053793,1.2852862655119774,-0.7841717752726938,0.6746339193439984,-0.3394666946220838,0.6221757126761069,-0.4570490866868208,-0.9530180119490296,-0.7188552500787172,2.3306784479871006,0.7956498434877602,0.8615760903341668,2.3376133393382235,0.9455203024541862,-0.7391191798064508,-0.6294220526210456,-1.187312419584473,2.2271910436122284,1
0.8820270268626367,0.6280320030710668,-1.0501630747979895,-0.7999908783481521,0.44608100460182903,-0.6136695615629019,1.0991648035240769,1.0205436952733893,-0.19097656469221125,1.2852862655119774,-0.7841717752726938,1.1630287157566614,0.24561375441318822,-0.9004726559727669,-0.6471695236133259,-0.8467183808634942,1.355845221131335,0.08387756303484165,1.1268156610149205,0.8120439566195251,1.2323210785922645,0.862070485181768,0.22669513451029386,0.11113879742454119,-0.2742004023427518,1.3466045660020882,1
0.13295635638511227,0.6280320030710668,1.825914008019987,1.4848311425571206,-0.5902823584009171,-0.6136695615629019,-0.022032250090914696,1.0205436952733893,1.5030090301053793,1.2852862655119774,-0.7841717752726938,0.2343710140344902,2.4517641863786945,-0.6412640468021489,1.8519727999556566,1.7609096885438273,1.6335951036216827,-0.5679309505802181,1.6317478084618464,1.3068833509816131,0.9390192964861959,0.6755636749528438,-0.14735229801456168,-0.048569379223426135,-0.6833774427259744,0.9281924334815614,1
0.8820270268626367,0.6280320030710668,0.10018332459188696,0.3463492943000267,0.44034546948163533,1.6295414709068945,-0.9097816785925635,1.0205436952733893,1.5030090301053793,0.45204178319680133,1.2752307995939438,-0.8514694591405613,-0.2669756896052998,-0.8567503571924913,2.226273457214079,-0.17699234267346253,0.5959994720212054,-0.3892079564325519,1.5647030660499235,1.735960308104874,1.0524390513885986,1.3547202714341309,0.3086952070831989,0.3942313670755078,-0.9365578773545677,1.441947566599974,1
0.8820270268626367,0.6280320030710668,0.490117191242553,0.6164522470929723,0.20982178400446505,-0.6136695615629019,1.0991648035240769,1.0205436952733893,-0.5246234755579858,-0.77803678980547,1.2752307995939438,0.178134535460919,-0.869851190577598,-0.1300325291921024,0.368147341306679,-1.0391203595649914,-0.1452979029079739,-1.0259941345297054,1.4981488296444918,1.8705183154157916,0.7931968719599629,1.6504469738752834,0.5819135764335345,0.6336574306256351,-0.6046546480999857,0.8253389917814181,1
-2.0777979951235412,0.6280320030710668,-0.009903292284735086,-0.09327927703571925,-0.19375887598386493,1.6295414709068945,1.0991648035240769,1.0205436952733893,-0.6653319973266479,-0.2541272621342635,0.7523167423392263,0.06328086488072279,1.8587363777038435,-0.6070071945807777,1.4207705764600873,-1.22142343159648,0.28755580894321847,-0.9038524118952683,2.0089870896722464,1.6894271719329863,0.7765302319417048,1.357113178819375,1.3332200979177162,1.4709889006257986,-1.0862915903716457,1.0303807438942414,1
-0.3946093352335327,-0.9515074459140389,0.5248163504317366,-0.08796871533297493,-1.1709133962561578,1.6295414709068945,1.0991648035240769,1.0205436952733893,-0.6653319973266479,1.2852862655119774,-0.7841717752726938,0.5414551679161956,0.7386266867718266,0.17018414209377006,0.7517558749331814,-0.2667351779066349,-0.7930384920400783,0.08387756303484165,0.6393215665724602,1.057888667177519,1.2328049450953,1.1334012726989096,0.6673210552707515,0.5230136304519222,-0.2532168536915784,1.3575972332695825,1
0.8820270268626367,0.6280320030710668,-0.7866189619589266,-0.7106971939298327,0.09648618226823058,-0.6136695615629019,-0.2996732158802011,1.0205436952733893,0.8444931250480893,1.2852862655119774,-0.7841717752726938,1.0425911210212324,0.717275909792519,0.03683444743342301,-0.12959501956753583,-0.8645520553778672,0.18557232930969625,-0.3403819776871857,1.6486463602931805,0.624614202471716,1.1251606024508194,0.8865138801502309,0.940911712380677,0.912763312174343,-0.5777362114684235,1.1799843308667208,1
0.8820270268626367,0.6280320030710668,-0.5446229350012067,-0.5317452075923682,-0.03529022114318089,-0.6136695615629019,-0.331748692419775,-0.9798698523458265,1.5030090301053793,1.2852862655119774,0.682680111619481,-0.38036050295419466,-0.4143660533219793,-0.1811934154976496,0.6893916953986281,0.21723786899298378,0.14887512674952474,-1.8733651228358976,0.7693445383984574,1.1265508915109783,0.3733299250344523,1.3484080269318952,0.33000683709987777,0.2789120236424343,-0.3135986993664172,0.9491392237572038,1
0.8820270268626367,0.6280320030710668,0.5248163504317366,-0.44448533563573084,-1.8272413720084606,1.6295414709068945,1.0991648035240769,1.0205436952733893,-0.34422903148223816,1.2852862655119774,-0.7841717752726938,-0.712152529310509,-0.7320422077340112,0.28751322294395887,0.03885996190761935,-1.3678009598151661,-0.7930384920400783,0.027484029938373497,0.7410015820188945,1.2211095846904918,1.297915283249685,0.9995656713769162,0.20536635230665584,0.2865357878090912,-0.7841170667634906,1.1765516700654308,1
0.8743667234122032,0.623293084515085,-1.0712979832294394,-0.24750606803816044,1.6949546835639029,-0.6136695615629019,-0.9097816785925635,-0.9798698523458265,-0.6653319973266479,-0.77803678980547,1.2752307995939438,1.238974163840216,-1.190328972480526,2.519164494767315,-0.19409271913726844,-0.8820233605057782,-0.7931807779804395,-1.0587356557609375,0.6016728325603722,0.6180661048957512,0.7393314773145707,0.8978771285774355,-0.8452752491208593,-0.6394015491949878,-1.0141967170622106,1.2010592606327393,1
0.8820270268626367,0.6280320030710668,-0.009903292284735086,0.3463492943000267,0.6155737438043443,-0.6136695615629019,1.0991648035240769,1.0205436952733893,1.5030090301053793,1.2852862655119774,0.7258212918698888,1.4332294992374288,0.6818772388754825,0.5721480743993499,-0.7893147137159734,-1.2485361514820392,-0.13817397843196752,0.4747853414053709,0.9304775698364407,1.1370594403248053,1.4058122434619245,1.3512978740472283,0.1479575519731548,-0.07778159379400115,0.12139390076783402,1.252297539069388,1
0.842386542421545,0.6280320030710668,-0.5446229350012067,-0.5317452075923682,-0.03529022114318089,1.6295414709068945,-0.9097816785925635,0.9737639361093544,1.5030090301053793,-0.77803678980547,-0.736012555101089,0.6801258480030736,1.456077498295553,0.2363596997806653,0.10471731964387865,0.10150143755041983,-0.1574291304206916,0.1123746683527227,1.8283029002370936,0.6341260374346454,1.132966668388661,1.3414533809391083,0.5633203083826024,0.45350161642822506,-0.21707617098499218,1.058668623560417,1
-0.11633662568658931,0.6280320030710668,-1.5909780516678331,-1.2258352913184896,0.6541756119678576,1.6295414709068945,0.2734134415986855,1.0205436952733893,1.5030090301053793,0.4371841193436461,-0.7841717752726938,-1.098699231657679,-0.6935704567358576,0.0015684527682488514,2.162734502976846,0.7725927545080797,0.589647121323091,-1.2515430385724793,1.7868629863220522,1.821772860494594,0.677618659887253,0.5404916075532782,0.815700472283966,0.7242856889505054,-0.2220315985638111,0.8561052134986319,1
0.8820270268626367,0.6280320030710668,0.5424892265198354,0.09607068645637139,-0.8672562893064268,1.6295414709068945,1.0991648035240769,1.0205436952733893,1.5030090301053793,1.2852862655119774,-0.7841717752726938,-1.77258298586489,-0.8365638914970829,2.4391552340414706,-0.5537385635335167,-0.6181372161917286,-0.7784696208505928,-0.25917762970489405,0.8930407071476338,1.8055665045044869,1.1186436487829912,1.0258245581537346,-0.09988375460790738,0.15606163591889619,-1.167628555389555,0.9397378462305432,1
0.8820270268626367,-0.7455610391518627,-1.2473928783459418,-1.2039028806850698,-0.0047310783530643,-0.6136695615629019,-0.9097816785925635,-0.9798698523458265,-0.6653319973266479,-0.77803678980547,-0.07353115857409875,0.9628231182970634,0.22245696597601627,1.2155182892506162,-0.032833102674669844,-0.7998966152367862,-0.7930384920400783,-0.8091577175316753,1.1082463741210686,0.9474506428508641,0.8770744048689241,1.2159774109671884,-1.5414961531138234,-1.3796114044268044,-0.6549538583443046,0.9409600093147262,1
-1.4329129785940589,-0.1388490466661414,1.4467413137447895,1.22444379619242,-0.3736398111466087,1.6295414709068945,-0.17521309883968827,-0.9798698523458265,1.5030090301053793,1.2852862655119774,-0.7841717752726938,-0.39592685847390396,1.2158992555479655,-0.5919900615752625,0.19173504007760744,-0.766445584914614,2.355556304702098,-0.5254243718674659,1.090078716371506,1.3930187865091828,1.0118140538609588,1.4810826542544602,0.4843652969666,0.396606602380687,-0.2716348178721639,1.0612280468765467,1
-0.8130941863973514,0.6280320030710668,0.5248163504317366,0.3463492943000267,-0.2522448761256893,0.9132964172270855,-0.268336018734491,0.3818225548825849,-0.6653319973266479,1.2852862655119774,0.6176747843849502,0.8945003181234873,2.48463990365084,-0.2985780888448518,0.7689756876416693,0.6336801963510013,-0.06809091071151313,0.8358818905172298,1.3764484038197229,1.026040236791596,1.5760001493807883,1.2959973884531624,-0.3007500285043926,-0.577881688053405,0.30765039406637723,1.3533837889813873,1
-0.8130941863973514,0.6280320030710668,0.7756348424510511,1.0710850006413322,0.527230621864881,1.6295414709068945,0.15683748479646187,0.08221888102133645,1.5030090301053793,1.2852862655119774,-0.7841717752726938,-0.2895602003239312,1.5710489537105694,0.2392334655486975,-0.8737238147481812,-0.8651785279029323,0.7507263529169994,-0.8084864071739373,1.6135226724387104,1.2065950302975863,0.9066295067834163,1.0837674412653895,0.4954977515452986,0.5812635559353706,-0.7544433405134625,0.9420347449690594,1
-0.8130941863973514,0.6280320030710668,-0.3940874269133849,-0.2063527481307881,0.32412781787355166,1.6295414709068945,-0.9097816785925635,0.12479218646557189,1.5030090301053793,-0.77803678980547,1.2752307995939438,0.8327462542138924,1.3823360008242207,-0.42643404367022963,0.473402178010227,0.15002423465989043,-0.25917335989198786,0.629547860216968,1.0391579492756575,1.1575916704001787,1.4280652773619675,1.512955722112141,-0.9411508735771394,-1.2232953798911883,0.4390671757361034,1.3182044361231442,1
0.8820270268626367,0.6280320030710668,0.22917355538310974,-0.5317452075923682,-1.5080711984590223,1.6295414709068945,1.0991648035240769,-0.08547113048993293,-0.6653319973266479,1.2852862655119774,-0.7841717752726938,-0.9871974376618669,-1.0401910851453091,-0.2729377266514905,1.2940411359079667,-1.1088212671113802,-1.4998180312223832,0.08387756303484165,1.5035582511657326,0.9107382936999568,1.3119745048124989,0.9422546030237094,0.4651515118884557,0.5959515250225287,-0.9376965081908347,1.0689577594780104,1
0.19159860328030642,0.6280320030710668,0.08923022586281837,0.15989712382001542,0.09329809209533599,-0.6136695615629019,1.0991648035240769,1.0205436952733893,-0.6653319973266479,-0.77803678980547,1.2752307995939438,0.46492188630596243,-0.4062958176729886,-0.25875860205013634,0.07450828125886011,-1.013051432865365,-0.3824828914524639,-0.4212356183518121,1.3920066980985775,1.7355701769444227,1.0039414615255475,1.4521340615530058,0.9894046676333152,0.9865392107181994,-0.7964055751048482,1.4883761462077276,1
0.7449708382334186,0.6280320030710668,-1.2770331183738104,-1.0733502032446858,0.3635360777844311,-0.6136695615629019,1.0991648035240769,1.0205436952733893,-0.6653319973266479,1.1184597331905808,-0.6176622268365675,0.7231727671612275,0.21907833171293695,-1.0676391524114353,-0.8884931916433021,-0.9096703019944936,1.6379386726473433,0.12698364019042635,1.0636353165138925,0.7728786452766571,1.231468035338807,0.8397013467112838,0.4358205059345234,0.27736112815369984,-0.2129071274196483,1.4273475024315498,1
0.8820270268626367,-0.6940022651474074,1.7336522812337405,1.9563786267279148,1.0022028338690834,1.6295414709068945,1.0991648035240769,1.0205436952733893,1.5030090301053793,1.2852862655119774,-0.7841717752726938,-0.56938173051147,0.1696714673145271,-0.39705064875281026,1.159473694861383,0.06990363637169017,-0.15376495051670575,0.7494872917680176,1.8615330957421026,1.079321797449799,1.5553196452356657,1.8226540721714573,0.5379288623803173,0.3475548443938322,-0.15822452485394004,1.5020350725059894,1
0.47153657848684266,0.12014590810152093,1.7960408775309205,1.9617285582662922,1.0630905568578604,-0.6136695615629019,-0.9097816785925635,0.5361236740525934,-0.6653319973266479,0.7856320817899145,-0.7841717752726938,-0.7852052554037279,-0.8885774885463729,2.14000306936778,0.32047206268461237,0.41060372249475163,-0.7551899375563628,1.0811586544170684,1.2914809820600688,1.819051987987424,1.6265151221471676,0.6734378412526439,-1.4553827545707616,-1.7250599358891217,0.4420213168993449,1.4028343412938733,1
0.5483250518546691,0.6280320030710668,1.1648010322818294,1.1675813298884692,-0.07459404356690591,1.6295414709068945,1.0991648035240769,1.0205436952733893,1.0761488871936433,1.2852862655119774,-0.7841717752726938,-0.8267736438840689,-0.9725986425861932,-0.15637758254976208,-0.2944915500858498,0.5195067550092061,-0.43901185992084557,0.6955708224838897,1.308797630276105,0.49524534756054395,1.4051989099463824,0.992754194990298,0.316300430590118,0.14667294745610177,-0.14909045202738302,1.4170165122725449,1
-0.015877604338240592,0.6280320030710668,1.5575630070551096,1.660689415702834,0.22032492748108223,-0.6136695615629019,0.03502712651502937,1.0205436952733893,1.5030090301053793,1.2852862655119774,1.2752307995939438,-0.693526630034768,-0.32925080766316495,-0.14520984134577075,-1.0286634731413598,-0.011507974799003007,-0.27056107099138055,0.08387756303484165,0.24989704628560505,0.7946685126316141,1.2871618967770282,0.5185823609100906,0.8776769336411955,0.9248754041662863,-0.8981051123674927,1.4091942264232775,1
-0.8130941863973514,-1.4692847479255242,1.041808048792068,1.2050995733933778,0.17806800709147452,-0.5764841683345159,1.0991648035240769,1.0205436952733893,1.5030090301053793,1.2852862655119774,-0.7841717752726938,-0.23998294934152897,-0.5681414768642646,-0.3670296363568186,1.149185719182332,-0.5144239962787542,0.7833466588240028,-0.5153240595400909,2.112696373919363,0.06997071169769664,1.163794023275183,1.7374888560471495,-0.6373122175707083,-0.50985567304953,-0.9135174746747122,1.4425075666396507,1
-0.1370384136430023,0.6280320030710668,1.112056463079472,0.8742382460615586,-0.4278489415825285,0.7348940815966578,1.0991648035240769,1.0205436952733893,1.5030090301053793,1.2852862655119774,0.4538907159038802,2.7521042573400596,-0.03470911620479655,-0.24677900776922496,-0.4470572308816406,-0.7279236687196772,-0.15020696388834517,0.45017499346934897,1.4856590478914942,0.6855494426153315,1.421206741057011,1.8253732821939737,0.2392947337605708,0.49338413894591626,-1.4936130413981514,1.5430364942724608,1
-0.5019239606131303,0.6280320030710668,0.9613785099819465,1.1714207163079644,0.30114231267374925,1.6295414709068945,-0.5410031360679033,0.6533315275503631,1.5030090301053793,1.2852862655119774,-0.7841717752726938,-0.8611387621094326,-0.47123910780131895,0.7041476761596187,-0.2090911292131158,0.6512749396879745,-0.7930384920400783,-0.8985145119188305,0.8669200764055799,0.9339667874505513,0.836584350070419,0.6237746404195275,-0.2779488683429878,-0.33636515413429924,-0.3974567362583451,1.4138410594964301,1
0.8820270268626367,0.2050978557810419,-0.11773211500503067,-0.3617229883984759,-0.5129494949427152,-0.6136695615629019,-0.9097816785925635,1.0205436952733893,1.5030090301053793,-0.77803678980547,-0.7841717752726938,-0.4666019834678276,-0.08726238909453587,0.10676168796109964,0.7001145960368858,-0.40941130772549705,-0.464959369475344,-0.44926163000467745,0.9844708449038417,1.042703984159037,1.02972436143084,1.6694480379882282,1.0120862214292794,0.9088130407518554,-0.3999859192587604,1.2680821153979367,1
-0.557609680411107,-1.1531823182977639,0.031182637377377857,0.6804718332654718,1.266437708751867,-0.6136695615629019,0.7963813237814672,-0.9798698523458265,-0.6653319973266479,-0.77803678980547,-0.7841717752726938,-0.3529043775093209,-1.0077296001281535,-0.5074803100568049,-0.8438957785122213,0.1173202293547681,-0.2582292276331054,0.13289149420332627,0.6472913082485943,1.5004887838921723,1.2400517345246294,1.2594033053125058,0.25237202823699667,0.5387386406832774,-1.5090722647139472,1.3710865382813795,1
0.8820270268626367,0.6280320030710668,-0.6647645343899964,-0.37529135927006485,0.5088751790921513,-0.6136695615629019,1.0991648035240769,1.0205436952733893,0.4366162603710214,1.2852862655119774,0.26241409409121763,0.8376336071824445,0.5104881834614826,-0.1256305893305163,-1.0770185466566455,-1.2014195761611204,0.8917139227294105,0.3548182487700592,0.9057032599506114,0.9181831723708315,1.337140640476822,1.154386519829532,0.3007536958017101,0.05523158718046796,0.14839138102970087,1.2663997621277254,1
-1.3287283504081422,-0.009944892685053164,1.3816564165686471,1.22444379619242,-0.28029935903014525,1.6295414709068945,-0.2986858868901707,-0.9798698523458265,1.5030090301053793,1.2852862655119774,-0.7841717752726938,-0.4345858400688275,1.2140702455411203,-0.5919900615752625,-0.0053886940154757035,-0.7723410201534274,2.355556304702098,-0.5254243718674659,1.1036489933496607,1.404762508068317,1.0150746300346294,1.408518874695864,0.4809558311865595,0.40607814881984866,-0.30979692664454017,1.0600217964444925,1
0.6419280322308748,0.3309655517757035,0.14157336628314865,-0.24289833196987018,-0.7150372641717935,-0.6136695615629019,-0.9097816785925635,1.0205436952733893,1.5030090301053793,-0.4857852461948995,-0.7841717752726938,-0.6383519899163982,0.04690308706770674,0.3818610927563817,1.1878028312398792,-0.3079831233653576,-0.5768285667141335,-0.46004941179078696,1.1655977040338064,1.0132743834107483,1.055460039444795,1.8261579994502593,1.2523793466775255,1.1618594060002039,-0.5329076901631508,1.3976878130894286,1
-1.9556755447986232,-0.7856456759091015,2.0330510555230834,1.1302915848435255,-1.4077364528547824,0.8983468586262502,1.0991648035240769,-0.3278172424128486,1.5030090301053793,1.2852862655119774,-0.7841717752726938,0.1078031238982628,1.0989753459881548,-0.44618532975065583,2.226273457214079,-0.5205130188091829,1.5345062944057535,-0.3268169802293197,0.9264974422218835,1.3734291242520316,1.1165001387695113,1.9665614610058477,0.07112138586730771,-0.03793342539243877,-0.15691970534548738,1.1008664771917351,1
0.8820270268626367,0.6280320030710668,-0.30908850646970387,-0.2085762401488444,0.1558390608070981,-0.11962241386115874,1.0991648035240769,-0.9798698523458265,1.5030090301053793,1.2852862655119774,-0.7841717752726938,-0.8593133080528212,-0.997564073228043,-0.1994469380704188,-0.0824328460101738,0.47806307142758175,-0.7930384920400783,-1.2380873295810275,1.222754468034215,1.8759790841317239,0.7131022444358076,1.959109247914488,-0.23891269432217885,-0.2430446588021396,-0.4262193849213112,1.0965175412829842,1
-0.32345763137296935,0.6280320030710668,-1.0049564812680856,-1.037352551361269,-0.16062512820607305,0.03428299400619572,1.0991648035240769,1.0205436952733893,-0.6653319973266479,-0.77803678980547,1.2752307995939438,0.5722680579779071,0.33903453325785937,-0.5225491646489631,0.2209566140082191,-0.6941076182596659,-0.7930384920400783,0.7930139048573128,1.576122649985296,1.6774016096486557,1.4553350494229504,1.1587702497429866,1.4082950848259275,1.2354158991860762,-0.7144781093396342,2.320177820112425,1
-1.1360130041897554,0.6280320030710668,-0.44275940245517376,-0.47672017996047056,-0.11794949076175454,-0.18634020658955674,1.0991648035240769,1.0205436952733893,-0.6653319973266479,-0.77803678980547,1.2752307995939438,0.6555453735758702,0.7060202603352292,-0.5801609847775648,-0.07515091641758476,-0.957808187328413,-0.5171286451817911,0.2978204578185344,1.364019709191683,1.5663313524507079,1.2430106520546942,1.0853269705533735,1.5030990927956622,1.4386309754629438,-1.0150807199096854,2.2178016298555248,1
0.8820270268626367,0.6280320030710668,-0.009903292284735086,0.3463492943000267,0.6155737438043443,-0.6136695615629019,1.0991648035240769,1.0205436952733893,1.5030090301053793,1.2852862655119774,-0.06612814327568806,2.12494268814872,0.5140351723788236,0.19945006611112934,-0.17614187624657107,-0.9139215617899304,-0.2834701668244916,0.2697650661398815,1.1716790412856462,1.1602631118945967,1.3399018956587205,1.1707442446536551,-0.019857301774204333,-0.10067816507827489,-0.3273351472618931,1.3258835756879328,1
0.8820270268626367,0.6280320030710668,-0.5446229350012067,0.0008306142440835731,0.945153301472125,1.4137971704337244,1.0991648035240769,-0.9798698523458265,1.5030090301053793,-0.5795934945576251,-0.7841717752726938,0.8802156947037858,0.32500510904204616,-0.545506686255448,2.021762060582851,-0.5822449814718753,0.28835555515462763,-2.12775399450852,1.0136883841712967,2.4954121685587753,0.269402766819405,2.0574155221459187,-1.1015871267758492,-0.5575409310599949,-1.7089587865195002,0.5195357124145195,1
0.8820270268626367,0.6280320030710668,-0.5758027181012666,-0.5317452075923682,0.02922855201753838,-0.4802506922906935,1.0991648035240769,-0.9798698523458265,1.5030090301053793,1.1625665458783594,-0.7841717752726938,-0.8958445570853946,-1.0520294832399129,-0.12456865216936608,0.12461579157460256,0.45471728912335463,-0.7930384920400783,-1.3487790491505345,1.1824410923270001,2.05887735526119,0.7172295274465681,1.9887435647809355,-0.05358361745012963,-0.11204749211056741,-0.2664969320996748,1.0446939951119458,1
0.8820270268626367,0.6280320030710668,0.15431988251543416,0.3463492943000267,0.3541746351708114,0.73770352700205,-0.11108076544078282,1.0205436952733893,1.5030090301053793,-0.77803678980547,1.2752307995939438,-1.196697940608212,-0.7962246915662536,-0.7234925034488178,1.448618220666051,0.9401096117958461,-0.7930384920400783,-0.10150191887208132,1.0555726400857854,1.6040429752782763,1.237779805205591,1.0796361987631415,-0.0858918786923259,-0.11662818293596415,-0.5342952243101339,1.4662674710983847,1
0.8820270268626367,0.6280320030710668,1.4438096155311502,0.9193600418960698,-0.8954063648148883,1.6295414709068945,1.0991648035240769,1.0205436952733893,0.3803475347483034,1.2852862655119774,-0.7841717752726938,0.36132706508349505,1.0967538314316676,0.7822719602595781,-0.3281947786665688,-0.5396952314099719,-0.91320656849909,-0.27102269909916943,0.5115846975960285,0.4167948556615807,1.075648346913151,1.7641178896836311,0.8894420720785892,0.8156914217910396,-0.4101130580206723,1.1316562425036376,1
0.8820270268626367,-1.4692847479255242,-0.6739415459446443,-0.9746518219552398,-0.7213637340707295,-0.6136695615629019,-0.9097816785925635,0.6958967924887205,1.15110919440664,-0.77803678980547,-0.7841717752726938,0.12010364287348874,-0.22133919230018462,-0.14508125546977513,-0.8053323593746385,-0.9375024367135445,-0.26551655591244827,-0.48634295993683585,0.9638994067424045,1.1293865299926489,0.9102821414716582,0.7592671042323133,-0.6858496797669145,-0.7201288974658224,-0.33203417121445944,1.2353950359149783,1
0.8820270268626367,-1.4692847479255242,-0.009903292284735086,-0.3406463788818963,-0.7682608022299201,1.6295414709068945,1.0991648035240769,1.0205436952733893,1.5030090301053793,1.2852862655119774,1.2752307995939438,-1.4175715748176074,-0.860525373136084,0.3672627589085514,-0.7098646730675797,0.25359266532889657,-0.19226529755964894,0.444114446777942,0.5044499353961682,1.4324376661514782,1.3570759610937535,1.1184961700395144,0.13714091234028197,0.2748942055594966,-1.0133741938839425,1.3171554736951165,1
-1.2619349596016216,-0.9139490794153117,0.9179508510315542,1.068420522980514,0.1816644338393275,-0.019703439023634806,-0.9097816785925635,1.0205436952733893,-0.6653319973266479,1.2852862655119774,1.2752307995939438,0.23898012363040178,0.020170502707460458,-0.6686801801865682,-0.6976600171120423,-0.299341775613985,-0.7559667300685572,-0.8480910336225448,0.25140590397037704,0.40963609017259084,0.808464716992723,1.0030588798314852,0.10477363654172042,0.43555127278633204,-1.4710727390764846,1.0123007197149334,1
-0.4586924469942061,0.6280320030710668,1.4824609335216574,1.6904964662222177,0.35326002747805135,1.6295414709068945,1.0991648035240769,1.0205436952733893,1.5030090301053793,1.2852862655119774,-0.7841717752726938,0.5938478471274903,-0.36672085789759157,0.7730033381902883,-0.5787972309252061,-0.7786542444956828,-0.7008790376319076,2.0201708243060152,0.9294048312681829,0.7225485279025624,2.1117748499363094,0.9372633353868263,-0.522285597053789,-0.4490547790166617,-1.0244165970056396,2.029929945271511,1
-0.035792919449109006,0.6280320030710668,0.1376966007540975,0.3702935297819776,0.31711875391503247,0.4149594025084813,1.0991648035240769,1.0205436952733893,-0.6653319973266479,-0.77803678980547,0.16017144813713102,-0.289979460098858,0.2407036427656099,1.9622398248540303,2.226273457214079,0.05962461588097656,0.9545142491680629,-0.5254243718674659,1.5458812405086602,1.8236231274887102,0.924973488319268,1.8829270819801038,1.0312977812499315,0.7996004086322703,-0.01351367783223345,1.278722530009792,1
-0.29741186832257127,-1.4692847479255242,1.3848761077301583,1.5776881337668947,0.5776703779216323,0.06875023007563574,1.0991648035240769,1.0205436952733893,1.5030090301053793,1.2852862655119774,-0.7841717752726938,-0.29338773869545515,-0.15306562042891025,-0.4463669500995346,1.492014598636731,-0.42677171990624313,0.5322174754304436,-0.15470606365444772,2.1630064442229675,0.4955151593236393,1.2971165905295519,1.928830052310603,-0.23409190251280232,-0.21932697500109632,-0.6458700508951967,1.4689639628417381,1
-0.8130941863973514,0.6280320030710668,-0.3802028950054317,0.09246274340571728,0.8511430892682476,1.6295414709068945,0.6400200412467103,1.0205436952733893,1.5030090301053793,1.2852862655119774,-0.7841717752726938,-1.5928975951129123,-1.0692699817987341,-0.7812556431605651,-0.7610219499802755,0.921074421827206,-0.7930384920400783,-0.15982038534551202,0.952597014492634,0.695708034648999,1.0319168417117115,0.5971305911707464,0.6237588515912872,0.40323781587567986,0.002043315339980381,1.295589541921904,1
-0.8130941863973514,0.6280320030710668,0.12145394948575314,-0.04558935681797454,-0.3932849594170202,1.6295414709068945,-0.9097816785925635,0.6705614888879463,1.5030090301053793,0.9242977307935492,1.2752307995939438,0.9025485345029913,2.399601676579797,-0.06364021134968259,2.0684760743187933,-1.0489757391146002,-0.2751145162595595,0.2970783142353338,1.740952967993929,2.4635756781308515,1.4395390932150722,2.1134794957527245,-0.8995116755852894,-0.6091817223684959,-1.28236850477939,1.237789447604916,1
-0.8130941863973514,0.5906333708378719,-0.0003683552008081348,0.3411986759835611,0.5884931173592423,1.6295414709068945,1.0991648035240769,1.0205436952733893,-0.6653319973266479,1.2852862655119774,-0.7841717752726938,-0.08777427584339459,0.040946187162345105,-0.2045995411224083,2.2035489860213833,-0.9236191014542046,-0.7930384920400783,-0.439754874956775,1.6424467694067886,1.2578086786119163,1.0442520000113618,1.6669588261937989,1.3345628637262312,1.4014375526989693,-0.8490990669289399,0.9687019219327736,1
0.8820270268626367,0.6280320030710668,0.12186281303996582,0.32674397541536737,0.36974521641359925,-0.6136695615629019,-0.9097816785925635,0.05361558373903863,0.4549108019602043,-0.77803678980547,-0.7841717752726938,-1.0334365510241286,-0.5945916797718231,-0.13010141211868487,0.7575176606018998,-0.07460651970852389,-0.6629043257147846,-0.44926163000467745,0.9406804607602633,1.1905307267066838,1.0332165715982176,1.7029341347322773,0.8431760310929474,0.9016470484633036,-0.8428743299351973,1.2125300338697196,1
-0.8130941863973514,-1.4692847479255242,-0.598902039836213,-0.013865667618157801,1.1060711574040625,-0.6136695615629019,-0.38578982538362716,-0.9798698523458265,-0.6653319973266479,-0.77803678980547,-0.7841717752726938,0.12133595587916861,-0.12782160357314284,1.6562941431055687,1.0392125893118478,1.0511524697364147,1.698559998534433,0.4613921537600021,0.9224429195355113,2.0658706847110353,1.484283464242307,1.2614827120130785,1.3512310753274,1.7607859959899683,-2.1254517675425997,1.5016179486993706,1
0.8820270268626367,0.6280320030710668,1.0575327728212585,0.6341140628024573,-0.6845286315377452,1.6295414709068945,1.0991648035240769,1.0205436952733893,-0.6653319973266479,1.2852862655119774,-0.7841717752726938,0.19845537206273894,2.064638427488505,0.5593252549493235,-0.34335933191159596,-0.5961901795544144,-1.6062471717263966,-0.6015871137302543,0.6031942171096556,0.54965980348353,0.9800334894304742,1.1226676248370588,0.5905552001438646,0.8701076443916451,-1.4932263679152338,1.2403529314664254,1
0.8234086356639793,0.6280320030710668,1.8473089155669913,1.7933148572943638,-0.05779751927381427,1.6295414709068945,1.0991648035240769,1.0205436952733893,1.5030090301053793,1.2852862655119774,1.2752307995939438,-1.332402888425325,-0.5726394226064173,2.3700625791149146,0.7468341941724248,-0.06150994107182528,-0.4890670574258681,1.8825958287549776,1.353804489892788,1.263173427162458,2.10139578236631,0.9767835107260691,1.519286913494803,1.2058175877287916,0.04724268535382492,1.5250370307912489,1
0.1332808900362208,0.6280320030710668,-0.12568229555568589,0.2187637384324329,0.6155737438043443,0.3771714364197889,0.21179999102016478,1.0205436952733893,1.5030090301053793,-0.77803678980547,1.2752307995939438,-0.212868237061282,0.010394634303327654,-1.1541369867146818,0.055207634201748484,0.12455247540743697,-0.6817780973473064,0.33900452417941385,1.022546408533973,1.3043915366544567,1.3506323191861496,0.9033559611430236,-0.11376219926529474,-0.4678004539513392,0.5680511876602317,1.2061542607536726,1
-0.8130941863973514,0.6280320030710668,-0.7439837542833512,-0.20764220136522413,0.9985578704276743,1.3662700211382224,1.0991648035240769,1.0205436952733893,1.5030090301053793,1.2852862655119774,-0.5424727582410553,-1.7506863453341397,-1.229744787515848,-0.9815378620287041,-0.8290948903460853,1.1724848417808904,-0.7930384920400783,0.17326494201227371,1.1680543910672134,0.6347065624243358,1.1362376246782437,0.7245168584607685,0.8840431887319997,0.6696871947629762,-0.05310704410703404,1.2834361533398793,1
-0.8130941863973514,-1.0735061685690208,1.0595359931482098,1.28113155319067,0.3044870905881799,-0.6136695615629019,-0.9097816785925635,1.0205436952733893,-0.25615063214197453,1.2852862655119774,1.2752307995939438,-0.10921753521632353,-0.21776673396068497,-0.5445877988412402,-1.0148969100084397,-0.48472941293807603,-0.6896449665339817,-0.4104447656252441,0.07512763593462991,0.4834390366176694,1.0328794117145783,0.8345162224000943,0.3678784066961728,0.5527602248971086,-1.1357427599085452,1.1669020076817451,1
-0.3403734408478381,0.6280320030710668,0.18667794242227537,0.265798175403155,0.12116199575318523,1.6295414709068945,-0.3495440558393905,1.0205436952733893,0.8983208349042886,1.2852862655119774,-0.7841717752726938,-0.814274480496581,-0.8822790369099016,-0.7809620287334209,-0.03567820153752879,0.04321367090166072,-0.08881935357651466,2.3306784479871006,0.5921538602036951,1.1884676545367325,2.5840815443756546,0.8590035024690509,-0.4037930116085105,-0.34478477738356045,-1.1248286504427205,2.313317653179703,1
-0.8130941863973514,-0.00041253943200869614,-0.3843983809014587,-0.5317452075923682,-0.36033403922551843,-0.6136695615629019,1.0991648035240769,1.0205436952733893,-0.015605586507844604,-0.15977819204293842,1.2752307995939438,0.6797082325713137,0.21166569771240293,-0.2574688311778238,-0.2970225828525396,-0.49647834425500975,-0.7930384920400783,1.0278050025201733,1.4669414280427597,1.6115924158226163,1.5947145680369617,0.7733562244315217,1.4065509336305597,1.318526352773171,-0.9194637874606975,2.196154587849947,1
-0.8130941863973514,0.6280320030710668,1.8965659015280918,1.0702429284969253,-1.3876349111152382,-0.6136695615629019,1.0991648035240769,1.0205436952733893,1.5030090301053793,1.2852862655119774,-0.7841717752726938,0.27648494291362136,1.0622845271503019,-0.23518062991406508,2.226273457214079,0.17989407428095028,0.1553297409016836,-0.009552099695068317,1.209092187931382,1.7894287167432392,1.3440596265041216,1.3791722515449143,-0.8028757421018651,-0.6978377730730316,-0.6750924429801487,1.119470846597372,1
-0.8130941863973514,-1.1679512785701505,-0.047563205673942205,-0.4470846376288876,-0.8706945865760745,-0.6136695615629019,1.0991648035240769,1.0205436952733893,1.5030090301053793,1.2852862655119774,1.2752307995939438,0.18780644251363987,-0.10373300153358989,0.5260691116487541,-0.10160822617846854,0.6920831632773938,-0.7930384920400783,1.8238050715599199,2.151833270407284,1.684536820606572,2.0223500471725164,0.3011391375911364,1.1066355015114142,1.1031119577174877,-0.8277669782066812,1.504042791613255,1
0.19633671964174426,0.6280320030710668,0.6389920313473253,0.06180660851804831,-1.1200634960557228,1.6295414709068945,1.0991648035240769,-0.17068631472852147,-0.6653319973266479,1.2852862655119774,-0.7841717752726938,-1.2463678524809416,-1.243849147307626,-0.5123460211913425,1.80924463415542,-0.3785406407837209,-1.5542733126928805,0.08387756303484165,1.8460774221513676,0.8749762081203505,1.2370395100639429,0.9981717426959766,0.5646791150488546,0.497609232642285,-0.3444384438858368,1.0473294121706542,1
0.8820270268626367,0.6280320030710668,0.34595844907326656,0.536647710696597,0.3521060303535861,-0.6136695615629019,0.8737009382416089,0.7960374803868466,-0.6653319973266479,-0.77803678980547,1.2752307995939438,0.35865586909288993,-0.9175584494984736,0.2264866098470808,0.31128255938482347,-1.083796622981204,-0.17808826303442826,-1.1261785697724183,1.4297560130832843,1.7519787578257981,0.7484899938339054,1.637250142291043,0.4447821489079026,0.5351383270725929,-0.7084027830516062,0.844066219110558,1
-2.2555210508695773,-1.4692847479255242,2.0794163215601316,1.269225002082831,-1.2076510831768248,1.6295414709068945,0.799688035091901,-0.9798698523458265,1.5030090301053793,1.2852862655119774,-0.4771734388251454,-0.022556420237381553,1.2998404882007464,-0.6132910069328182,2.226273457214079,-0.7746676785607451,2.355556304702098,-0.20752082575051545,1.06917054936285,1.3767506288157434,1.1168616491339227,2.100993117702318,0.41976975174664005,0.24663883103205417,-0.04053724703960415,1.149746031948348,1
0.8820270268626367,0.4930381982726675,0.024513940608883455,0.0946856803149354,-0.02132593352143941,1.6295414709068945,1.0991648035240769,1.0205436952733893,-0.5257667145650287,1.2852862655119774,-0.7841717752726938,-1.009707801470348,-0.7353827826623003,0.17972260124795503,-0.0707623509546278,0.239531015917553,0.6490878287671764,2.3306784479871006,0.6656203511518262,1.4490388700692873,2.522331333783265,0.44425224426999543,0.5495646317379972,0.5792503571012229,-1.0215856476953085,1.926883231990649,1
0.8820270268626367,0.1778233548943191,0.8299708524640044,0.8474614081191251,-0.09776363601873794,1.6295414709068945,1.0991648035240769,1.0205436952733893,1.5030090301053793,1.2852862655119774,-0.34210175945755306,-0.8924752477079692,-0.9053271482445208,-0.0075139259988582785,-0.6695929466570623,0.5422114576402881,-0.3792702328551616,0.7964578479297972,1.0455520825363906,0.5595847939850651,1.4656704332176125,1.0372490862784876,0.2561489828266902,0.16849078227751102,-0.41308323238714895,1.4742666676467135,1
-0.2519891551252287,-0.7750482697610589,-0.7144266625073861,-0.6232529452739055,0.0365243178504516,1.6295414709068945,1.0991648035240769,1.0205436952733893,1.5030090301053793,1.2852862655119774,-0.7841717752726938,-1.2398088488731955,-0.19647282284170262,0.8881910957075854,0.017581282083979688,-0.6605290595426822,0.8655138238460038,0.8275950452725045,0.4719551287036067,1.1930758233405085,1.6813446303939992,0.8539993444200401,-0.4455112677603299,-0.4115142388353089,-0.6528344715778105,1.420503875047757,1
-0.10230718339056988,0.6280320030710668,0.10440244495575746,0.76115822359951,1.266437708751867,-0.6136695615629019,-0.9097816785925635,0.18174353209688832,-0.6653319973266479,0.4201073041187616,-0.7841717752726938,-0.7973844826201862,-0.8118200852939692,0.19185319138907309,0.961349960727516,0.3678647840951226,-0.5005029920732598,-0.1396748332432013,0.8803672429095064,1.5358877444175865,1.3083350828001092,1.4459017914680388,0.7126095321167338,1.0052393508482402,-1.6079067514134058,1.3691921743851925,1
0.8820270268626367,0.6280320030710668,-0.009903292284735086,0.3463492943000267,0.6155737438043443,1.6295414709068945,0.3512686492872127,1.0205436952733893,0.14190399921507957,1.2852862655119774,-0.017491687236964815,-1.1340010841824104,-0.5880076914009533,-0.8268549805492974,0.9021818732389149,-1.1061309555054555,2.0507927334566958,-0.15351014943955554,2.6039321127149333,0.9261711588756607,1.332810474677666,1.4900756968703706,1.7026819704712566,1.5421240747168536,-0.36959498261291257,1.349230313087345,1
0.8820270268626367,0.6280320030710668,0.5568281746913785,0.9528891886702671,0.7935634137771632,1.6295414709068945,1.0991648035240769,-0.8601119795890411,1.5030090301053793,1.2852862655119774,-0.7841717752726938,-0.817248682778767,-0.8297651999750654,-0.1029408956815537,-0.7237458682162128,0.5304537760041169,-0.7666491176193956,-0.44335155083803013,1.4546847010411759,1.0846606524416904,0.8540169954410944,1.4781741360588327,-0.9968206029587472,-0.8673169154304395,-0.8237478961666735,1.3419487236726144,1
0.8820270268626367,0.6280320030710668,1.0454535293474905,0.627589051453414,-0.6747266796700797,1.6295414709068945,1.0991648035240769,1.0205436952733893,-0.6653319973266479,1.2852862655119774,-0.7841717752726938,0.2032598275776682,2.074161881012146,0.5337828811282121,-0.30030064662983813,-0.5458498734140429,-1.5735290621761984,-0.6015871137302543,0.6390832911814521,0.56124579031621,0.9790194510492792,1.1515324963415952,0.5949829355084673,0.8723229668872619,-1.486938716896006,1.2394662284469868,1
-0.8130941863973514,-0.8738125316493575,0.29373295205792543,0.762958501601211,0.8003676751537366,-0.6136695615629019,-0.9097816785925635,1.0205436952733893,1.5030090301053793,1.2852862655119774,0.6905232131609614,-0.25394724953345016,2.3177151458611465,0.9862845987973341,0.9999346804699665,0.6788843997945238,-0.5606109450665469,-0.5038001719591051,1.6052709233649163,2.0056623114576886,1.2350532918805834,1.3411724754534302,0.3796746009884307,0.005433183820987342,0.5241754185873515,1.27641176774198,1
0.8820270268626367,0.6280320030710668,-0.41651260397764406,-0.10172396240156789,0.5493236328391995,-0.6136695615629019,1.0991648035240769,1.0205436952733893,0.8408760434256072,1.2852862655119774,0.6463636793294837,0.8815037467938421,0.6196012854436848,0.23690743228768252,-1.1292120198595355,-1.30728190477504,0.5395044962541211,0.45421531398691845,0.8516609869157141,0.9950547980231141,1.3805072947820993,1.2765179284566035,0.28696398568919584,0.010829110669531211,0.2561689033229927,1.2417012200174316,1
0.8820270268626367,0.6280320030710668,-0.2566355471197663,-0.08006547276736714,0.28702059820338816,1.6295414709068945,-0.9097816785925635,1.0205436952733893,1.5030090301053793,-0.77803678980547,0.27515658506781593,-1.262579548336472,-0.8369995073685913,-0.4200023932481291,2.151206275752741,1.0375333768050998,-0.5178183232418327,-0.7473384216239111,1.2966762992439478,1.8154077045937462,0.9514369393825945,1.260930436457246,0.5685135052016319,0.6895470016993057,-0.9997038434651729,1.2400216108182693,1
0.8820270268626367,0.6280320030710668,0.04525395538564425,0.27760528428113074,0.4433775778772195,0.6236314861343311,1.0991648035240769,-0.9798698523458265,1.5030090301053793,1.2852862655119774,-0.7841717752726938,-0.8428205810199554,-0.9236135038597696,-0.1603361166758392,-0.35667321693302795,0.49877806904112765,-0.7930384920400783,-0.9352629188351103,1.3259500823213293,1.559430826677225,0.7563700783333035,1.7688802761248539,-0.595488804443802,-0.5366425384403499,-0.6071194506800509,1.197311234170985,1
0.8820270268626367,0.6280320030710668,0.5218526468192519,-0.5284792805922821,-1.9770598024027806,1.6295414709068945,1.0991648035240769,1.0205436952733893,-0.6653319973266479,1.2852862655119774,-0.7841717752726938,-0.5250576867244162,-0.7145521892156026,-0.09929754900422758,0.13919035566153623,-1.4813993490539474,-0.785359962110978,0.0963305409457309,0.7161346785391152,1.1130235719449857,1.3376893607530784,0.9916593987091742,0.26215556422090763,0.3108127035189323,-0.714676173654538,1.2246539099251756,1
-2.2100007718958476,-1.4692847479255242,-1.7724991101248813,-1.768921132117316,-0.34264396361478977,-0.6136695615629019,-0.5563572611109295,-0.9798698523458265,-0.6653319973266479,-0.77803678980547,0.9129298812461549,1.188750751960106,-1.0695438731581954,0.35400031495233836,-1.0107535852111262,0.22849625523569672,-0.7341485742319246,-0.8935452138471847,1.317339431541929,0.7525004002946301,0.7979243530969905,0.6592733996872955,0.6244406154914715,0.985611572254966,-1.715414336945244,1.168764477573111,1
0.8820270268626367,0.6280320030710668,2.099349590500034,2.3646197667244064,1.459863158073043,1.6295414709068945,1.0991648035240769,1.0205436952733893,1.5030090301053793,1.2852862655119774,-0.7841717752726938,0.6112418489063601,-0.21177668807624367,1.4373308960006717,-0.24852217176170993,-0.8369585237954333,-0.785070812624011,0.5463606912240722,0.418876907598922,1.5317626089796774,1.3516555490619735,1.637127590618294,0.09760238585367165,0.533994339664503,-2.0522971575712465,1.6204601419982727,1
0.8820270268626367,0.6280320030710668,-0.28052826407840975,-0.38908555107204523,-0.24959530229448354,-0.6136695615629019,-0.9097816785925635,0.008121826591102499,1.5030090301053793,0.26622397609760795,0.258104810834729,-0.3791286519894637,-0.07808313030530399,0.01771686212565965,1.0237259364832973,-0.07248477522687252,0.00064712078975937,-1.2587369188426756,0.809450464634111,0.8778852889089013,0.6497844806493138,1.48488615113087,0.9170598566182732,0.8347301593051046,-0.36955207328490075,1.0838769488272066,1
-0.8130941863973514,0.2529841395625813,0.5248163504317366,0.2946969134510954,-0.36863413367214176,1.6295414709068945,-0.5505364259798081,1.0205436952733893,-0.6653319973266479,1.2852862655119774,0.9069628517789112,0.949461311227785,2.257588296960056,-0.13368756804887627,0.9318937891684486,0.6528874288941036,-0.3793497648483084,0.521679361182961,1.264180904781128,0.8836035213230304,1.3563915866317788,1.4693502757487986,-0.2288866726658264,-0.4768540370199169,0.23148645835654702,1.3016872172552991,1
-0.19188517565334062,0.6280320030710668,0.2626988785118972,0.7452836679000552,0.8540950699674441,-0.6136695615629019,-0.9097816785925635,0.2874545738142883,-0.6653319973266479,-0.77803678980547,-0.7841717752726938,-1.4485684983981708,-1.210053701501127,-0.24628513193490484,0.30594720989164914,0.4821886096611024,-0.7930384920400783,-0.49751310442651175,0.7202364345989729,1.0601899892861961,0.9212082802369985,1.5795044412776396,0.9686136879419088,1.4497975061856756,-2.0640360333348813,1.005263078304365,1
-0.8130941863973514,0.09147655567889856,0.1929592077433491,0.4202448394072766,0.45918141336242235,1.6295414709068945,-0.9097816785925635,1.0205436952733893,1.5030090301053793,1.2852862655119774,-0.7841717752726938,-0.4736278309954436,-0.06209357823443229,-1.0869732354305988,-0.210114802597125,0.6236005274928749,-0.4650056908902068,2.3306784479871006,0.9375893383156212,0.7336472752338798,2.6976178296404782,0.9508776655238236,-0.3455441727851635,-0.4359046514270786,-0.6998040139472027,2.365344411493282,1
-1.286134840571506,-0.8840073765251374,0.9103170891478765,1.06000830897129,0.1816644338393275,0.012321079076578867,-0.9097816785925635,1.0205436952733893,-0.6653319973266479,1.2852862655119774,1.2752307995939438,0.25047925921873837,0.03865105398901392,-0.6587465779645064,-0.6802832939775341,-0.2756832103823398,-0.7505727356775351,-0.8654880600817902,0.2598936485696533,0.4146610173562915,0.8007454429288485,1.0118419851535057,0.09796289545287676,0.4365012898395303,-1.49002389218564,1.003965174038282,1
-0.8130941863973514,-1.4692847479255242,1.0595359931482098,-0.3318807291982255,-2.405342439398183,0.07737580539175914,-0.2909040345226397,1.0205436952733893,0.8350281761886459,1.2852862655119774,-0.7841717752726938,-0.48747664684307157,0.30233906110640024,1.3074567359655063,1.7824257652187072,-0.39240827023141456,-0.38565587739126117,-0.33772233532426815,1.6991048148415224,1.2644266129519677,1.0791576522669173,1.1833908694661661,0.6936366661500137,0.7811546174675128,-1.2604769529314048,2.0086363886522625,1
0.10657726746322316,0.6280320030710668,0.1148012339181263,0.2142134691728211,0.11933361156264588,1.6295414709068945,-0.9097816785925635,1.0205436952733893,1.5030090301053793,1.2852862655119774,1.2752307995939438,0.14260337011952873,1.2145458285054134,-0.692702402961901,2.226273457214079,-1.3179393348722317,0.6727083876729003,-0.12272919461481097,1.8858705326833918,2.2079379209433596,1.1870481657425263,1.7082121570590156,0.026059909171636808,0.2219309329053425,-1.1479484571816494,1.2553224451460303,1
-1.6457138644026599,-1.4692847479255242,-1.0604903376452892,-0.7977667745517301,0.3073520563264629,-0.6136695615629019,0.11239857112408924,-0.9798698523458265,-0.6653319973266479,-0.77803678980547,0.22737777962381034,0.6494699458935385,-1.0282675344399521,0.004488234416613612,-1.030202521917166,0.18259547644836321,-0.5035595299093094,-0.4371781533421507,1.0309373165773048,1.0638378911914685,0.993542805271125,0.8872921574160177,0.4730159872644022,0.8072275406419521,-1.6477041051965307,1.2651309208077648,1
-0.8130941863973514,0.6280320030710668,1.3997955433934086,0.8263509660869913,-0.9622648333559803,1.6295414709068945,0.3685764961680623,0.2930585378652444,0.1232229069996631,1.2852862655119774,-0.7841717752726938,-0.9439015625076614,-0.5696294996730058,-0.7619991875954657,1.5702445049064315,0.09866108903363563,-0.08311293184273927,0.6378356615353171,1.6116299401182839,0.9728489288570661,1.47604990220062,1.299043016614813,0.19745082610992748,-0.3398901723587682,0.9485135170880197,1.5264451174131877,1
0.8820270268626367,-1.4692847479255242,0.9265969129084237,1.0736075593502528,0.5076975784905235,1.6295414709068945,1.0991648035240769,1.0205436952733893,1.5030090301053793,1.2852862655119774,-0.7841717752726938,0.13959725902503836,-0.30578383083809335,-0.6804771617932647,2.226273457214079,0.20088588128053483,1.0954204277691084,1.920547482992855,1.9765675055159835,0.9830048698101642,2.4217614100090734,0.6739826121821055,0.8310423493779531,0.6244625018102742,-0.4047658449885774,2.0865277362050563,1
-0.11787555992089005,-0.2321387384122391,-0.06840733261011678,-0.6549483128475616,-1.1980550909576564,-0.6136695615629019,-0.9097816785925635,1.0205436952733893,1.5030090301053793,-0.77803678980547,-0.7841717752726938,-0.4687962430647657,-0.47787732274671063,-0.198187586652813,-0.9138244412638727,-1.097587242592821,1.3224918924115776,-0.4941878110998154,0.862562873781648,0.6920455048504196,0.9074802784159464,0.643544262344773,0.03272714362287815,0.15009680446000317,-0.8301005548873643,1.0585246907182246,1
0.8462478631733196,0.6280320030710668,-0.015435842913143483,0.3402525623594418,0.6155737438043443,-0.5663217883814986,1.056761685408119,1.0205436952733893,1.5030090301053793,-0.77803678980547,1.2752307995939438,-0.7914636133074812,-0.6467200181554199,-1.0861981239113279,0.2599859917758085,-0.024937377079607526,-0.7877218651113258,0.5312085474916016,0.9740384432419236,1.5031912569107218,1.4175716508045295,0.5146857739247277,0.1864429603188571,-0.11130881480248911,0.34742034799497834,1.2061542607536726,1
-0.8130941863973514,0.6280320030710668,-1.1076995026485175,-0.8621583776920299,1.0437303505083753,-0.6136695615629019,-0.9097816785925635,1.0205436952733893,-0.6653319973266479,0.2262695163906253,-0.7841717752726938,-0.43309387912580755,0.26268005733611044,-0.06455133880231179,1.8192578092529912,0.5304516994212711,-0.19230086536659297,0.08387756303484165,0.9709138580314962,1.984302284094597,1.6348458612134114,1.450159392386828,0.6653679643479327,0.8296813116645153,-1.1664980512918333,1.2785440625826432,1
-0.9722681232864598,0.6280320030710668,0.5248163504317366,0.3734723660846873,-0.2115002658997685,1.6295414709068945,-0.9097816785925635,1.0205436952733893,-0.6653319973266479,1.2852862655119774,1.2752307995939438,0.950085909126495,2.34259260393104,-0.2133978449548408,0.8589636929012056,0.7801543925730902,-0.3070027366651586,0.3953117685349261,1.3384372874705526,0.8324372419618715,1.298358012912258,1.5253481356119432,-0.4336288596156234,-0.5976927962316676,0.04588381127516916,1.214328679132417,1
0.8820270268626367,0.6280320030710668,-0.19392688805745334,-0.5317452075923682,-0.6949973790128058,-0.6136695615629019,-0.9097816785925635,-0.11090147856931154,1.5030090301053793,1.2852862655119774,1.2752307995939438,0.30700515279134966,0.2181171971680164,-0.20110012823276013,0.4622521510649417,-0.011285712301455086,0.8302723271672918,-0.8907159016775155,0.6556881564101428,0.9048163611875935,0.7670909055760304,0.9651519756404305,-0.027502482986983434,0.06404222138968108,-0.7631125755899593,1.106360797292592,1
0.2886016916751132,0.6280320030710668,0.8992039526022337,-0.018060411821997024,-1.6840775553528577,1.6295414709068945,1.0991648035240769,1.0205436952733893,-0.6653319973266479,1.2852862655119774,-0.7841717752726938,-0.715106896769631,-0.868946331356611,-0.29693344588268533,0.5102516412575364,-0.8844145447205274,-0.7930384920400783,0.08387756303484165,0.9608658214867936,1.0933025814184432,1.267579612049687,1.0464686395097955,0.333181002338637,0.20513714851920475,-0.18434933549264254,1.2122855017469905,1
0.8820270268626367,0.6280320030710668,-0.3066117318569834,-0.7408672090870243,-0.8610045072147408,-0.6136695615629019,-0.19681332622884384,1.0205436952733893,0.7334720894985619,1.2852862655119774,0.5443557495481759,0.8640099293109209,0.533019847204026,-0.5567683166437937,-0.42436219013991705,-0.43937184185573047,1.4455473194132855,0.42780744889489775,0.8318028629453758,0.9746315036813665,1.3637205094768567,0.8423643038422033,-0.3105765978442924,-0.1874989463533534,-0.9188726134106794,1.3463849634494278,1
-0.8130941863973514,0.6280320030710668,-0.008207167181015329,0.15313266963762293,0.3282598781691372,1.6295414709068945,-0.9097816785925635,1.0205436952733893,0.7851234854772401,-0.09492016904743994,1.2752307995939438,0.6899803051162982,1.413018737520539,-0.9049361424307701,0.16219060462116663,0.4695746461038741,-0.4577569896550012,0.2603871227008567,1.1924999513036292,0.977249419088379,1.3043371705323217,1.456788628877438,-0.49265700887916825,-0.8644679022079971,0.6766081968332722,1.2305207793714177,1
0.6517745849672628,0.6280320030710668,-0.5446229350012067,-0.5317452075923682,-0.03529022114318089,1.6295414709068945,-0.9097816785925635,0.7488226522371186,1.5030090301053793,-0.77803678980547,-0.5044381090313657,0.7371160408590884,1.5185414346298716,0.2761796313808585,0.24514481623032158,0.08252954869885566,-0.12910502886416908,0.24940349388320415,1.7306568152812158,0.71102271087163,1.190555891425537,1.374503273808971,0.3291941350783072,0.2203510803673141,-0.2014268961079213,1.104461937994389,1
0.8820270268626367,0.6280320030710668,1.8747348341423073,2.1183252881003454,1.1837537710139592,1.6295414709068945,1.0991648035240769,1.0205436952733893,1.5030090301053793,1.2852862655119774,-0.7841717752726938,0.31369499406213586,-0.3664232350441529,1.1197500781456007,-0.33733481622746264,-0.5292288916604682,-0.6915720727379895,0.6109801788743654,0.6055525780508155,1.2779242991064623,1.3767574757923564,1.489989602150336,0.136823790445751,0.45747635861522346,-1.6912536355292,1.5881976993334286,1
0.8820270268626367,0.6280320030710668,0.7926074874098064,1.0802533480812744,0.5065714163466736,1.6295414709068945,1.0991648035240769,0.021950495270105064,1.5030090301053793,1.2852862655119774,-0.7841717752726938,-0.7933048579306973,-0.8756914301372448,-0.07006806695571273,-0.6936904346801046,0.5572660019858792,-0.5722812954824317,0.1611461240907709,1.3741887439576264,0.7432166080831787,1.141920965113553,1.2332547913874414,-0.3983569031548633,-0.37621456973258016,-0.6160492240206569,1.4025263419124532,1
0.8820270268626367,0.6280320030710668,1.2883937548312256,1.721417300541086,0.6459428403119968,1.6295414709068945,1.0991648035240769,1.0205436952733893,1.5030090301053793,0.4021926621612316,-0.7841717752726938,-1.039278685460683,-0.9234395247065051,0.04159920678933786,-0.691963144773524,0.17708325631489946,-0.40613863455207233,0.519531644722842,0.8195401055150267,0.6192178057048916,1.2792301371707002,0.9266623335436739,1.097489077992753,0.7508913288797666,0.20556583025463437,1.5551059664210083,1
